ISO-10303-21;
HEADER;
FILE_DESCRIPTION (( 'STEP AP203' ),
    '1' );
FILE_NAME ('CastRod_Default_sldprt.STEP',
    '2026-04-26T22:30:20',
    ( '' ),
    ( '' ),
    'SwSTEP 2.0',
    'SolidWorks 2024',
    '' );
FILE_SCHEMA (( 'CONFIG_CONTROL_DESIGN' ));
ENDSEC;

DATA;
#1 = CARTESIAN_POINT ( 'NONE',  ( -2.500000000000000000, 72.25000000273118417, 0.000000000000000000 ) ) ;
#2 = CIRCLE ( 'NONE', #9582, 8.099999999999999645 ) ;
#3 = CARTESIAN_POINT ( 'NONE',  ( 1.767766952966368654, 70.62500000000001421, -1.767766952966369098 ) ) ;
#4 = DIRECTION ( 'NONE',  ( 1.665334536937734318E-16, -4.229157726022816087E-17, -1.000000000000000000 ) ) ;
#5 = DIRECTION ( 'NONE',  ( 0.000000000000000000, 0.000000000000000000, -1.000000000000000000 ) ) ;
#6 = FACE_OUTER_BOUND ( 'NONE', #7375, .T. ) ;
#7 = ADVANCED_FACE ( 'NONE', ( #6304 ), #9449, .T. ) ;
#8 = CARTESIAN_POINT ( 'NONE',  ( 1.035533905932737531, 73.93750000273119838, -2.500000000000000444 ) ) ;
#9 = CARTESIAN_POINT ( 'NONE',  ( 5.586714778762236360E-16, 68.81250000136560629, 3.041265875000000118 ) ) ;
#10 = EDGE_CURVE ( 'NONE', #4912, #852, #1820, .T. ) ;
#11 = AXIS2_PLACEMENT_3D ( 'NONE', #9670, #5041, #7382 ) ;
#12 = EDGE_CURVE ( 'NONE', #9363, #486, #631, .T. ) ;
#13 = CARTESIAN_POINT ( 'NONE',  ( -1.259733572207478502, 72.87500000136559208, 3.041265874999999230 ) ) ;
#14 = ORIENTED_EDGE ( 'NONE', *, *, #4682, .T. ) ;
#15 = EDGE_CURVE ( 'NONE', #898, #8688, #4358, .T. ) ;
#16 = CARTESIAN_POINT ( 'NONE',  ( -3.041265874999999674, 70.50000000136559208, -1.259733572207478058 ) ) ;
#17 = DIRECTION ( 'NONE',  ( -3.885780586188047891E-16, 1.065500303100115213E-16, 1.000000000000000000 ) ) ;
#18 = CARTESIAN_POINT ( 'NONE',  ( -2.150499723603739088, 78.43750000136559208, -2.150499723603739088 ) ) ;
#19 = VECTOR ( 'NONE', #9246, 1000.000000000000000 ) ;
#20 = CARTESIAN_POINT ( 'NONE',  ( 7.680516632764931018, 100.8677202171599419, 20.30000000000000071 ) ) ;
#21 = DIRECTION ( 'NONE',  ( -1.665334536937734071E-16, 4.229157726022815470E-17, 1.000000000000000000 ) ) ;
#22 = CARTESIAN_POINT ( 'NONE',  ( 1.035533905932737531, 69.68750000000000000, -2.500000000000000444 ) ) ;
#23 = ORIENTED_EDGE ( 'NONE', *, *, #4741, .F. ) ;
#24 = CIRCLE ( 'NONE', #2620, 6.000000000000000000 ) ;
#25 = FACE_BOUND ( 'NONE', #6433, .T. ) ;
#26 = CARTESIAN_POINT ( 'NONE',  ( -3.041265874999999230, 68.75000000136559208, 1.259733572207480057 ) ) ;
#27 = CARTESIAN_POINT ( 'NONE',  ( -4.860505996191813338, 92.81340116950470076, -20.30000000000000071 ) ) ;
#28 = AXIS2_PLACEMENT_3D ( 'NONE', #6160, #598, #1472 ) ;
#29 = DIRECTION ( 'NONE',  ( -1.000000000000000000, 0.000000000000000000, 0.000000000000000000 ) ) ;
#30 = CARTESIAN_POINT ( 'NONE',  ( -1.767766952966369098, 65.87500000000000000, -1.767766952966369098 ) ) ;
#31 = ORIENTED_EDGE ( 'NONE', *, *, #4311, .T. ) ;
#32 = PLANE ( 'NONE',  #9098 ) ;
#33 = AXIS2_PLACEMENT_3D ( 'NONE', #3836, #3993, #7715 ) ;
#34 = DIRECTION ( 'NONE',  ( -0.9999870432906645679, 0.005090505946797965926, -2.775557561562889379E-16 ) ) ;
#35 = CARTESIAN_POINT ( 'NONE',  ( -1.035533905932727761, 65.43750000273116996, 2.500000000000010658 ) ) ;
#36 = VERTEX_POINT ( 'NONE', #6500 ) ;
#37 = EDGE_LOOP ( 'NONE', ( #8700, #4130, #803, #6965 ) ) ;
#38 = AXIS2_PLACEMENT_3D ( 'NONE', #3137, #1571, #2479 ) ;
#39 = ORIENTED_EDGE ( 'NONE', *, *, #6237, .F. ) ;
#40 = CARTESIAN_POINT ( 'NONE',  ( 3.041265874999999674, 79.25000000136559208, -1.259733572207478280 ) ) ;
#41 = CARTESIAN_POINT ( 'NONE',  ( 1.154700538379253238, 82.51000000000003354, -2.888586803450264932E-12 ) ) ;
#42 = CARTESIAN_POINT ( 'NONE',  ( 1.035533905932739085, 67.56250000273119838, 2.500000000000000000 ) ) ;
#43 = EDGE_CURVE ( 'NONE', #9549, #1731, #291, .T. ) ;
#44 = EDGE_LOOP ( 'NONE', ( #5375, #1931, #1885, #8625, #4052, #2929, #150, #5435, #1855, #4143, #343, #9177, #3470, #2673, #6408, #2789, #4732, #9513, #2888, #4515, #6736, #8960, #1250, #7883, #5323, #9753, #5500, #3848, #3100, #6519, #725, #4116, #5594, #7816, #2329 ) ) ;
#45 = DIRECTION ( 'NONE',  ( -0.9606447433647389289, -0.2777799075629749925, 0.000000000000000000 ) ) ;
#46 = CARTESIAN_POINT ( 'NONE',  ( 3.041265875000000118, 68.06250000136560629, -3.724476519174824240E-16 ) ) ;
#47 = CARTESIAN_POINT ( 'NONE',  ( 11.00000000000001421, 93.12500000000001421, -19.50000000000000355 ) ) ;
#48 = ORIENTED_EDGE ( 'NONE', *, *, #4486, .T. ) ;
#49 = ORIENTED_EDGE ( 'NONE', *, *, #4795, .T. ) ;
#50 = CARTESIAN_POINT ( 'NONE',  ( 11.00000000000001421, 99.00000000000001421, -15.50000000000000355 ) ) ;
#51 = CARTESIAN_POINT ( 'NONE',  ( 3.298640511124217856, 106.8320422976084387, 20.29999999999999716 ) ) ;
#52 = DIRECTION ( 'NONE',  ( 3.885780586188047891E-16, -1.065500303100115213E-16, -1.000000000000000000 ) ) ;
#53 = CARTESIAN_POINT ( 'NONE',  ( -1.035533905932700893, 72.81250000000000000, -2.500000000000037303 ) ) ;
#54 = CARTESIAN_POINT ( 'NONE',  ( -2.500000000000000444, 74.18750000273119838, -1.035533905932737753 ) ) ;
#55 = CARTESIAN_POINT ( 'NONE',  ( 0.000000000000000000, 70.00000000000000000, 0.000000000000000000 ) ) ;
#56 = CIRCLE ( 'NONE', #9163, 11.00000000000000000 ) ;
#57 = CARTESIAN_POINT ( 'NONE',  ( -1.259733572207478058, 69.50000000136560629, -3.041265874999999674 ) ) ;
#58 = ORIENTED_EDGE ( 'NONE', *, *, #4671, .F. ) ;
#59 = CARTESIAN_POINT ( 'NONE',  ( 1.561251128379126385E-14, 99.00000000000001421, 1.652935509845160818E-15 ) ) ;
#60 = CARTESIAN_POINT ( 'NONE',  ( -1.259733572207478502, 69.75000000136559208, 3.041265874999999230 ) ) ;
#61 = AXIS2_PLACEMENT_3D ( 'NONE', #4893, #8149, #1839 ) ;
#62 = DIRECTION ( 'NONE',  ( -0.000000000000000000, -1.000000000000000000, -0.000000000000000000 ) ) ;
#63 = CARTESIAN_POINT ( 'NONE',  ( 1.035533905932749743, 64.56250000273118417, 2.499999999999989342 ) ) ;
#64 = CARTESIAN_POINT ( 'NONE',  ( 3.041265875000000563, 76.12500000136560629, -1.259733572207478502 ) ) ;
#65 = DIRECTION ( 'NONE',  ( 0.000000000000000000, 1.000000000000000000, 0.000000000000000000 ) ) ;
#66 = EDGE_CURVE ( 'NONE', #5243, #1837, #5177, .T. ) ;
#67 = CARTESIAN_POINT ( 'NONE',  ( 1.078290342038119526E-14, 99.00000000000001421, 20.00000000000001066 ) ) ;
#68 = CARTESIAN_POINT ( 'NONE',  ( -1.530808498934191571E-16, 68.75000000000000000, -2.500000000000000000 ) ) ;
#69 = ORIENTED_EDGE ( 'NONE', *, *, #867, .T. ) ;
#70 = EDGE_CURVE ( 'NONE', #3545, #7123, #8369, .T. ) ;
#71 = FACE_OUTER_BOUND ( 'NONE', #7990, .T. ) ;
#72 = EDGE_CURVE ( 'NONE', #9136, #9265, #7930, .T. ) ;
#73 = VECTOR ( 'NONE', #9345, 1000.000000000000000 ) ;
#74 = CARTESIAN_POINT ( 'NONE',  ( 1.259733572207478058, 70.37500000136560629, -3.041265874999999674 ) ) ;
#75 = CARTESIAN_POINT ( 'NONE',  ( 0.5773502691871282844, 82.51000000000003354, -1.000000000001444178 ) ) ;
#76 = CARTESIAN_POINT ( 'NONE',  ( 4.592425496802573972E-16, 64.50000000273119838, 2.500000000000000000 ) ) ;
#77 = LINE ( 'NONE', #4711, #5603 ) ;
#78 = DIRECTION ( 'NONE',  ( 0.9999870432906646789, -0.005090505946797769903, 3.575146948697720887E-16 ) ) ;
#79 = APPROVAL ( #8894, 'UNSPECIFIED' ) ;
#80 = CARTESIAN_POINT ( 'NONE',  ( -2.500000000000000444, 73.93750000000000000, -1.035533905932737753 ) ) ;
#81 = DIRECTION ( 'NONE',  ( 0.8459046556830273067, 0.5333341480664622880, 2.299617144241235326E-16 ) ) ;
#82 = VERTEX_POINT ( 'NONE', #5030 ) ;
#83 = ORIENTED_EDGE ( 'NONE', *, *, #8883, .T. ) ;
#84 = ORIENTED_EDGE ( 'NONE', *, *, #3358, .F. ) ;
#85 = CARTESIAN_POINT ( 'NONE',  ( -3.968626966596887851, 76.25000000000000000, -4.500000000000000000 ) ) ;
#86 = LINE ( 'NONE', #4722, #8172 ) ;
#87 = CARTESIAN_POINT ( 'NONE',  ( -1.530808498934191571E-16, 70.00000000273119838, -2.500000000000000000 ) ) ;
#88 = ORIENTED_EDGE ( 'NONE', *, *, #392, .T. ) ;
#89 = CYLINDRICAL_SURFACE ( 'NONE', #8907, 5.999999999999999112 ) ;
#90 = DIRECTION ( 'NONE',  ( -3.885780586188047891E-16, 1.000000000000000000, 2.603240987229339518E-29 ) ) ;
#91 = VECTOR ( 'NONE', #5509, 1000.000000000000000 ) ;
#92 = CARTESIAN_POINT ( 'NONE',  ( 1.259733572207478058, 67.25000000136559208, -3.041265874999999674 ) ) ;
#93 = DIRECTION ( 'NONE',  ( 0.9634848649536335019, 0.2677627961559984060, 0.000000000000000000 ) ) ;
#94 = ORIENTED_EDGE ( 'NONE', *, *, #321, .F. ) ;
#95 = ORIENTED_EDGE ( 'NONE', *, *, #3800, .F. ) ;
#96 = AXIS2_PLACEMENT_3D ( 'NONE', #8237, #9148, #8952 ) ;
#97 = CARTESIAN_POINT ( 'NONE',  ( 3.181149452793928046E-14, 99.00000000000000000, -20.30000000000000071 ) ) ;
#98 = PLANE ( 'NONE',  #8319 ) ;
#99 = CARTESIAN_POINT ( 'NONE',  ( 10.50000000000001421, 76.25000000000001421, -16.99999999999998934 ) ) ;
#100 = DIRECTION ( 'NONE',  ( -0.9256659661250534743, -0.3783418020226833045, -2.775557561562889872E-16 ) ) ;
#101 = CARTESIAN_POINT ( 'NONE',  ( 1.767766952966369320, 74.62500000273118417, 1.767766952966368654 ) ) ;
#102 = PLANE ( 'NONE',  #1851 ) ;
#103 = VECTOR ( 'NONE', #9245, 1000.000000000000000 ) ;
#104 = CARTESIAN_POINT ( 'NONE',  ( 1.259733572207479835, 70.00000000136557787, 3.041265874999999230 ) ) ;
#105 = EDGE_LOOP ( 'NONE', ( #8340, #9121, #8162, #1771 ) ) ;
#106 = ADVANCED_FACE ( 'NONE', ( #9705 ), #6551, .F. ) ;
#107 = CARTESIAN_POINT ( 'NONE',  ( 4.525188618851156039E-08, 70.00000000000001421, -2.499999999999999556 ) ) ;
#108 = CARTESIAN_POINT ( 'NONE',  ( 3.041265875000000118, 66.06250000136559208, -3.724476519174824240E-16 ) ) ;
#109 = DIRECTION ( 'NONE',  ( 0.9256659661250522531, 0.3783418020226862466, 0.000000000000000000 ) ) ;
#110 = CIRCLE ( 'NONE', #7269, 4.799999999999998046 ) ;
#111 = LINE ( 'NONE', #4083, #5976 ) ;
#112 = AXIS2_PLACEMENT_3D ( 'NONE', #8067, #7255, #276 ) ;
#113 = CARTESIAN_POINT ( 'NONE',  ( 3.041265875000000563, 74.12500000136559208, -1.259733572207478502 ) ) ;
#114 = AXIS2_PLACEMENT_3D ( 'NONE', #3880, #1401, #6795 ) ;
#115 = EDGE_CURVE ( 'NONE', #3246, #6739, #7288, .T. ) ;
#116 = CARTESIAN_POINT ( 'NONE',  ( -1.259733572207478502, 78.75000000136559208, 3.041265874999999230 ) ) ;
#117 = DIRECTION ( 'NONE',  ( 1.000000000000000000, 0.000000000000000000, 0.000000000000000000 ) ) ;
#118 = CARTESIAN_POINT ( 'NONE',  ( -1.530808498934191571E-16, 67.75000000000000000, -2.500000000000000000 ) ) ;
#119 = VERTEX_POINT ( 'NONE', #4155 ) ;
#120 = AXIS2_PLACEMENT_3D ( 'NONE', #8449, #1476, #9107 ) ;
#121 = LINE ( 'NONE', #6242, #7890 ) ;
#122 = CIRCLE ( 'NONE', #6310, 1.205999999999999739 ) ;
#123 = CARTESIAN_POINT ( 'NONE',  ( 1.259733572207478058, 68.37500000136560629, -3.041265874999999674 ) ) ;
#124 = FACE_OUTER_BOUND ( 'NONE', #9975, .T. ) ;
#125 = DIRECTION ( 'NONE',  ( -1.000000000000000000, 0.000000000000000000, 0.000000000000000000 ) ) ;
#126 = CARTESIAN_POINT ( 'NONE',  ( 2.500000000000000000, 68.75000000273119838, -3.061616997868383141E-16 ) ) ;
#127 = LINE ( 'NONE', #3177, #8779 ) ;
#128 = EDGE_CURVE ( 'NONE', #2980, #4873, #5837, .T. ) ;
#129 = CARTESIAN_POINT ( 'NONE',  ( 0.000000000000000000, 70.00000000000000000, 0.000000000000000000 ) ) ;
#130 = AXIS2_PLACEMENT_3D ( 'NONE', #8438, #643, #6807 ) ;
#131 = AXIS2_PLACEMENT_3D ( 'NONE', #8277, #9602, #1918 ) ;
#132 =( BOUNDED_CURVE ( )  B_SPLINE_CURVE ( 2, ( #6324, #7997, #8707, #4788, #5599, #206, #7080, #2593, #1024 ),
 .UNSPECIFIED., .F., .T. ) 
 B_SPLINE_CURVE_WITH_KNOTS ( ( 3, 2, 2, 2, 3 ),
 ( 0.8499999999999997558, 0.8583333333333330595, 0.8666666666666664742, 0.8749999999999998890, 0.8833333333333331927 ),
 .UNSPECIFIED. ) 
 CURVE ( )  GEOMETRIC_REPRESENTATION_ITEM ( )  RATIONAL_B_SPLINE_CURVE ( ( 1.000000000000001998, 0.9238795325112847401, 1.000000000000000000, 0.9238795325112867385, 1.000000000000000000, 0.9238795325112867385, 1.000000000000000000, 0.9238795325112877377, 0.9999999999999990008 ) ) 
 REPRESENTATION_ITEM ( '' )  );
#133 = EDGE_CURVE ( 'NONE', #7568, #7466, #7414, .T. ) ;
#134 = CARTESIAN_POINT ( 'NONE',  ( 2.500000000000000000, 76.50000000000000000, -3.061616997868383141E-16 ) ) ;
#135 = ORIENTED_EDGE ( 'NONE', *, *, #6550, .F. ) ;
#136 = ORIENTED_EDGE ( 'NONE', *, *, #6644, .T. ) ;
#137 = CARTESIAN_POINT ( 'NONE',  ( -2.500000000000000000, 72.00000000000001421, 0.000000000000000000 ) ) ;
#138 = EDGE_CURVE ( 'NONE', #5137, #5007, #3385, .T. ) ;
#139 = CARTESIAN_POINT ( 'NONE',  ( -1.259733572207478058, 79.50000000136560629, -3.041265874999999674 ) ) ;
#140 = CLOSED_SHELL ( 'NONE', ( #7355, #4896, #8660, #2741, #7096, #6026, #7524, #7791, #625, #166, #4340, #8351, #4300, #7949, #1767, #511, #8593, #7796, #1075, #3182, #3555, #699, #9885, #5530, #5364, #976, #9963 ) ) ;
#141 = FACE_OUTER_BOUND ( 'NONE', #555, .T. ) ;
#142 = CARTESIAN_POINT ( 'NONE',  ( -4.755941486852636402, 99.64886098174707740, 21.39999999999999503 ) ) ;
#143 = VERTEX_POINT ( 'NONE', #1157 ) ;
#144 = LINE ( 'NONE', #6455, #2732 ) ;
#145 = DIRECTION ( 'NONE',  ( -1.000000000000000000, 0.000000000000000000, 0.000000000000000000 ) ) ;
#146 = CARTESIAN_POINT ( 'NONE',  ( -2.150499723603739088, 68.43750000136560629, -2.150499723603739088 ) ) ;
#147 = DIRECTION ( 'NONE',  ( 3.654459117618455932E-16, -1.199456548643360156E-16, -1.000000000000000000 ) ) ;
#148 = ORIENTED_EDGE ( 'NONE', *, *, #1006, .F. ) ;
#149 = VERTEX_POINT ( 'NONE', #4210 ) ;
#150 = ORIENTED_EDGE ( 'NONE', *, *, #9785, .F. ) ;
#151 = LINE ( 'NONE', #1583, #2768 ) ;
#152 = CARTESIAN_POINT ( 'NONE',  ( -6.819974481572343095, 102.9225593302338666, 20.29999999999999361 ) ) ;
#153 = DIRECTION ( 'NONE',  ( -3.885780586188047891E-16, 1.000000000000000000, 2.603240987229339518E-29 ) ) ;
#154 = FACE_OUTER_BOUND ( 'NONE', #3181, .T. ) ;
#155 = CARTESIAN_POINT ( 'NONE',  ( 1.035533905932737531, 72.93750000273118417, -2.500000000000000444 ) ) ;
#156 = CARTESIAN_POINT ( 'NONE',  ( -3.041265874999999230, 64.62500000136559208, 1.259733572207480057 ) ) ;
#157 = B_SPLINE_CURVE_WITH_KNOTS ( 'NONE', 3,
 ( #6682, #8156, #2703, #2855 ),
 .UNSPECIFIED., .F., .F.,
 ( 4, 4 ),
 ( 0.000000000000000000, 0.0007308272957724998905 ),
 .UNSPECIFIED. ) ;
#158 = CARTESIAN_POINT ( 'NONE',  ( -3.041265874999999674, 68.62500000136560629, -1.259733572207478058 ) ) ;
#159 = AXIS2_PLACEMENT_3D ( 'NONE', #4968, #3478, #2770 ) ;
#160 = ORIENTED_EDGE ( 'NONE', *, *, #3797, .T. ) ;
#161 = FACE_OUTER_BOUND ( 'NONE', #2206, .T. ) ;
#162 = CARTESIAN_POINT ( 'NONE',  ( -3.041265874999999674, 66.50000000136559208, -1.259733572207478058 ) ) ;
#163 = DIRECTION ( 'NONE',  ( 0.9999870432906646789, -0.005090505946797769903, 3.575146948697720887E-16 ) ) ;
#164 = DIRECTION ( 'NONE',  ( -2.771172519036345232E-16, 8.684692346097759303E-17, 1.000000000000000000 ) ) ;
#165 = CARTESIAN_POINT ( 'NONE',  ( 5.586714778762236360E-16, 73.81250000136559208, 3.041265875000000118 ) ) ;
#166 = ADVANCED_FACE ( 'NONE', ( #5783, #5734 ), #8892, .F. ) ;
#167 = CARTESIAN_POINT ( 'NONE',  ( -1.259733572207478058, 75.37500000136562051, -3.041265874999999674 ) ) ;
#168 = DIRECTION ( 'NONE',  ( -0.9999870432906645679, 0.005090505946798831553, -2.775557561562890365E-16 ) ) ;
#169 = CARTESIAN_POINT ( 'NONE',  ( 1.035533905932737531, 65.68750000000000000, -2.500000000000000444 ) ) ;
#170 = CARTESIAN_POINT ( 'NONE',  ( -2.150499723603739088, 72.56250000136559208, -2.150499723603739088 ) ) ;
#171 = ORIENTED_EDGE ( 'NONE', *, *, #5239, .T. ) ;
#172 = CARTESIAN_POINT ( 'NONE',  ( 3.985202476878567978E-14, 99.00000000000001421, -67.99999999999998579 ) ) ;
#173 = CARTESIAN_POINT ( 'NONE',  ( 2.150499723603738644, 78.18750000136559208, -2.150499723603739088 ) ) ;
#174 = DIRECTION ( 'NONE',  ( -0.4888958147463141057, -0.8723421819008512212, 0.000000000000000000 ) ) ;
#175 = VECTOR ( 'NONE', #5333, 1000.000000000000227 ) ;
#176 = DIRECTION ( 'NONE',  ( -0.4888958147463141057, -0.8723421819008512212, 0.000000000000000000 ) ) ;
#177 = FACE_OUTER_BOUND ( 'NONE', #1239, .T. ) ;
#178 = PLANE ( 'NONE',  #3934 ) ;
#179 = VECTOR ( 'NONE', #2217, 1000.000000000000000 ) ;
#180 = CARTESIAN_POINT ( 'NONE',  ( 2.500000000000000000, 78.50000000000000000, -3.061616997868383141E-16 ) ) ;
#181 = ORIENTED_EDGE ( 'NONE', *, *, #9596, .T. ) ;
#182 = ORIENTED_EDGE ( 'NONE', *, *, #6037, .F. ) ;
#183 = ORIENTED_EDGE ( 'NONE', *, *, #7206, .F. ) ;
#184 = ADVANCED_FACE ( 'NONE', ( #7369 ), #393, .T. ) ;
#185 = CARTESIAN_POINT ( 'NONE',  ( 2.150499723603738644, 77.31250000136559208, -2.150499723603739088 ) ) ;
#186 = CARTESIAN_POINT ( 'NONE',  ( 4.592425496802573972E-16, 66.25000000000000000, 2.500000000000000000 ) ) ;
#187 = CIRCLE ( 'NONE', #2785, 1.206000000000001293 ) ;
#188 = LINE ( 'NONE', #41, #689 ) ;
#189 = CARTESIAN_POINT ( 'NONE',  ( 2.500000000000000444, 66.81250000273118417, -1.035533905932737975 ) ) ;
#190 = EDGE_LOOP ( 'NONE', ( #962, #8927, #6610, #8353 ) ) ;
#191 = CARTESIAN_POINT ( 'NONE',  ( 7.822119609827797859, 100.1371716516490125, -20.29999999999999716 ) ) ;
#192 = LINE ( 'NONE', #7933, #1203 ) ;
#193 = CARTESIAN_POINT ( 'NONE',  ( -2.150499723603738200, 66.68750000136559208, 2.150499723603739533 ) ) ;
#194 = AXIS2_PLACEMENT_3D ( 'NONE', #7383, #2744, #5999 ) ;
#195 = DIRECTION ( 'NONE',  ( -2.771172519036345232E-16, 8.684692346097759303E-17, 1.000000000000000000 ) ) ;
#196 = ADVANCED_FACE ( 'NONE', ( #6652 ), #9755, .T. ) ;
#197 = VERTEX_POINT ( 'NONE', #5128 ) ;
#198 = ORIENTED_EDGE ( 'NONE', *, *, #3468, .F. ) ;
#199 = ORIENTED_EDGE ( 'NONE', *, *, #2303, .F. ) ;
#200 = ADVANCED_FACE ( 'NONE', ( #8228, #6034 ), #2264, .F. ) ;
#201 = DIRECTION ( 'NONE',  ( 0.000000000000000000, -8.773937619163356039E-17, -1.000000000000000000 ) ) ;
#202 = AXIS2_PLACEMENT_3D ( 'NONE', #9493, #6445, #279 ) ;
#203 = DIRECTION ( 'NONE',  ( -1.000000000000000000, 0.000000000000000000, 0.000000000000000000 ) ) ;
#204 = ADVANCED_FACE ( 'NONE', ( #6089, #1406 ), #9291, .F. ) ;
#205 = LINE ( 'NONE', #6418, #7351 ) ;
#206 = CARTESIAN_POINT ( 'NONE',  ( -2.500000000000000444, 66.93750000000000000, -1.035533905932737753 ) ) ;
#207 = DIRECTION ( 'NONE',  ( 3.885780586188047891E-16, -1.065500303100115213E-16, -1.000000000000000000 ) ) ;
#208 = CARTESIAN_POINT ( 'NONE',  ( -3.041265874999999674, 69.62500000136560629, -1.259733572207478058 ) ) ;
#209 = VERTEX_POINT ( 'NONE', #5325 ) ;
#210 = CARTESIAN_POINT ( 'NONE',  ( -2.500000000000000000, 64.62500000136559208, 0.000000000000000000 ) ) ;
#211 = CARTESIAN_POINT ( 'NONE',  ( 2.150499723603739533, 67.93750000136560629, 2.150499723603738644 ) ) ;
#212 = CARTESIAN_POINT ( 'NONE',  ( -2.500000000000000444, 76.18750000273121259, -1.035533905932737753 ) ) ;
#213 = CARTESIAN_POINT ( 'NONE',  ( 1.767766952966369320, 73.37500000000000000, 1.767766952966368654 ) ) ;
#214 = CARTESIAN_POINT ( 'NONE',  ( 1.259733572207478058, 74.25000000136559208, -3.041265875000000563 ) ) ;
#215 = ORIENTED_EDGE ( 'NONE', *, *, #755, .T. ) ;
#216 = CARTESIAN_POINT ( 'NONE',  ( -3.041265874999999674, 76.50000000136560629, -1.259733572207478058 ) ) ;
#217 = CIRCLE ( 'NONE', #8517, 8.099999999999999645 ) ;
#218 = CARTESIAN_POINT ( 'NONE',  ( 1.561251128379126385E-14, 99.00000000000001421, -19.50000000000000355 ) ) ;
#219 = CARTESIAN_POINT ( 'NONE',  ( 2.500000000000000444, 66.56249999999998579, -1.035533905932737975 ) ) ;
#220 = CARTESIAN_POINT ( 'NONE',  ( 1.259733572207478058, 70.37500000136559208, -3.041265875000000563 ) ) ;
#221 = ORIENTED_EDGE ( 'NONE', *, *, #1390, .T. ) ;
#222 = AXIS2_PLACEMENT_3D ( 'NONE', #2932, #9906, #8186 ) ;
#223 = FACE_OUTER_BOUND ( 'NONE', #3180, .T. ) ;
#224 = EDGE_CURVE ( 'NONE', #486, #9149, #9998, .T. ) ;
#225 = CARTESIAN_POINT ( 'NONE',  ( 1.259733572207478058, 66.37500000136559208, -3.041265874999999674 ) ) ;
#226 = LINE ( 'NONE', #944, #9299 ) ;
#227 = DIRECTION ( 'NONE',  ( -3.654459117618455439E-16, 1.199456548643360156E-16, 1.000000000000000000 ) ) ;
#228 = FACE_OUTER_BOUND ( 'NONE', #3311, .T. ) ;
#229 = DIRECTION ( 'NONE',  ( 5.551115123125783935E-17, -6.662983475941639612E-17, -1.000000000000000000 ) ) ;
#230 = CARTESIAN_POINT ( 'NONE',  ( -1.530808498934191571E-16, 78.75000000000000000, -2.500000000000000000 ) ) ;
#231 = EDGE_LOOP ( 'NONE', ( #7401, #4341, #9896, #2850, #1188, #7552, #2350, #8390, #9446, #476, #5234, #1772 ) ) ;
#232 = ORIENTED_EDGE ( 'NONE', *, *, #7829, .T. ) ;
#233 = ORIENTED_EDGE ( 'NONE', *, *, #4186, .T. ) ;
#234 = EDGE_CURVE ( 'NONE', #8002, #2941, #3074, .T. ) ;
#235 = CARTESIAN_POINT ( 'NONE',  ( 3.041265875000001007, 75.12500000136560629, 1.259733572207477836 ) ) ;
#236 = DATE_AND_TIME ( #4158, #7328 ) ;
#237 = FACE_OUTER_BOUND ( 'NONE', #3500, .T. ) ;
#238 = DIRECTION ( 'NONE',  ( 0.5333341480664622880, -0.8459046556830273067, 2.942022057577980038E-16 ) ) ;
#239 = ORIENTED_EDGE ( 'NONE', *, *, #8222, .F. ) ;
#240 = AXIS2_PLACEMENT_3D ( 'NONE', #7707, #2258, #2307 ) ;
#241 = CARTESIAN_POINT ( 'NONE',  ( -6.580416492048424715, 97.09720763319364778, -16.00000000000000355 ) ) ;
#242 = CARTESIAN_POINT ( 'NONE',  ( 0.5773502691921315044, 82.51000000000003354, 0.9999999999985562660 ) ) ;
#243 = CARTESIAN_POINT ( 'NONE',  ( -1.862238259587412120E-16, 65.31250000136559208, -3.041265875000000118 ) ) ;
#244 = EDGE_CURVE ( 'NONE', #1743, #7689, #4556, .T. ) ;
#245 = FACE_OUTER_BOUND ( 'NONE', #9101, .T. ) ;
#246 = EDGE_LOOP ( 'NONE', ( #8239, #6077 ) ) ;
#247 = ORIENTED_EDGE ( 'NONE', *, *, #303, .F. ) ;
#248 = ORIENTED_EDGE ( 'NONE', *, *, #2492, .F. ) ;
#249 = DIRECTION ( 'NONE',  ( 1.000000000000000000, 0.000000000000000000, 0.000000000000000000 ) ) ;
#250 = DIRECTION ( 'NONE',  ( 0.000000000000000000, -1.000000000000000000, 0.000000000000000000 ) ) ;
#251 = DIRECTION ( 'NONE',  ( 0.9256659661250533633, 0.3783418020226835266, 3.575146948697719901E-16 ) ) ;
#252 = DIRECTION ( 'NONE',  ( 3.885780586188047891E-16, -1.065500303100115213E-16, -1.000000000000000000 ) ) ;
#253 = DIRECTION ( 'NONE',  ( 3.654459117618455932E-16, -1.199456548643360156E-16, -1.000000000000000000 ) ) ;
#254 = CARTESIAN_POINT ( 'NONE',  ( -10.99999999999998401, 80.50000000000001421, -15.50000000000000533 ) ) ;
#255 = ADVANCED_FACE ( 'NONE', ( #1303 ), #739, .T. ) ;
#256 = ADVANCED_FACE ( 'NONE', ( #9899 ), #7515, .F. ) ;
#257 = VECTOR ( 'NONE', #4030, 1000.000000000000114 ) ;
#258 = CARTESIAN_POINT ( 'NONE',  ( -1.259733572207478058, 68.50000000136559208, -3.041265874999999674 ) ) ;
#259 = EDGE_LOOP ( 'NONE', ( #9804, #6561, #1321, #6834 ) ) ;
#260 = FACE_OUTER_BOUND ( 'NONE', #1364, .T. ) ;
#261 = CARTESIAN_POINT ( 'NONE',  ( -3.041265875000000118, 66.56250000136559208, 0.000000000000000000 ) ) ;
#262 = ADVANCED_FACE ( 'NONE', ( #7713 ), #6321, .F. ) ;
#263 = CARTESIAN_POINT ( 'NONE',  ( -2.500000000000000000, 78.00000000000000000, 0.000000000000000000 ) ) ;
#264 = CARTESIAN_POINT ( 'NONE',  ( 3.041265875000000118, 75.06250000136559208, -3.724476519174824240E-16 ) ) ;
#265 = VERTEX_POINT ( 'NONE', #2161 ) ;
#266 = CIRCLE ( 'NONE', #5958, 5.249999999999999112 ) ;
#267 = CARTESIAN_POINT ( 'NONE',  ( 3.041265875000000118, 78.06250000136559208, -3.724476519174824240E-16 ) ) ;
#268 = DIRECTION ( 'NONE',  ( -0.2677627961559982395, 0.9634848649536335019, -8.533875781980729164E-17 ) ) ;
#269 = CARTESIAN_POINT ( 'NONE',  ( 1.035533905932737531, 67.68750000000000000, -2.500000000000000444 ) ) ;
#270 = CARTESIAN_POINT ( 'NONE',  ( -2.150499723603738200, 71.81250000136560629, 2.150499723603739533 ) ) ;
#271 = ORIENTED_EDGE ( 'NONE', *, *, #9404, .T. ) ;
#272 = CARTESIAN_POINT ( 'NONE',  ( 3.041265875000001007, 77.12500000136560629, 1.259733572207477836 ) ) ;
#273 = VECTOR ( 'NONE', #722, 1000.000000000000000 ) ;
#274 = AXIS2_PLACEMENT_3D ( 'NONE', #4446, #1245, #6643 ) ;
#275 = CARTESIAN_POINT ( 'NONE',  ( 2.150499723603739533, 78.93750000136559208, 2.150499723603738644 ) ) ;
#276 = DIRECTION ( 'NONE',  ( 0.9999870432906645679, -0.005090505946798764766, 0.000000000000000000 ) ) ;
#277 = CARTESIAN_POINT ( 'NONE',  ( -3.968626966596887851, 76.25000000000000000, 4.500000000000000000 ) ) ;
#278 = LINE ( 'NONE', #1911, #3887 ) ;
#279 = DIRECTION ( 'NONE',  ( 0.9999870432906646789, -0.005090505946798832421, 4.389289323153613957E-16 ) ) ;
#280 = CIRCLE ( 'NONE', #7762, 5.999999999999999112 ) ;
#281 = CARTESIAN_POINT ( 'NONE',  ( -1.767766952966369098, 76.87500000000000000, -1.767766952966369098 ) ) ;
#282 = AXIS2_PLACEMENT_3D ( 'NONE', #9133, #8525, #9237 ) ;
#283 = ORIENTED_EDGE ( 'NONE', *, *, #1939, .T. ) ;
#284 = ORIENTED_EDGE ( 'NONE', *, *, #5414, .T. ) ;
#285 = DIRECTION ( 'NONE',  ( 1.000000000000000000, 0.000000000000000000, 0.000000000000000000 ) ) ;
#286 = CARTESIAN_POINT ( 'NONE',  ( -3.041265874999999674, 77.62500000136560629, -1.259733572207478058 ) ) ;
#287 = CARTESIAN_POINT ( 'NONE',  ( 1.561251128379126385E-14, 99.00000000000001421, -19.19999999999999929 ) ) ;
#288 = LINE ( 'NONE', #7469, #8888 ) ;
#289 = AXIS2_PLACEMENT_3D ( 'NONE', #4892, #252, #3351 ) ;
#290 = CARTESIAN_POINT ( 'NONE',  ( 1.035533905932737531, 66.93750000273119838, -2.500000000000000444 ) ) ;
#291 = CIRCLE ( 'NONE', #131, 0.2000000000000325684 ) ;
#292 = EDGE_LOOP ( 'NONE', ( #5689, #6999, #6770 ) ) ;
#293 = DIRECTION ( 'NONE',  ( -2.771172519036345232E-16, 8.684692346097759303E-17, 1.000000000000000000 ) ) ;
#294 = DIRECTION ( 'NONE',  ( -0.8660254037856904841, -3.365184701175970460E-16, -0.4999999999978318455 ) ) ;
#295 = EDGE_CURVE ( 'NONE', #7984, #119, #2238, .T. ) ;
#296 = CARTESIAN_POINT ( 'NONE',  ( 1.259733572207479835, 65.87500000136559208, 3.041265874999999230 ) ) ;
#297 = DIRECTION ( 'NONE',  ( 0.000000000000000000, 1.000000000000000000, 0.000000000000000000 ) ) ;
#298 = EDGE_LOOP ( 'NONE', ( #3729, #6978, #6687, #7429 ) ) ;
#299 = ORIENTED_EDGE ( 'NONE', *, *, #3958, .T. ) ;
#300 = ORIENTED_EDGE ( 'NONE', *, *, #5303, .T. ) ;
#301 = CARTESIAN_POINT ( 'NONE',  ( 3.696544490476026646E-14, 99.00000000000001421, -16.00000000000000355 ) ) ;
#302 = CARTESIAN_POINT ( 'NONE',  ( 6.808341929702590001, 99.98978970194519889, -21.39999999999999858 ) ) ;
#303 = EDGE_CURVE ( 'NONE', #7466, #8488, #6800, .T. ) ;
#304 = DIRECTION ( 'NONE',  ( 0.000000000000000000, 1.000000000000000000, 0.000000000000000000 ) ) ;
#305 = ORIENTED_EDGE ( 'NONE', *, *, #2805, .T. ) ;
#306 = DIRECTION ( 'NONE',  ( 0.9999870432906646789, -0.005090505946798832421, 4.389289323153613957E-16 ) ) ;
#307 =( BOUNDED_CURVE ( )  B_SPLINE_CURVE ( 2, ( #2273, #35, #5527, #4619, #6253, #1660, #896, #4000, #9959 ),
 .UNSPECIFIED., .F., .F. ) 
 B_SPLINE_CURVE_WITH_KNOTS ( ( 3, 2, 2, 2, 3 ),
 ( 0.9166666666666665186, 0.9249999999999999334, 0.9333333333333332371, 0.9416666666666665408, 0.9499999999999998446 ),
 .UNSPECIFIED. ) 
 CURVE ( )  GEOMETRIC_REPRESENTATION_ITEM ( )  RATIONAL_B_SPLINE_CURVE ( ( 1.000000000000001110, 0.9238795325112857393, 1.000000000000000000, 0.9238795325112867385, 1.000000000000000000, 0.9238795325112867385, 1.000000000000000000, 0.9238795325112877377, 0.9999999999999990008 ) ) 
 REPRESENTATION_ITEM ( '' )  );
#308 = DIRECTION ( 'NONE',  ( -3.885780586188047891E-16, 1.000000000000000000, 2.603240987229339518E-29 ) ) ;
#309 = CARTESIAN_POINT ( 'NONE',  ( -3.041265875000000118, 65.68750000136559208, 0.000000000000000000 ) ) ;
#310 = VERTEX_POINT ( 'NONE', #4504 ) ;
#311 = CARTESIAN_POINT ( 'NONE',  ( -3.968626966596887851, 0.000000000000000000, -4.500000000000000000 ) ) ;
#312 = ADVANCED_FACE ( 'NONE', ( #6749 ), #10052, .F. ) ;
#313 = CARTESIAN_POINT ( 'NONE',  ( -2.150499723603739088, 67.43750000136560629, -2.150499723603739088 ) ) ;
#314 = CARTESIAN_POINT ( 'NONE',  ( -1.035533905932727539, 77.81250000000000000, -2.500000000000011102 ) ) ;
#315 = EDGE_LOOP ( 'NONE', ( #4443, #6549, #6007, #2861 ) ) ;
#316 = EDGE_CURVE ( 'NONE', #4758, #2071, #4355, .T. ) ;
#317 = CARTESIAN_POINT ( 'NONE',  ( -2.150499723603739088, 69.43750000136560629, -2.150499723603739088 ) ) ;
#318 = ORIENTED_EDGE ( 'NONE', *, *, #5169, .T. ) ;
#319 = VECTOR ( 'NONE', #8123, 1000.000000000000000 ) ;
#320 = DIRECTION ( 'NONE',  ( -8.011868568650901149E-32, 1.000000000000000000, 1.178574802204324542E-16 ) ) ;
#321 = EDGE_CURVE ( 'NONE', #3790, #5632, #7940, .T. ) ;
#322 = CARTESIAN_POINT ( 'NONE',  ( 3.041265874999999674, 79.25000000136559208, -1.259733572207478280 ) ) ;
#323 = CARTESIAN_POINT ( 'NONE',  ( 1.259733572207478058, 72.37500000136560629, -3.041265875000000563 ) ) ;
#324 = EDGE_CURVE ( 'NONE', #8302, #7931, #6900, .T. ) ;
#325 = ORIENTED_EDGE ( 'NONE', *, *, #6019, .F. ) ;
#326 = CARTESIAN_POINT ( 'NONE',  ( 1.259733572207478058, 77.37500000136563472, -3.041265875000000563 ) ) ;
#327 = CARTESIAN_POINT ( 'NONE',  ( -1.862238259587412120E-16, 79.31250000136559208, -3.041265875000000118 ) ) ;
#328 = CARTESIAN_POINT ( 'NONE',  ( 6.803127038349613187, 98.96536819264019869, -21.39999999999999858 ) ) ;
#329 = AXIS2_PLACEMENT_3D ( 'NONE', #5851, #7994, #1979 ) ;
#330 = EDGE_CURVE ( 'NONE', #3064, #6454, #3022, .T. ) ;
#331 = LINE ( 'NONE', #3379, #4137 ) ;
#332 = CARTESIAN_POINT ( 'NONE',  ( 5.780909189721803898, 100.6065767769360093, 68.00000000000000000 ) ) ;
#333 = DIRECTION ( 'NONE',  ( 0.000000000000000000, 0.000000000000000000, 1.000000000000000000 ) ) ;
#334 = PRODUCT_DEFINITION_FORMATION_WITH_SPECIFIED_SOURCE ( 'ANY', '', #6062, .NOT_KNOWN. ) ;
#335 = CARTESIAN_POINT ( 'NONE',  ( -1.767766952966369098, 77.87500000000000000, -1.767766952966369098 ) ) ;
#336 = ORIENTED_EDGE ( 'NONE', *, *, #4917, .F. ) ;
#337 = EDGE_LOOP ( 'NONE', ( #9076, #6958, #8565, #2586 ) ) ;
#338 = DIRECTION ( 'NONE',  ( -0.9256659661250538074, -0.3783418020226824163, 0.000000000000000000 ) ) ;
#339 = CARTESIAN_POINT ( 'NONE',  ( -2.150499723603738200, 75.81250000136559208, 2.150499723603739533 ) ) ;
#340 = PLANE ( 'NONE',  #4172 ) ;
#341 = CARTESIAN_POINT ( 'NONE',  ( 1.767766952966368654, 66.87500000273119838, -1.767766952966369098 ) ) ;
#342 = LOCAL_TIME ( 5, 30, 20.00000000000000000, #7316 ) ;
#343 = ORIENTED_EDGE ( 'NONE', *, *, #6108, .F. ) ;
#344 = DIRECTION ( 'NONE',  ( 5.551115123125783935E-17, -6.662983475941639612E-17, -1.000000000000000000 ) ) ;
#345 = LINE ( 'NONE', #7622, #387 ) ;
#346 = CARTESIAN_POINT ( 'NONE',  ( -3.041265875000000118, 65.56250000136559208, 0.000000000000000000 ) ) ;
#347 = AXIS2_PLACEMENT_3D ( 'NONE', #5939, #9044, #589 ) ;
#348 = DIRECTION ( 'NONE',  ( -1.000000000000000000, -9.398538128609710963E-32, -0.000000000000000000 ) ) ;
#349 = VERTEX_POINT ( 'NONE', #9242 ) ;
#350 = EDGE_LOOP ( 'NONE', ( #6366, #5453, #3664, #1977 ) ) ;
#351 = AXIS2_PLACEMENT_3D ( 'NONE', #4478, #9215, #3867 ) ;
#352 = DIRECTION ( 'NONE',  ( 2.771172519036345232E-16, -8.684692346097759303E-17, -1.000000000000000000 ) ) ;
#353 = EDGE_CURVE ( 'NONE', #8616, #3646, #5662, .T. ) ;
#354 = CARTESIAN_POINT ( 'NONE',  ( -1.767766952966369098, 69.12500000273119838, -1.767766952966369098 ) ) ;
#355 = CARTESIAN_POINT ( 'NONE',  ( 1.943048590659658729E-14, 99.00000000000002842, 21.39999999999999858 ) ) ;
#356 = ORIENTED_EDGE ( 'NONE', *, *, #7956, .T. ) ;
#357 = DIRECTION ( 'NONE',  ( -3.885780586188047891E-16, 1.000000000000000000, 2.603240987229339518E-29 ) ) ;
#358 = AXIS2_PLACEMENT_3D ( 'NONE', #8195, #2841, #1222 ) ;
#359 = CARTESIAN_POINT ( 'NONE',  ( 2.150499723603739533, 65.06250000136559208, 2.150499723603738644 ) ) ;
#360 = CARTESIAN_POINT ( 'NONE',  ( 10.50000000000001421, 99.00000000000001421, -20.00000000000000355 ) ) ;
#361 = AXIS2_PLACEMENT_3D ( 'NONE', #4095, #5724, #174 ) ;
#362 = CARTESIAN_POINT ( 'NONE',  ( -1.259733572207478058, 66.50000000136559208, -3.041265874999999674 ) ) ;
#363 = ORIENTED_EDGE ( 'NONE', *, *, #4550, .F. ) ;
#364 = AXIS2_PLACEMENT_3D ( 'NONE', #5393, #5444, #8498 ) ;
#365 = LINE ( 'NONE', #311, #2371 ) ;
#366 =( BOUNDED_CURVE ( )  B_SPLINE_CURVE ( 2, ( #6871, #9971, #5197, #8298, #2131 ),
 .UNSPECIFIED., .F., .T. ) 
 B_SPLINE_CURVE_WITH_KNOTS ( ( 3, 2, 3 ),
 ( 0.9833333333333331705, 0.9916666666666666963, 1.000000000000000000 ),
 .UNSPECIFIED. ) 
 CURVE ( )  GEOMETRIC_REPRESENTATION_ITEM ( )  RATIONAL_B_SPLINE_CURVE ( ( 1.000000000000001110, 0.9238795325112857393, 1.000000000000000000, 0.9238795325112867385, 1.000000000000000000 ) ) 
 REPRESENTATION_ITEM ( '' )  );
#367 = CARTESIAN_POINT ( 'NONE',  ( -1.259733572207478502, 64.75000000136559208, 3.041265874999999230 ) ) ;
#368 = CARTESIAN_POINT ( 'NONE',  ( -10.49999999999998401, 99.00000000000001421, -15.00000000000000355 ) ) ;
#369 = ORIENTED_EDGE ( 'NONE', *, *, #1193, .T. ) ;
#370 = CARTESIAN_POINT ( 'NONE',  ( 1.997291221300659204E-15, 82.51000000000003354, -1.338065867435882278E-28 ) ) ;
#371 = CARTESIAN_POINT ( 'NONE',  ( -1.862238259587412120E-16, 71.31250000136560629, -3.041265875000000118 ) ) ;
#372 = VERTEX_POINT ( 'NONE', #5473 ) ;
#373 = DIRECTION ( 'NONE',  ( -2.771172519036345232E-16, 8.684692346097759303E-17, 1.000000000000000000 ) ) ;
#374 = EDGE_LOOP ( 'NONE', ( #377, #7117, #6842, #5361 ) ) ;
#375 = CARTESIAN_POINT ( 'NONE',  ( 2.150499723603738644, 75.31250000136559208, -2.150499723603739088 ) ) ;
#376 = CARTESIAN_POINT ( 'NONE',  ( -3.041265875000000118, 70.68750000136559208, 0.000000000000000000 ) ) ;
#377 = ORIENTED_EDGE ( 'NONE', *, *, #4276, .T. ) ;
#378 = DIRECTION ( 'NONE',  ( 0.9634848649536333909, 0.2677627961559982950, 1.491283511613613163E-16 ) ) ;
#379 = CARTESIAN_POINT ( 'NONE',  ( -2.150499723603739088, 65.56250000136559208, -2.150499723603739088 ) ) ;
#380 = CARTESIAN_POINT ( 'NONE',  ( -6.580416492048424715, 97.09720763319364778, -20.00000000000000000 ) ) ;
#381 = CARTESIAN_POINT ( 'NONE',  ( -8.671363784582693413, 96.59013483459604288, 19.20000000000001350 ) ) ;
#382 = EDGE_CURVE ( 'NONE', #1865, #7931, #8595, .T. ) ;
#383 =( BOUNDED_CURVE ( )  B_SPLINE_CURVE ( 2, ( #8434, #7863, #4661, #1557, #2416, #5519, #891, #2977, #3025 ),
 .UNSPECIFIED., .F., .T. ) 
 B_SPLINE_CURVE_WITH_KNOTS ( ( 3, 2, 2, 2, 3 ),
 ( 0.8833333333333331927, 0.8916666666666666075, 0.8999999999999999112, 0.9083333333333332149, 0.9166666666666665186 ),
 .UNSPECIFIED. ) 
 CURVE ( )  GEOMETRIC_REPRESENTATION_ITEM ( )  RATIONAL_B_SPLINE_CURVE ( ( 1.000000000000001110, 0.9238795325112857393, 1.000000000000000000, 0.9238795325112867385, 1.000000000000000000, 0.9238795325112867385, 1.000000000000000000, 0.9238795325112877377, 0.9999999999999990008 ) ) 
 REPRESENTATION_ITEM ( '' )  );
#384 = FACE_OUTER_BOUND ( 'NONE', #8246, .T. ) ;
#385 = CARTESIAN_POINT ( 'NONE',  ( 1.767766952966369320, 69.37500000000000000, 1.767766952966368654 ) ) ;
#386 = EDGE_CURVE ( 'NONE', #1475, #6528, #1705, .T. ) ;
#387 = VECTOR ( 'NONE', #9713, 999.9999999999998863 ) ;
#388 = CARTESIAN_POINT ( 'NONE',  ( 4.592425496802573972E-16, 73.25000000000000000, 2.500000000000000000 ) ) ;
#389 = VERTEX_POINT ( 'NONE', #940 ) ;
#390 = ORIENTED_EDGE ( 'NONE', *, *, #8656, .T. ) ;
#391 = ADVANCED_FACE ( 'NONE', ( #7861 ), #7810, .T. ) ;
#392 = EDGE_CURVE ( 'NONE', #349, #3622, #4759, .T. ) ;
#393 = PLANE ( 'NONE',  #8588 ) ;
#394 = CARTESIAN_POINT ( 'NONE',  ( -1.862238259587412120E-16, 77.43750000136559208, -3.041265875000000118 ) ) ;
#395 = ADVANCED_FACE ( 'NONE', ( #3989 ), #8626, .T. ) ;
#396 = DIRECTION ( 'NONE',  ( 4.199509984885302464E-16, -2.269162886183642352E-17, -1.000000000000000000 ) ) ;
#397 = DIRECTION ( 'NONE',  ( 0.9606447433647372636, 0.2777799075629806547, 0.000000000000000000 ) ) ;
#398 = ORIENTED_EDGE ( 'NONE', *, *, #382, .F. ) ;
#399 = CARTESIAN_POINT ( 'NONE',  ( 9.704222089672917662, 98.95059995968151156, -21.39999999999999858 ) ) ;
#400 = PLANE ( 'NONE',  #1533 ) ;
#401 = DIRECTION ( 'NONE',  ( -0.9606447433647388179, -0.2777799075629757142, 0.000000000000000000 ) ) ;
#402 = ORIENTED_EDGE ( 'NONE', *, *, #7875, .T. ) ;
#403 = ORIENTED_EDGE ( 'NONE', *, *, #8833, .F. ) ;
#404 = LINE ( 'NONE', #1219, #985 ) ;
#405 = CARTESIAN_POINT ( 'NONE',  ( 3.359342905424150150, 103.9713997268150223, -12.50000000000001066 ) ) ;
#406 = VECTOR ( 'NONE', #2052, 1000.000000000000000 ) ;
#407 = CYLINDRICAL_SURFACE ( 'NONE', #9304, 7.904347826086997486 ) ;
#408 = LINE ( 'NONE', #1696, #7919 ) ;
#409 = VERTEX_POINT ( 'NONE', #7203 ) ;
#410 = CARTESIAN_POINT ( 'NONE',  ( 0.000000000000000000, 70.00000000000000000, 2.500000000000000000 ) ) ;
#411 = CARTESIAN_POINT ( 'NONE',  ( -6.143273330438597911E-16, 98.99999999999998579, 22.49999999999998579 ) ) ;
#412 = CARTESIAN_POINT ( 'NONE',  ( 1.767766952966368654, 78.87500000273118417, -1.767766952966369098 ) ) ;
#413 = CARTESIAN_POINT ( 'NONE',  ( 3.041265875000001007, 66.12500000136559208, 1.259733572207477836 ) ) ;
#414 = ORIENTED_EDGE ( 'NONE', *, *, #9297, .T. ) ;
#415 = LINE ( 'NONE', #518, #5231 ) ;
#416 = CARTESIAN_POINT ( 'NONE',  ( -2.150499723603738200, 64.68750000136559208, 2.150499723603739533 ) ) ;
#417 = LINE ( 'NONE', #1133, #6622 ) ;
#418 = AXIS2_PLACEMENT_3D ( 'NONE', #4042, #4807, #7100 ) ;
#419 = DIRECTION ( 'NONE',  ( -8.011868568650901149E-32, 1.000000000000000000, -8.773937619163357272E-17 ) ) ;
#420 = CARTESIAN_POINT ( 'NONE',  ( -2.150499723603738200, 71.68750000136559208, 2.150499723603739533 ) ) ;
#421 = ORIENTED_EDGE ( 'NONE', *, *, #8524, .F. ) ;
#422 = AXIS2_PLACEMENT_3D ( 'NONE', #4747, #8665, #7851 ) ;
#423 = ADVANCED_FACE ( 'NONE', ( #7907 ), #1652, .T. ) ;
#424 = ORIENTED_EDGE ( 'NONE', *, *, #2851, .F. ) ;
#425 = CARTESIAN_POINT ( 'NONE',  ( 2.150499723603739533, 77.06250000136559208, 2.150499723603738644 ) ) ;
#426 = CARTESIAN_POINT ( 'NONE',  ( -3.041265875000000118, 68.68750000136560629, 0.000000000000000000 ) ) ;
#427 = ORIENTED_EDGE ( 'NONE', *, *, #1813, .T. ) ;
#428 = CARTESIAN_POINT ( 'NONE',  ( 2.150499723603738644, 78.31250000136559208, -2.150499723603739088 ) ) ;
#429 = CARTESIAN_POINT ( 'NONE',  ( -3.041265874999999230, 73.62500000136559208, 1.259733572207480057 ) ) ;
#430 = VECTOR ( 'NONE', #6857, 1000.000000000000000 ) ;
#431 = FACE_OUTER_BOUND ( 'NONE', #9884, .T. ) ;
#432 = EDGE_CURVE ( 'NONE', #3597, #8025, #1718, .T. ) ;
#433 = DIRECTION ( 'NONE',  ( 0.000000000000000000, 8.773937619163356039E-17, 1.000000000000000000 ) ) ;
#434 = CARTESIAN_POINT ( 'NONE',  ( -8.453673741609668113, 96.55553681344584049, -16.00000000000000355 ) ) ;
#435 = CARTESIAN_POINT ( 'NONE',  ( -3.968626966596870531, 79.50000000000002842, -4.499999999999995559 ) ) ;
#436 = CARTESIAN_POINT ( 'NONE',  ( 1.767766952966368654, 72.62500000000000000, -1.767766952966369098 ) ) ;
#437 = VERTEX_POINT ( 'NONE', #7151 ) ;
#438 = VERTEX_POINT ( 'NONE', #4863 ) ;
#439 = AXIS2_PLACEMENT_3D ( 'NONE', #1098, #2916, #9748 ) ;
#440 = DIRECTION ( 'NONE',  ( -0.4888958147463142168, -0.8723421819008511102, -1.855174205273594328E-16 ) ) ;
#441 = CARTESIAN_POINT ( 'NONE',  ( -2.150499723603739088, 73.56250000136559208, -2.150499723603739088 ) ) ;
#442 = CALENDAR_DATE ( 2026, 27, 4 ) ;
#443 = EDGE_CURVE ( 'NONE', #9028, #6914, #7409, .T. ) ;
#444 = DIRECTION ( 'NONE',  ( 0.000000000000000000, -1.000000000000000000, 0.000000000000000000 ) ) ;
#445 = CARTESIAN_POINT ( 'NONE',  ( -1.530808498934191571E-16, 78.00000000273118417, -2.500000000000000000 ) ) ;
#446 = EDGE_LOOP ( 'NONE', ( #9499, #7573, #2775, #2575 ) ) ;
#447 = LINE ( 'NONE', #3591, #8754 ) ;
#448 = EDGE_CURVE ( 'NONE', #2964, #9816, #121, .T. ) ;
#449 = FACE_OUTER_BOUND ( 'NONE', #5352, .T. ) ;
#450 = AXIS2_PLACEMENT_3D ( 'NONE', #2174, #7530, #5142 ) ;
#451 = FACE_OUTER_BOUND ( 'NONE', #1167, .T. ) ;
#452 = ORIENTED_EDGE ( 'NONE', *, *, #4988, .T. ) ;
#453 = ADVANCED_FACE ( 'NONE', ( #71 ), #6289, .F. ) ;
#454 = VERTEX_POINT ( 'NONE', #5622 ) ;
#455 = CARTESIAN_POINT ( 'NONE',  ( 0.000000000000000000, 70.00000000000000000, 0.000000000000000000 ) ) ;
#456 = AXIS2_PLACEMENT_3D ( 'NONE', #7437, #6567, #5144 ) ;
#457 = AXIS2_PLACEMENT_3D ( 'NONE', #7881, #909, #1531 ) ;
#458 = FACE_OUTER_BOUND ( 'NONE', #6249, .T. ) ;
#459 = DIRECTION ( 'NONE',  ( 1.000000000000000000, 0.000000000000000000, 0.000000000000000000 ) ) ;
#460 = DIRECTION ( 'NONE',  ( 0.000000000000000000, 1.000000000000000000, 0.000000000000000000 ) ) ;
#461 = ORIENTED_EDGE ( 'NONE', *, *, #5744, .T. ) ;
#462 = FACE_OUTER_BOUND ( 'NONE', #6074, .T. ) ;
#463 = CARTESIAN_POINT ( 'NONE',  ( -2.500000000000000444, 75.93750000000000000, -1.035533905932737753 ) ) ;
#464 = CARTESIAN_POINT ( 'NONE',  ( -10.99999999999998401, 79.50000000000001421, -14.50000000000000355 ) ) ;
#465 = CARTESIAN_POINT ( 'NONE',  ( -2.150499723603739088, 78.43750000136559208, -2.150499723603739088 ) ) ;
#466 = AXIS2_PLACEMENT_3D ( 'NONE', #5893, #9810, #1163 ) ;
#467 =( BOUNDED_CURVE ( )  B_SPLINE_CURVE ( 2, ( #2956, #2345, #4642, #6227, #1489, #5457, #7644, #8560, #9170 ),
 .UNSPECIFIED., .F., .T. ) 
 B_SPLINE_CURVE_WITH_KNOTS ( ( 3, 2, 2, 2, 3 ),
 ( 0.2500000000000002220, 0.2583333333333335813, 0.2666666666666668850, 0.2750000000000002442, 0.2833333333333335480 ),
 .UNSPECIFIED. ) 
 CURVE ( )  GEOMETRIC_REPRESENTATION_ITEM ( )  RATIONAL_B_SPLINE_CURVE ( ( 0.9999999999999980016, 0.9238795325112887369, 1.000000000000000000, 0.9238795325112867385, 1.000000000000000000, 0.9238795325112867385, 1.000000000000000000, 0.9238795325112847401, 1.000000000000001998 ) ) 
 REPRESENTATION_ITEM ( '' )  );
#468 = CARTESIAN_POINT ( 'NONE',  ( 1.259733572207479835, 66.00000000136559208, 3.041265874999999230 ) ) ;
#469 = ORIENTED_EDGE ( 'NONE', *, *, #9688, .T. ) ;
#470 = DIRECTION ( 'NONE',  ( 0.000000000000000000, -8.773937619163356039E-17, -1.000000000000000000 ) ) ;
#471 = CARTESIAN_POINT ( 'NONE',  ( 2.150499723603739533, 64.93750000136559208, 2.150499723603738644 ) ) ;
#472 = DIRECTION ( 'NONE',  ( 0.9634848649536336129, 0.2677627961559976844, 0.000000000000000000 ) ) ;
#473 = FACE_OUTER_BOUND ( 'NONE', #5822, .T. ) ;
#474 = CARTESIAN_POINT ( 'NONE',  ( 1.259733572207479835, 68.87500000136559208, 3.041265874999999230 ) ) ;
#475 = ORIENTED_EDGE ( 'NONE', *, *, #5423, .T. ) ;
#476 = ORIENTED_EDGE ( 'NONE', *, *, #5432, .T. ) ;
#477 = CARTESIAN_POINT ( 'NONE',  ( 5.586714778762236360E-16, 75.93750000136559208, 3.041265875000000118 ) ) ;
#478 = CARTESIAN_POINT ( 'NONE',  ( 3.041265875000000118, 69.18750000136560629, -3.724476519174824240E-16 ) ) ;
#479 = ORIENTED_EDGE ( 'NONE', *, *, #7543, .T. ) ;
#480 = CARTESIAN_POINT ( 'NONE',  ( 2.150499723603738644, 75.18750000136559208, -2.150499723603739088 ) ) ;
#481 = DIRECTION ( 'NONE',  ( 0.9634848649536333909, 0.2677627961559984060, 0.000000000000000000 ) ) ;
#482 = EDGE_CURVE ( 'NONE', #6267, #5176, #901, .T. ) ;
#483 = FACE_OUTER_BOUND ( 'NONE', #315, .T. ) ;
#484 = CARTESIAN_POINT ( 'NONE',  ( 1.896536728322030728E-16, 98.99999999999998579, 20.29999999999998295 ) ) ;
#485 = CARTESIAN_POINT ( 'NONE',  ( -1.035533905932738197, 74.18750000000000000, 2.500000000000000000 ) ) ;
#486 = VERTEX_POINT ( 'NONE', #9338 ) ;
#487 = VERTEX_POINT ( 'NONE', #9388 ) ;
#488 = DIRECTION ( 'NONE',  ( -3.885780586188047891E-16, 1.000000000000000000, 2.603240987229339518E-29 ) ) ;
#489 = CIRCLE ( 'NONE', #8286, 9.750000000000000000 ) ;
#490 =( BOUNDED_CURVE ( )  B_SPLINE_CURVE ( 2, ( #3849, #2477, #9255, #10066, #6158, #4721, #6967, #7872, #9306 ),
 .UNSPECIFIED., .F., .T. ) 
 B_SPLINE_CURVE_WITH_KNOTS ( ( 3, 2, 2, 2, 3 ),
 ( 0.05000000000000004441, 0.05833333333333338977, 0.06666666666666673513, 0.07500000000000006661, 0.08333333333333341197 ),
 .UNSPECIFIED. ) 
 CURVE ( )  GEOMETRIC_REPRESENTATION_ITEM ( )  RATIONAL_B_SPLINE_CURVE ( ( 0.9999999999999996669, 0.9238795325112870716, 1.000000000000000000, 0.9238795325112867385, 1.000000000000000000, 0.9238795325112867385, 1.000000000000000000, 0.9238795325112859613, 1.000000000000000666 ) ) 
 REPRESENTATION_ITEM ( '' )  );
#491 = CARTESIAN_POINT ( 'NONE',  ( -1.259733572207478502, 70.87500000136559208, 3.041265874999999230 ) ) ;
#492 = DIRECTION ( 'NONE',  ( 0.000000000000000000, 0.000000000000000000, -1.000000000000000000 ) ) ;
#493 = CARTESIAN_POINT ( 'NONE',  ( 3.985202476878567978E-14, 99.00000000000001421, -67.99999999999998579 ) ) ;
#494 = ORIENTED_EDGE ( 'NONE', *, *, #9779, .F. ) ;
#495 = DIRECTION ( 'NONE',  ( -0.9606447433647389289, -0.2777799075629747705, 0.000000000000000000 ) ) ;
#496 = DIRECTION ( 'NONE',  ( 0.9999870432906645679, -0.005090505946798399607, 2.775557561562889872E-16 ) ) ;
#497 = CIRCLE ( 'NONE', #3090, 1.424999999999999822 ) ;
#498 = FACE_OUTER_BOUND ( 'NONE', #2313, .T. ) ;
#499 = ORIENTED_EDGE ( 'NONE', *, *, #5735, .F. ) ;
#500 = EDGE_CURVE ( 'NONE', #9850, #9222, #992, .T. ) ;
#501 = VERTEX_POINT ( 'NONE', #2413 ) ;
#502 = CARTESIAN_POINT ( 'NONE',  ( -3.968626966596870531, 79.50000000000002842, -4.499999999999995559 ) ) ;
#503 = DIRECTION ( 'NONE',  ( 1.000000000000000000, 3.885780586188047891E-16, -2.501589552824417682E-12 ) ) ;
#504 = CARTESIAN_POINT ( 'NONE',  ( -1.530808498934191571E-16, 67.75000000000000000, -2.500000000000000000 ) ) ;
#505 = CARTESIAN_POINT ( 'NONE',  ( 7.131690719555505985E-12, 82.28000000000002956, 2.849999999999998312 ) ) ;
#506 = ORIENTED_EDGE ( 'NONE', *, *, #9334, .T. ) ;
#507 = CARTESIAN_POINT ( 'NONE',  ( 6.808341929702590001, 99.98978970194519889, -21.39999999999999858 ) ) ;
#508 = VECTOR ( 'NONE', #6603, 1000.000000000000000 ) ;
#509 = CARTESIAN_POINT ( 'NONE',  ( 9.000000000000014211, 99.00000000000001421, 19.20000000000000639 ) ) ;
#510 = DIRECTION ( 'NONE',  ( 0.7071067811865474617, 6.204110788218166501E-17, 0.7071067811865474617 ) ) ;
#511 = ADVANCED_FACE ( 'NONE', ( #223 ), #5517, .T. ) ;
#512 = CARTESIAN_POINT ( 'NONE',  ( -1.862238259587412120E-16, 71.31250000136560629, -3.041265875000000118 ) ) ;
#513 = EDGE_CURVE ( 'NONE', #685, #5211, #9983, .T. ) ;
#514 = AXIS2_PLACEMENT_3D ( 'NONE', #2026, #1122, #6616 ) ;
#515 = ORIENTED_EDGE ( 'NONE', *, *, #2865, .T. ) ;
#516 = ADVANCED_FACE ( 'NONE', ( #7000, #25 ), #2361, .F. ) ;
#517 = DIRECTION ( 'NONE',  ( 3.885780586188047891E-16, -1.065500303100115213E-16, -1.000000000000000000 ) ) ;
#518 = CARTESIAN_POINT ( 'NONE',  ( 4.443196637400277815, 100.8160406497089099, 20.29999999999999716 ) ) ;
#519 = LINE ( 'NONE', #4434, #3257 ) ;
#520 = CARTESIAN_POINT ( 'NONE',  ( 2.500000000000000444, 68.43749999999998579, 1.035533905932737309 ) ) ;
#521 = CARTESIAN_POINT ( 'NONE',  ( 0.000000000000000000, 80.00000000000000000, -6.000000000000000888 ) ) ;
#522 = VECTOR ( 'NONE', #8832, 1000.000000000000000 ) ;
#523 = CARTESIAN_POINT ( 'NONE',  ( 4.592425496802573972E-16, 75.50000000273118417, 2.500000000000000000 ) ) ;
#524 = CARTESIAN_POINT ( 'NONE',  ( 1.259733572207478058, 69.25000000136559208, -3.041265875000000563 ) ) ;
#525 = ORIENTED_EDGE ( 'NONE', *, *, #9223, .T. ) ;
#526 = ORIENTED_EDGE ( 'NONE', *, *, #7237, .T. ) ;
#527 = VECTOR ( 'NONE', #7134, 1000.000000000000000 ) ;
#528 = CARTESIAN_POINT ( 'NONE',  ( 1.259733572207479835, 78.00000000136559208, 3.041265874999999230 ) ) ;
#529 = CARTESIAN_POINT ( 'NONE',  ( -2.150499723603739088, 69.56250000136560629, -2.150499723603739088 ) ) ;
#530 = ORIENTED_EDGE ( 'NONE', *, *, #4996, .F. ) ;
#531 = CARTESIAN_POINT ( 'NONE',  ( 5.586714778762236360E-16, 76.81250000136559208, 3.041265875000000118 ) ) ;
#532 = CARTESIAN_POINT ( 'NONE',  ( 3.968626966596900729, 76.25000000000001421, -4.499999999999997335 ) ) ;
#533 = CARTESIAN_POINT ( 'NONE',  ( -2.500000000000000000, 75.06250000000000000, 1.035533905932739307 ) ) ;
#534 = DIRECTION ( 'NONE',  ( -1.000000000000000000, 0.000000000000000000, -0.000000000000000000 ) ) ;
#535 = CARTESIAN_POINT ( 'NONE',  ( -1.035533905932738197, 72.18750000000000000, 2.500000000000000000 ) ) ;
#536 = EDGE_CURVE ( 'NONE', #7848, #3139, #6896, .T. ) ;
#537 = ORIENTED_EDGE ( 'NONE', *, *, #572, .T. ) ;
#538 = ORIENTED_EDGE ( 'NONE', *, *, #5947, .T. ) ;
#539 = DIRECTION ( 'NONE',  ( 0.000000000000000000, 0.000000000000000000, -1.000000000000000000 ) ) ;
#540 = CARTESIAN_POINT ( 'NONE',  ( -3.041265875000000118, 72.68750000136559208, 0.000000000000000000 ) ) ;
#541 = LINE ( 'NONE', #693, #3187 ) ;
#542 = DIRECTION ( 'NONE',  ( 0.000000000000000000, -8.773937619163356039E-17, -1.000000000000000000 ) ) ;
#543 = ORIENTED_EDGE ( 'NONE', *, *, #9515, .T. ) ;
#544 = DIRECTION ( 'NONE',  ( -5.665246594868416811E-32, 0.7071067811865484609, 0.7071067811865465735 ) ) ;
#545 = FACE_BOUND ( 'NONE', #7050, .T. ) ;
#546 = DIRECTION ( 'NONE',  ( -0.9606447433647389289, -0.2777799075629747705, 0.000000000000000000 ) ) ;
#547 = CIRCLE ( 'NONE', #8539, 1.205999999999999739 ) ;
#548 = EDGE_CURVE ( 'NONE', #8948, #6240, #2385, .T. ) ;
#549 = ORIENTED_EDGE ( 'NONE', *, *, #6305, .F. ) ;
#550 = EDGE_LOOP ( 'NONE', ( #2474, #851, #1895, #4188 ) ) ;
#551 = AXIS2_PLACEMENT_3D ( 'NONE', #810, #9457, #7686 ) ;
#552 = CARTESIAN_POINT ( 'NONE',  ( 4.592425496802573972E-16, 77.25000000000000000, 2.500000000000000000 ) ) ;
#553 = CYLINDRICAL_SURFACE ( 'NONE', #9141, 9.750000000000000000 ) ;
#554 = DIRECTION ( 'NONE',  ( 1.000000000000000000, 3.885780586188047398E-16, -2.499336080926311959E-12 ) ) ;
#555 = EDGE_LOOP ( 'NONE', ( #6350, #6650, #6811, #9728 ) ) ;
#556 = EDGE_CURVE ( 'NONE', #766, #2985, #4177, .T. ) ;
#557 = DIRECTION ( 'NONE',  ( -3.885780586188047891E-16, 1.000000000000000000, 2.603240987229339518E-29 ) ) ;
#558 = CARTESIAN_POINT ( 'NONE',  ( -4.860505996191813338, 92.81340116950470076, -21.40000000000000213 ) ) ;
#559 = CARTESIAN_POINT ( 'NONE',  ( 1.259733572207478058, 72.25000000136559208, -3.041265874999999674 ) ) ;
#560 = DIRECTION ( 'NONE',  ( 0.000000000000000000, 1.000000000000000000, 0.000000000000000000 ) ) ;
#561 = ORIENTED_EDGE ( 'NONE', *, *, #3927, .T. ) ;
#562 = VECTOR ( 'NONE', #9572, 1000.000000000000000 ) ;
#563 = PLANE ( 'NONE',  #3578 ) ;
#564 = LINE ( 'NONE', #2188, #2134 ) ;
#565 = DIRECTION ( 'NONE',  ( 3.885780586188047398E-16, -1.000000000000000000, -2.603240987229321021E-29 ) ) ;
#566 = DIRECTION ( 'NONE',  ( -8.011868568650901149E-32, 1.000000000000000000, 1.178574802204324542E-16 ) ) ;
#567 = LINE ( 'NONE', #521, #8416 ) ;
#568 = ADVANCED_FACE ( 'NONE', ( #8861 ), #9494, .F. ) ;
#569 = CARTESIAN_POINT ( 'NONE',  ( -1.035533905932738197, 75.43750000273119838, 2.500000000000000000 ) ) ;
#570 = CARTESIAN_POINT ( 'NONE',  ( -2.150499723603738200, 68.68750000136560629, 2.150499723603739533 ) ) ;
#571 = EDGE_LOOP ( 'NONE', ( #4886, #148, #7922, #8576 ) ) ;
#572 = EDGE_CURVE ( 'NONE', #7062, #8339, #6621, .T. ) ;
#573 = CARTESIAN_POINT ( 'NONE',  ( 1.259733572207478058, 76.37500000136562051, -3.041265874999999674 ) ) ;
#574 = CARTESIAN_POINT ( 'NONE',  ( 5.586714778762236360E-16, 66.93750000136559208, 3.041265875000000118 ) ) ;
#575 = VERTEX_POINT ( 'NONE', #6568 ) ;
#576 = EDGE_CURVE ( 'NONE', #2776, #6001, #10055, .T. ) ;
#577 = CARTESIAN_POINT ( 'NONE',  ( 3.041265874999999674, 75.12500000136560629, -1.259733572207478280 ) ) ;
#578 = LINE ( 'NONE', #5216, #9704 ) ;
#579 = DIRECTION ( 'NONE',  ( -1.000000000000000000, -9.398538128609710963E-32, -0.000000000000000000 ) ) ;
#580 = CARTESIAN_POINT ( 'NONE',  ( 1.035533905932706000, 69.68750000000000000, -2.500000000000031974 ) ) ;
#581 = ADVANCED_FACE ( 'NONE', ( #5805 ), #3455, .T. ) ;
#582 = CARTESIAN_POINT ( 'NONE',  ( -2.500000000000000000, 75.00000000000000000, 0.000000000000000000 ) ) ;
#583 = ORIENTED_EDGE ( 'NONE', *, *, #3468, .T. ) ;
#584 = ORIENTED_EDGE ( 'NONE', *, *, #8011, .F. ) ;
#585 = AXIS2_PLACEMENT_3D ( 'NONE', #8617, #4900, #2401 ) ;
#586 = DIRECTION ( 'NONE',  ( 0.000000000000000000, 0.000000000000000000, 1.000000000000000000 ) ) ;
#587 = CARTESIAN_POINT ( 'NONE',  ( 2.150499723603739533, 73.06250000136559208, 2.150499723603738644 ) ) ;
#588 = DIRECTION ( 'NONE',  ( 0.000000000000000000, -8.773937619163356039E-17, -1.000000000000000000 ) ) ;
#589 = DIRECTION ( 'NONE',  ( -0.9634848649536333909, -0.2677627961559982950, -1.491283511613613163E-16 ) ) ;
#590 = ORIENTED_EDGE ( 'NONE', *, *, #1260, .T. ) ;
#591 = FACE_OUTER_BOUND ( 'NONE', #601, .T. ) ;
#592 = VECTOR ( 'NONE', #2017, 1000.000000000000000 ) ;
#593 = LINE ( 'NONE', #1975, #5791 ) ;
#594 = ORIENTED_EDGE ( 'NONE', *, *, #8974, .F. ) ;
#595 = ORIENTED_EDGE ( 'NONE', *, *, #7107, .F. ) ;
#596 = CARTESIAN_POINT ( 'NONE',  ( -1.035533905932747523, 77.43750000273119838, 2.499999999999990674 ) ) ;
#597 = AXIS2_PLACEMENT_3D ( 'NONE', #7802, #62, #10042 ) ;
#598 = DIRECTION ( 'NONE',  ( -2.771172519036345232E-16, 8.684692346097759303E-17, 1.000000000000000000 ) ) ;
#599 = CARTESIAN_POINT ( 'NONE',  ( 4.592425496802573972E-16, 65.25000000000000000, 2.500000000000000000 ) ) ;
#600 = ADVANCED_FACE ( 'NONE', ( #9622 ), #1074, .F. ) ;
#601 = EDGE_LOOP ( 'NONE', ( #845, #6389, #3782, #3433, #1492 ) ) ;
#602 = CARTESIAN_POINT ( 'NONE',  ( 2.991207226025320853, 103.3145311832195574, -20.30000000000001137 ) ) ;
#603 = LINE ( 'NONE', #3606, #8202 ) ;
#604 = LINE ( 'NONE', #2081, #1036 ) ;
#605 = PRODUCT_DEFINITION_SHAPE ( 'NONE', 'NONE',  #2448 ) ;
#606 = CARTESIAN_POINT ( 'NONE',  ( 1.259733572207479835, 73.87500000136560629, 3.041265874999999230 ) ) ;
#607 = DIRECTION ( 'NONE',  ( 3.885780586188047891E-16, -1.065500303100115213E-16, -1.000000000000000000 ) ) ;
#608 = EDGE_LOOP ( 'NONE', ( #6913, #5516, #7679, #6351 ) ) ;
#609 = AXIS2_PLACEMENT_3D ( 'NONE', #7481, #9104, #3557 ) ;
#610 = ADVANCED_FACE ( 'NONE', ( #9730 ), #3306, .T. ) ;
#611 = CARTESIAN_POINT ( 'NONE',  ( 3.041265875000000118, 77.18750000136559208, -3.724476519174824240E-16 ) ) ;
#612 = DIRECTION ( 'NONE',  ( -1.000000000000000000, 0.000000000000000000, 0.000000000000000000 ) ) ;
#613 = CARTESIAN_POINT ( 'NONE',  ( -2.566703027418149485, 94.42020354502052726, 20.29999999999998295 ) ) ;
#614 = CARTESIAN_POINT ( 'NONE',  ( -1.902792366806345115, 105.5804164920484851, -20.00000000000000355 ) ) ;
#615 = DIRECTION ( 'NONE',  ( -0.8660254037844408170, 0.4999999999999961697, -0.000000000000000000 ) ) ;
#616 = VECTOR ( 'NONE', #8435, 1000.000000000000000 ) ;
#617 = CARTESIAN_POINT ( 'NONE',  ( 2.789297643080071723E-15, 99.00000000000001421, 68.00000000000000000 ) ) ;
#618 = CARTESIAN_POINT ( 'NONE',  ( 2.500000000000000000, 76.75000000273118417, -3.061616997868383141E-16 ) ) ;
#619 = CIRCLE ( 'NONE', #8428, 5.999999999999999112 ) ;
#620 = CARTESIAN_POINT ( 'NONE',  ( 1.259733572207479835, 67.87500000136559208, 3.041265874999999230 ) ) ;
#621 = EDGE_LOOP ( 'NONE', ( #7214, #874, #968 ) ) ;
#622 = CARTESIAN_POINT ( 'NONE',  ( -3.041265874999999674, 72.62500000136560629, -1.259733572207478058 ) ) ;
#623 = CARTESIAN_POINT ( 'NONE',  ( -3.041265874999999230, 68.75000000136559208, 1.259733572207480057 ) ) ;
#624 = ORIENTED_EDGE ( 'NONE', *, *, #2245, .F. ) ;
#625 = ADVANCED_FACE ( 'NONE', ( #6470 ), #974, .T. ) ;
#626 = EDGE_CURVE ( 'NONE', #389, #149, #2663, .T. ) ;
#627 = CARTESIAN_POINT ( 'NONE',  ( -1.862238259587412120E-16, 75.31250000136559208, -3.041265875000000118 ) ) ;
#628 = DIRECTION ( 'NONE',  ( 0.9256659661250540294, 0.3783418020226822498, 0.000000000000000000 ) ) ;
#629 = CARTESIAN_POINT ( 'NONE',  ( -0.8660254037856890408, 82.51000000000003354, -0.4999999999978308463 ) ) ;
#630 = CARTESIAN_POINT ( 'NONE',  ( -10.49999999999998224, 99.00000000000001421, -15.00000000000000355 ) ) ;
#631 =( BOUNDED_CURVE ( )  B_SPLINE_CURVE ( 2, ( #8026, #2424, #6352, #4003, #137, #3232, #5579, #1107, #1253 ),
 .UNSPECIFIED., .F., .T. ) 
 B_SPLINE_CURVE_WITH_KNOTS ( ( 3, 2, 2, 2, 3 ),
 ( 0.5166666666666661634, 0.5249999999999994671, 0.5333333333333327708, 0.5416666666666660745, 0.5499999999999994893 ),
 .UNSPECIFIED. ) 
 CURVE ( )  GEOMETRIC_REPRESENTATION_ITEM ( )  RATIONAL_B_SPLINE_CURVE ( ( 1.000000000000005107, 0.9238795325112816315, 1.000000000000000000, 0.9238795325112867385, 1.000000000000000000, 0.9238795325112867385, 1.000000000000000000, 0.9238795325112918455, 0.9999999999999948930 ) ) 
 REPRESENTATION_ITEM ( '' )  );
#632 = ADVANCED_FACE ( 'NONE', ( #7387 ), #2748, .F. ) ;
#633 = DIRECTION ( 'NONE',  ( 5.551115123125783935E-17, -6.662983475941639612E-17, -1.000000000000000000 ) ) ;
#634 = CARTESIAN_POINT ( 'NONE',  ( 2.500000000000000444, 71.56250000000001421, -1.035533905932737975 ) ) ;
#635 = ORIENTED_EDGE ( 'NONE', *, *, #9840, .F. ) ;
#636 = ORIENTED_EDGE ( 'NONE', *, *, #5236, .T. ) ;
#637 = DIRECTION ( 'NONE',  ( -0.000000000000000000, -1.000000000000000000, -0.000000000000000000 ) ) ;
#638 = EDGE_CURVE ( 'NONE', #8688, #3231, #7653, .T. ) ;
#639 = CARTESIAN_POINT ( 'NONE',  ( -3.041265874999999230, 70.75000000136560629, 1.259733572207480057 ) ) ;
#640 = FACE_OUTER_BOUND ( 'NONE', #1267, .T. ) ;
#641 = CARTESIAN_POINT ( 'NONE',  ( 7.680516632764931018, 100.8677202171599419, 21.40000000000000213 ) ) ;
#642 = VERTEX_POINT ( 'NONE', #2897 ) ;
#643 = DIRECTION ( 'NONE',  ( 0.7962025992751327053, 0.6050300991748448487, 2.034452289125794045E-16 ) ) ;
#644 = CC_DESIGN_PERSON_AND_ORGANIZATION_ASSIGNMENT ( #8945, #4212, ( #334 ) ) ;
#645 = CARTESIAN_POINT ( 'NONE',  ( 1.260188745856617649E-14, 98.99999999999998579, -12.50000000000001243 ) ) ;
#646 = VECTOR ( 'NONE', #6444, 1000.000000000000000 ) ;
#647 = DIRECTION ( 'NONE',  ( 5.551115123125783935E-17, -6.662983475941639612E-17, -1.000000000000000000 ) ) ;
#648 = ORIENTED_EDGE ( 'NONE', *, *, #8537, .T. ) ;
#649 = ORIENTED_EDGE ( 'NONE', *, *, #8579, .F. ) ;
#650 = ORIENTED_EDGE ( 'NONE', *, *, #2805, .F. ) ;
#651 = CARTESIAN_POINT ( 'NONE',  ( -1.767766952966369098, 77.12500000273118417, -1.767766952966369098 ) ) ;
#652 = FACE_OUTER_BOUND ( 'NONE', #571, .T. ) ;
#653 = DIRECTION ( 'NONE',  ( -0.9606447433647388179, -0.2777799075629757142, 0.000000000000000000 ) ) ;
#654 = CIRCLE ( 'NONE', #3893, 7.904347826086997486 ) ;
#655 = ORIENTED_EDGE ( 'NONE', *, *, #6730, .F. ) ;
#656 = CARTESIAN_POINT ( 'NONE',  ( -3.968626966596869643, 79.50000000000002842, -4.499999999999997335 ) ) ;
#657 = CARTESIAN_POINT ( 'NONE',  ( 4.592425496802573972E-16, 74.50000000273118417, 2.500000000000000000 ) ) ;
#658 = CARTESIAN_POINT ( 'NONE',  ( 2.500000000000000444, 70.68750000273118417, 1.035533905932737309 ) ) ;
#659 = CARTESIAN_POINT ( 'NONE',  ( 3.041265874999999674, 71.12500000136559208, -1.259733572207478280 ) ) ;
#660 = CARTESIAN_POINT ( 'NONE',  ( -3.041265875000000118, 64.62500000136559208, 0.000000000000000000 ) ) ;
#661 = AXIS2_PLACEMENT_3D ( 'NONE', #9018, #2038, #2906 ) ;
#662 = ORIENTED_EDGE ( 'NONE', *, *, #2497, .T. ) ;
#663 = ADVANCED_FACE ( 'NONE', ( #2178 ), #1371, .T. ) ;
#664 = CARTESIAN_POINT ( 'NONE',  ( 5.586714778762236360E-16, 75.93750000136559208, 3.041265875000000118 ) ) ;
#665 = DIRECTION ( 'NONE',  ( -1.647214991701264181E-47, 1.178574802204324542E-16, -1.000000000000000000 ) ) ;
#666 = CARTESIAN_POINT ( 'NONE',  ( -7.781222421254343935, 96.74998274873991022, -67.99999999999998579 ) ) ;
#667 = AXIS2_PLACEMENT_3D ( 'NONE', #8071, #949, #8783 ) ;
#668 = FACE_OUTER_BOUND ( 'NONE', #5733, .T. ) ;
#669 = DIRECTION ( 'NONE',  ( -0.9606447433647388179, -0.2777799075629753811, 0.000000000000000000 ) ) ;
#670 = CARTESIAN_POINT ( 'NONE',  ( 3.717083616431592294E-14, 99.00000000000001421, -19.70000000000000639 ) ) ;
#671 = CARTESIAN_POINT ( 'NONE',  ( 1.035533905932737531, 75.93750000273119838, -2.500000000000000444 ) ) ;
#672 = CARTESIAN_POINT ( 'NONE',  ( 1.259733572207479835, 66.87500000136559208, 3.041265874999999230 ) ) ;
#673 = EDGE_LOOP ( 'NONE', ( #1610, #8463, #4079, #7626 ) ) ;
#674 = CARTESIAN_POINT ( 'NONE',  ( 3.041265875000000118, 74.18750000136559208, -3.724476519174824240E-16 ) ) ;
#675 = ORIENTED_EDGE ( 'NONE', *, *, #2376, .F. ) ;
#676 = ORIENTED_EDGE ( 'NONE', *, *, #2532, .T. ) ;
#677 = CIRCLE ( 'NONE', #7017, 8.999999999999994671 ) ;
#678 = CARTESIAN_POINT ( 'NONE',  ( -3.041265874999999674, 69.50000000136560629, -1.259733572207478058 ) ) ;
#679 = DIRECTION ( 'NONE',  ( 0.000000000000000000, 1.000000000000000000, 0.000000000000000000 ) ) ;
#680 = LINE ( 'NONE', #9235, #5768 ) ;
#681 = CIRCLE ( 'NONE', #2139, 9.750000000000000000 ) ;
#682 = FACE_OUTER_BOUND ( 'NONE', #9687, .T. ) ;
#683 = CARTESIAN_POINT ( 'NONE',  ( -10.99999999999998401, 80.00000000000001421, 14.99999999999999467 ) ) ;
#684 = CARTESIAN_POINT ( 'NONE',  ( -1.767766952966369098, 71.87500000000000000, -1.767766952966369098 ) ) ;
#685 = VERTEX_POINT ( 'NONE', #509 ) ;
#686 = ORIENTED_EDGE ( 'NONE', *, *, #9779, .T. ) ;
#687 = VECTOR ( 'NONE', #5574, 1000.000000000000000 ) ;
#688 = DIRECTION ( 'NONE',  ( 0.9256659661250541404, 0.3783418020226818057, 0.000000000000000000 ) ) ;
#689 = VECTOR ( 'NONE', #2526, 1000.000000000000114 ) ;
#690 = CARTESIAN_POINT ( 'NONE',  ( -1.862238259587412120E-16, 69.43750000136560629, -3.041265875000000118 ) ) ;
#691 = EDGE_CURVE ( 'NONE', #3013, #5494, #603, .T. ) ;
#692 =( BOUNDED_CURVE ( )  B_SPLINE_CURVE ( 2, ( #7508, #1296, #1346, #533, #6645, #5880, #3675, #8987, #4447 ),
 .UNSPECIFIED., .F., .T. ) 
 B_SPLINE_CURVE_WITH_KNOTS ( ( 3, 2, 2, 2, 3 ),
 ( 0.3166666666666669849, 0.3250000000000003442, 0.3333333333333336479, 0.3416666666666670071, 0.3500000000000003109 ),
 .UNSPECIFIED. ) 
 CURVE ( )  GEOMETRIC_REPRESENTATION_ITEM ( )  RATIONAL_B_SPLINE_CURVE ( ( 0.9999999999999970024, 0.9238795325112897361, 1.000000000000000000, 0.9238795325112867385, 1.000000000000000000, 0.9238795325112867385, 1.000000000000000000, 0.9238795325112837409, 1.000000000000003109 ) ) 
 REPRESENTATION_ITEM ( '' )  );
#693 = CARTESIAN_POINT ( 'NONE',  ( -0.5773502691871216230, 82.51000000000003354, 1.000000000001442402 ) ) ;
#694 = CARTESIAN_POINT ( 'NONE',  ( -10.49999999999998401, 110.0000000000000142, -15.00000000000000355 ) ) ;
#695 = ORIENTED_EDGE ( 'NONE', *, *, #7077, .T. ) ;
#696 = FACE_OUTER_BOUND ( 'NONE', #6017, .T. ) ;
#697 = EDGE_CURVE ( 'NONE', #3751, #5052, #2504, .T. ) ;
#698 = CARTESIAN_POINT ( 'NONE',  ( 0.000000000000000000, 70.00000000000000000, 0.000000000000000000 ) ) ;
#699 = ADVANCED_FACE ( 'NONE', ( #9108 ), #5245, .F. ) ;
#700 = DIRECTION ( 'NONE',  ( 2.501589552824417278E-12, 0.000000000000000000, 1.000000000000000000 ) ) ;
#701 = VERTEX_POINT ( 'NONE', #4471 ) ;
#702 = VERTEX_POINT ( 'NONE', #558 ) ;
#703 = ORIENTED_EDGE ( 'NONE', *, *, #4673, .T. ) ;
#704 = ADVANCED_FACE ( 'NONE', ( #2800 ), #9823, .T. ) ;
#705 = CARTESIAN_POINT ( 'NONE',  ( 3.181149452793928046E-14, 99.00000000000000000, -20.30000000000000071 ) ) ;
#706 = CYLINDRICAL_SURFACE ( 'NONE', #7509, 2.500000000000000000 ) ;
#707 = CARTESIAN_POINT ( 'NONE',  ( 2.500000000000000444, 67.81250000273118417, -1.035533905932737975 ) ) ;
#708 = ORIENTED_EDGE ( 'NONE', *, *, #3927, .F. ) ;
#709 = CARTESIAN_POINT ( 'NONE',  ( 4.592425496802573972E-16, 73.50000000273118417, 2.500000000000000000 ) ) ;
#710 = CARTESIAN_POINT ( 'NONE',  ( -2.500000000000000000, 70.31250000273119838, 1.035533905932739307 ) ) ;
#711 = AXIS2_PLACEMENT_3D ( 'NONE', #2033, #3561, #8249 ) ;
#712 = CARTESIAN_POINT ( 'NONE',  ( 3.041265875000000118, 71.06250000136560629, -3.724476519174824240E-16 ) ) ;
#713 = CARTESIAN_POINT ( 'NONE',  ( 2.487000723523285828, 104.4602955415613366, 22.49999999999998579 ) ) ;
#714 = VERTEX_POINT ( 'NONE', #5953 ) ;
#715 = AXIS2_PLACEMENT_3D ( 'NONE', #4316, #2167, #496 ) ;
#716 = EDGE_LOOP ( 'NONE', ( #9185, #5850, #10008, #3065 ) ) ;
#717 = CARTESIAN_POINT ( 'NONE',  ( 1.259733572207478058, 74.37500000136560629, -3.041265875000000563 ) ) ;
#718 = DIRECTION ( 'NONE',  ( -8.011868568650901149E-32, 1.000000000000000000, 1.178574802204324542E-16 ) ) ;
#719 = CARTESIAN_POINT ( 'NONE',  ( 1.985792177107727192E-14, 99.00000000000002842, 20.29999999999999716 ) ) ;
#720 = DIRECTION ( 'NONE',  ( 5.551115123125783935E-17, -6.662983475941639612E-17, -1.000000000000000000 ) ) ;
#721 = CARTESIAN_POINT ( 'NONE',  ( -2.500000000000000000, 68.06250000000000000, 1.035533905932739307 ) ) ;
#722 = DIRECTION ( 'NONE',  ( 3.885780586188047891E-16, -1.065500303100115213E-16, -1.000000000000000000 ) ) ;
#723 = CARTESIAN_POINT ( 'NONE',  ( 1.035533905932737531, 77.93750000273119838, -2.500000000000000444 ) ) ;
#724 = CARTESIAN_POINT ( 'NONE',  ( 3.041265875000000563, 67.12500000136559208, -1.259733572207478502 ) ) ;
#725 = ORIENTED_EDGE ( 'NONE', *, *, #5969, .F. ) ;
#726 = CARTESIAN_POINT ( 'NONE',  ( 3.041265875000000118, 73.18750000136559208, -3.724476519174824240E-16 ) ) ;
#727 = ORIENTED_EDGE ( 'NONE', *, *, #6801, .F. ) ;
#728 = EDGE_LOOP ( 'NONE', ( #3781, #1534, #2959, #5222, #9193 ) ) ;
#729 = CARTESIAN_POINT ( 'NONE',  ( 2.150499723603739533, 72.93750000136559208, 2.150499723603738644 ) ) ;
#730 = CARTESIAN_POINT ( 'NONE',  ( 2.789297643080071723E-15, 99.00000000000001421, 68.00000000000000000 ) ) ;
#731 = CIRCLE ( 'NONE', #9024, 7.904347826086998374 ) ;
#732 = CARTESIAN_POINT ( 'NONE',  ( 4.797269072985134386, 92.76423757108376833, -20.29999999999999716 ) ) ;
#733 = EDGE_CURVE ( 'NONE', #8869, #3139, #3652, .T. ) ;
#734 = CARTESIAN_POINT ( 'NONE',  ( 3.041265874999999674, 79.12500000136559208, -1.259733572207478280 ) ) ;
#735 = DIRECTION ( 'NONE',  ( 1.647214991701264181E-47, -1.178574802204324542E-16, 1.000000000000000000 ) ) ;
#736 = CARTESIAN_POINT ( 'NONE',  ( -2.500000000000000000, 68.06250000000000000, 1.035533905932739307 ) ) ;
#737 = ORIENTED_EDGE ( 'NONE', *, *, #5058, .F. ) ;
#738 = VERTEX_POINT ( 'NONE', #2080 ) ;
#739 = CYLINDRICAL_SURFACE ( 'NONE', #1760, 2.500000000000000000 ) ;
#740 = EDGE_CURVE ( 'NONE', #4376, #1469, #1694, .T. ) ;
#741 = CARTESIAN_POINT ( 'NONE',  ( -1.259733572207478502, 69.87500000136559208, 3.041265874999999230 ) ) ;
#742 = DIRECTION ( 'NONE',  ( 1.000000000000000000, 3.885780586188047891E-16, -2.501589552824417682E-12 ) ) ;
#743 = LINE ( 'NONE', #2927, #9211 ) ;
#744 = CARTESIAN_POINT ( 'NONE',  ( -1.767766952966368432, 66.12500000000000000, 1.767766952966369320 ) ) ;
#745 = VERTEX_POINT ( 'NONE', #2032 ) ;
#746 = DIRECTION ( 'NONE',  ( 2.501589552824417682E-12, 0.000000000000000000, 1.000000000000000000 ) ) ;
#747 = CYLINDRICAL_SURFACE ( 'NONE', #7682, 2.500000000000000000 ) ;
#748 = CIRCLE ( 'NONE', #3171, 2.849999999999997868 ) ;
#749 = DIRECTION ( 'NONE',  ( 3.885780586188047891E-16, -1.065500303100115213E-16, -1.000000000000000000 ) ) ;
#750 = EDGE_LOOP ( 'NONE', ( #7229, #727, #910 ) ) ;
#751 = ORIENTED_EDGE ( 'NONE', *, *, #8609, .F. ) ;
#752 = VERTEX_POINT ( 'NONE', #5196 ) ;
#753 = EDGE_CURVE ( 'NONE', #7350, #2738, #3096, .T. ) ;
#754 = CARTESIAN_POINT ( 'NONE',  ( -3.041265875000000118, 79.68750000136559208, 0.000000000000000000 ) ) ;
#755 = EDGE_CURVE ( 'NONE', #3113, #8702, #6286, .T. ) ;
#756 = AXIS2_PLACEMENT_3D ( 'NONE', #6045, #2934, #2118 ) ;
#757 = LINE ( 'NONE', #3851, #2475 ) ;
#758 = CARTESIAN_POINT ( 'NONE',  ( -2.500000000000000000, 68.31250000273121259, 1.035533905932739307 ) ) ;
#759 =( BOUNDED_SURFACE ( )  B_SPLINE_SURFACE ( 1, 2, ( 
 ( #754, #8594, #805, #139, #3899, #8689, #5532, #40, #3136, #6257, #6354, #9355, #4821, #8639, #7923, #958, #4770, #6916, #10011, #3437, #8893, #2676, #4263, #5031, #8028, #1055, #8180, #2524, #1869, #1108, #7370, #7165, #8841, #286, #9552, #4211, #394, #1158, #185, #1920, #5685, #9603, #9657, #7315, #2627, #6552, #3488, #3335, #5784, #4106, #4975, #8078, #6450, #1004, #6599, #8130, #9706, #2730, #5840, #5736, #2576, #6501, #339, #3287, #7216, #4056, #8944, #1967, #5080, #6403, #8741, #9501, #4157, #235, #7266, #5633, #1773, #4876, #8791, #1822, #7980, #4925, #3386, #9142, #5937, #8994, #2779, #8379, #2016, #3733, #6036, #2925, #2108, #9900, #5178, #2162, #1254, #5274, #441, #9088, #9041, #5226, #1306, #3540, #4406, #5129, #587, #7518, #8229, #1407, #6845, #4505, #540, #3636, #7617, #6750, #9950, #9853, #2061, #8332, #8278, #9806, #2880, #2210, #2829, #1354, #4359, #7565, #4455, #5327, #3683, #9758, #9189, #5986, #6802, #2976, #6090, #1208, #4310, #7468, #7415, #491, #6653, #639, #5889, #3587, #6704, #1556, #6144, #74, #7765, #4660, #3784, #3075, #4559, #4607, #2362, #741, #7714, #1653, #3943, #3835, #5378, #3991, #690, #1512, #7667, #6244, #8484, #9390, #6955, #3885, #4760, #7862, #10053, #26, #840, #2464, #9340, #2319, #7812, #123, #890, #6902, #6196, #9292, #5475, #3223, #3126, #9999, #8580, #6341, #7053, #5429, #6291, #3170, #1605, #9437, #3024, #4707, #8531, #795, #7002, #7103, #2415, #9243, #5518, #8629, #8433, #1458, #2265, #8065, #2516, #225, #4964, #4147, #1097, #6588, #9542, #4200, #1908, #3325, #5623, #7253, #8119, #994, #379, #7152, #2665, #6440, #1859, #2567, #3377, #5674, #1762, #8777, #4808, #7305, #6392, #8731, #4864 ),
 ( #9696, #4094, #6492, #7964, #327, #9590, #5569, #8831, #4043, #3475, #275, #2613, #1147, #4251, #8678, #1707, #7204, #7910, #1809, #943, #5021, #4915, #173, #3273, #8018, #9489, #3425, #1043, #5723, #6539, #9644, #5774, #8880, #7358, #5118, #2004, #6023, #8320, #8216, #9747, #8370, #5070, #5878, #1955, #531, #2766, #3671, #1243, #8270, #9127, #2152, #8984, #4395, #5215, #6836, #3626, #6694, #2097, #4492, #5264, #8169, #4346, #7459, #6741, #7603, #7506, #1196, #9843, #627, #1344, #480, #577, #4444, #2867, #3720, #4297, #5974, #9797, #3576, #2820, #1396, #7556, #7403, #9080, #5927, #2717, #2915, #9031, #6788, #2050, #5165, #9889, #1294, #5829, #8934, #429, #3527, #6642, #7704, #6889, #1546, #2402, #5365, #4749, #1447, #7041, #729, #6233, #3823, #3066, #3775, #9328, #2256, #9230, #3159, #5464, #8469, #9989, #5510, #2199, #3014, #9178, #7751, #6131, #830, #1499, #5418, #6278, #9377, #4598, #4647, #2352, #3978, #781, #6941, #8566, #1642, #8618, #5314, #10040, #6185, #3876, #7852, #6992, #8423, #16, #877, #1592, #9280, #7801, #4697, #3115, #9938, #4545, #3931, #2305, #8520, #60, #2965, #6078, #7654, #678, #7194, #6526, #7293, #7951, #9577, #4031, #1745, #6479, #5659, #2600, #8106, #981, #5710, #3411, #4850, #7142, #8766, #9631, #2503, #1893, #8666, #4185, #4081, #3360, #211, #3313, #927, #8820, #6428, #7895, #4953, #2652, #313, #9526, #2552, #1844, #1795, #5761, #4901, #8005, #4132, #1030, #5608, #7243, #1132, #8715, #261, #162, #8055, #1084, #7089, #8867, #5558, #5005, #108, #3211, #6330, #9426, #2452, #1693, #3262, #4796, #6379, #9477, #3659, #4334, #5814, #9115, #7446, #1943, #5962, #3566, #471, #9681, #8971, #367, #416, #8255, #6574 ) ),
 .UNSPECIFIED., .F., .F., .F. ) 
 B_SPLINE_SURFACE_WITH_KNOTS ( ( 2, 2 ),
 ( 3, 2, 2, 2, 2, 2, 2, 2, 2, 2, 2, 2, 2, 2, 2, 2, 2, 2, 2, 2, 2, 2, 2, 2, 2, 2, 2, 2, 2, 2, 2, 2, 2, 2, 2, 2, 2, 2, 2, 2, 2, 2, 2, 2, 2, 2, 2, 2, 2, 2, 2, 2, 2, 2, 2, 2, 2, 2, 2, 2, 2, 2, 2, 2, 2, 2, 2, 2, 2, 2, 2, 2, 2, 2, 2, 2, 2, 2, 2, 2, 2, 2, 2, 2, 2, 2, 2, 2, 2, 2, 2, 2, 2, 2, 2, 2, 2, 2, 2, 2, 2, 2, 2, 2, 2, 2, 2, 2, 2, 2, 2, 2, 2, 2, 2, 2, 2, 2, 2, 2, 3 ),
 ( 0.000000000000000000, 1.000000000000000000 ),
 ( 0.000000000000000000, 0.008333333333333333218, 0.01666666666666666644, 0.02500000000000000139, 0.03333333333333333287, 0.04166666666666666435, 0.05000000000000000278, 0.05833333333333333426, 0.06666666666666666574, 0.07499999999999999722, 0.08333333333333332871, 0.09166666666666666019, 0.1000000000000000056, 0.1083333333333333370, 0.1166666666666666685, 0.1250000000000000000, 0.1333333333333333315, 0.1416666666666666630, 0.1499999999999999944, 0.1583333333333333259, 0.1666666666666666574, 0.1749999999999999889, 0.1833333333333333204, 0.1916666666666666796, 0.2000000000000000111, 0.2083333333333333426, 0.2166666666666666741, 0.2250000000000000056, 0.2333333333333333370, 0.2416666666666666685, 0.2500000000000000000, 0.2583333333333333592, 0.2666666666666666630, 0.2750000000000000222, 0.2833333333333333259, 0.2916666666666666852, 0.2999999999999999889, 0.3083333333333333481, 0.3166666666666666519, 0.3250000000000000111, 0.3333333333333333148, 0.3416666666666666741, 0.3499999999999999778, 0.3583333333333333370, 0.3666666666666666408, 0.3750000000000000000, 0.3833333333333333592, 0.3916666666666666630, 0.4000000000000000222, 0.4083333333333333259, 0.4166666666666666852, 0.4249999999999999889, 0.4333333333333333481, 0.4416666666666666519, 0.4500000000000000111, 0.4583333333333333148, 0.4666666666666666741, 0.4749999999999999778, 0.4833333333333333370, 0.4916666666666666408, 0.5000000000000000000, 0.5083333333333333037, 0.5166666666666667185, 0.5250000000000000222, 0.5333333333333333259, 0.5416666666666666297, 0.5500000000000000444, 0.5583333333333333481, 0.5666666666666666519, 0.5749999999999999556, 0.5833333333333333703, 0.5916666666666666741, 0.5999999999999999778, 0.6083333333333332815, 0.6166666666666666963, 0.6250000000000000000, 0.6333333333333333037, 0.6416666666666667185, 0.6500000000000000222, 0.6583333333333333259, 0.6666666666666666297, 0.6750000000000000444, 0.6833333333333333481, 0.6916666666666666519, 0.6999999999999999556, 0.7083333333333333703, 0.7166666666666666741, 0.7249999999999999778, 0.7333333333333332815, 0.7416666666666666963, 0.7500000000000000000, 0.7583333333333333037, 0.7666666666666667185, 0.7750000000000000222, 0.7833333333333333259, 0.7916666666666666297, 0.8000000000000000444, 0.8083333333333333481, 0.8166666666666666519, 0.8249999999999999556, 0.8333333333333333703, 0.8416666666666666741, 0.8499999999999999778, 0.8583333333333332815, 0.8666666666666666963, 0.8750000000000000000, 0.8833333333333333037, 0.8916666666666667185, 0.9000000000000000222, 0.9083333333333333259, 0.9166666666666666297, 0.9250000000000000444, 0.9333333333333333481, 0.9416666666666666519, 0.9499999999999999556, 0.9583333333333333703, 0.9666666666666666741, 0.9749999999999999778, 0.9833333333333332815, 0.9916666666666666963, 1.000000000000000000 ),
 .UNSPECIFIED. ) 
 GEOMETRIC_REPRESENTATION_ITEM ( )  RATIONAL_B_SPLINE_SURFACE ( (
 ( 1.000000000000000000, 0.9238795325112867385, 1.000000000000000000, 0.9238795325112867385, 1.000000000000000000, 0.9238795325112867385, 1.000000000000000000, 0.9238795325112867385, 1.000000000000000000, 0.9238795325112867385, 1.000000000000000000, 0.9238795325112867385, 1.000000000000000000, 0.9238795325112867385, 1.000000000000000000, 0.9238795325112867385, 1.000000000000000000, 0.9238795325112867385, 1.000000000000000000, 0.9238795325112867385, 1.000000000000000000, 0.9238795325112867385, 1.000000000000000000, 0.9238795325112867385, 1.000000000000000000, 0.9238795325112867385, 1.000000000000000000, 0.9238795325112867385, 1.000000000000000000, 0.9238795325112867385, 1.000000000000000000, 0.9238795325112867385, 1.000000000000000000, 0.9238795325112867385, 1.000000000000000000, 0.9238795325112867385, 1.000000000000000000, 0.9238795325112867385, 1.000000000000000000, 0.9238795325112867385, 1.000000000000000000, 0.9238795325112867385, 1.000000000000000000, 0.9238795325112867385, 1.000000000000000000, 0.9238795325112867385, 1.000000000000000000, 0.9238795325112867385, 1.000000000000000000, 0.9238795325112867385, 1.000000000000000000, 0.9238795325112867385, 1.000000000000000000, 0.9238795325112867385, 1.000000000000000000, 0.9238795325112867385, 1.000000000000000000, 0.9238795325112867385, 1.000000000000000000, 0.9238795325112867385, 1.000000000000000000, 0.9238795325112867385, 1.000000000000000000, 0.9238795325112867385, 1.000000000000000000, 0.9238795325112867385, 1.000000000000000000, 0.9238795325112867385, 1.000000000000000000, 0.9238795325112867385, 1.000000000000000000, 0.9238795325112867385, 1.000000000000000000, 0.9238795325112867385, 1.000000000000000000, 0.9238795325112867385, 1.000000000000000000, 0.9238795325112867385, 1.000000000000000000, 0.9238795325112867385, 1.000000000000000000, 0.9238795325112867385, 1.000000000000000000, 0.9238795325112867385, 1.000000000000000000, 0.9238795325112867385, 1.000000000000000000, 0.9238795325112867385, 1.000000000000000000, 0.9238795325112867385, 1.000000000000000000, 0.9238795325112867385, 1.000000000000000000, 0.9238795325112867385, 1.000000000000000000, 0.9238795325112867385, 1.000000000000000000, 0.9238795325112867385, 1.000000000000000000, 0.9238795325112867385, 1.000000000000000000, 0.9238795325112867385, 1.000000000000000000, 0.9238795325112867385, 1.000000000000000000, 0.9238795325112867385, 1.000000000000000000, 0.9238795325112867385, 1.000000000000000000, 0.9238795325112867385, 1.000000000000000000, 0.9238795325112867385, 1.000000000000000000, 0.9238795325112867385, 1.000000000000000000, 0.9238795325112867385, 1.000000000000000000, 0.9238795325112867385, 1.000000000000000000, 0.9238795325112867385, 1.000000000000000000, 0.9238795325112867385, 1.000000000000000000, 0.9238795325112867385, 1.000000000000000000, 0.9238795325112867385, 1.000000000000000000, 0.9238795325112867385, 1.000000000000000000, 0.9238795325112867385, 1.000000000000000000, 0.9238795325112867385, 1.000000000000000000, 0.9238795325112867385, 1.000000000000000000, 0.9238795325112867385, 1.000000000000000000, 0.9238795325112867385, 1.000000000000000000, 0.9238795325112867385, 1.000000000000000000, 0.9238795325112867385, 1.000000000000000000, 0.9238795325112867385, 1.000000000000000000, 0.9238795325112867385, 1.000000000000000000, 0.9238795325112867385, 1.000000000000000000, 0.9238795325112867385, 1.000000000000000000, 0.9238795325112867385, 1.000000000000000000, 0.9238795325112867385, 1.000000000000000000, 0.9238795325112867385, 1.000000000000000000, 0.9238795325112867385, 1.000000000000000000, 0.9238795325112867385, 1.000000000000000000, 0.9238795325112867385, 1.000000000000000000, 0.9238795325112867385, 1.000000000000000000, 0.9238795325112867385, 1.000000000000000000, 0.9238795325112867385, 1.000000000000000000, 0.9238795325112867385, 1.000000000000000000, 0.9238795325112867385, 1.000000000000000000, 0.9238795325112867385, 1.000000000000000000, 0.9238795325112867385, 1.000000000000000000, 0.9238795325112867385, 1.000000000000000000, 0.9238795325112867385, 1.000000000000000000, 0.9238795325112867385, 1.000000000000000000, 0.9238795325112867385, 1.000000000000000000, 0.9238795325112867385, 1.000000000000000000, 0.9238795325112867385, 1.000000000000000000, 0.9238795325112867385, 1.000000000000000000, 0.9238795325112867385, 1.000000000000000000, 0.9238795325112867385, 1.000000000000000000, 0.9238795325112867385, 1.000000000000000000, 0.9238795325112867385, 1.000000000000000000, 0.9238795325112867385, 1.000000000000000000, 0.9238795325112867385, 1.000000000000000000, 0.9238795325112867385, 1.000000000000000000, 0.9238795325112867385, 1.000000000000000000, 0.9238795325112867385, 1.000000000000000000, 0.9238795325112867385, 1.000000000000000000, 0.9238795325112867385, 1.000000000000000000, 0.9238795325112867385, 1.000000000000000000, 0.9238795325112867385, 1.000000000000000000, 0.9238795325112867385, 1.000000000000000000, 0.9238795325112867385, 1.000000000000000000, 0.9238795325112867385, 1.000000000000000000, 0.9238795325112867385, 1.000000000000000000, 0.9238795325112867385, 1.000000000000000000, 0.9238795325112867385, 1.000000000000000000, 0.9238795325112867385, 1.000000000000000000, 0.9238795325112867385, 1.000000000000000000, 0.9238795325112867385, 1.000000000000000000, 0.9238795325112867385, 1.000000000000000000, 0.9238795325112867385, 1.000000000000000000, 0.9238795325112867385, 1.000000000000000000),
 ( 1.000000000000000000, 0.9238795325112867385, 1.000000000000000000, 0.9238795325112867385, 1.000000000000000000, 0.9238795325112867385, 1.000000000000000000, 0.9238795325112867385, 1.000000000000000000, 0.9238795325112867385, 1.000000000000000000, 0.9238795325112867385, 1.000000000000000000, 0.9238795325112867385, 1.000000000000000000, 0.9238795325112867385, 1.000000000000000000, 0.9238795325112867385, 1.000000000000000000, 0.9238795325112867385, 1.000000000000000000, 0.9238795325112867385, 1.000000000000000000, 0.9238795325112867385, 1.000000000000000000, 0.9238795325112867385, 1.000000000000000000, 0.9238795325112867385, 1.000000000000000000, 0.9238795325112867385, 1.000000000000000000, 0.9238795325112867385, 1.000000000000000000, 0.9238795325112867385, 1.000000000000000000, 0.9238795325112867385, 1.000000000000000000, 0.9238795325112867385, 1.000000000000000000, 0.9238795325112867385, 1.000000000000000000, 0.9238795325112867385, 1.000000000000000000, 0.9238795325112867385, 1.000000000000000000, 0.9238795325112867385, 1.000000000000000000, 0.9238795325112867385, 1.000000000000000000, 0.9238795325112867385, 1.000000000000000000, 0.9238795325112867385, 1.000000000000000000, 0.9238795325112867385, 1.000000000000000000, 0.9238795325112867385, 1.000000000000000000, 0.9238795325112867385, 1.000000000000000000, 0.9238795325112867385, 1.000000000000000000, 0.9238795325112867385, 1.000000000000000000, 0.9238795325112867385, 1.000000000000000000, 0.9238795325112867385, 1.000000000000000000, 0.9238795325112867385, 1.000000000000000000, 0.9238795325112867385, 1.000000000000000000, 0.9238795325112867385, 1.000000000000000000, 0.9238795325112867385, 1.000000000000000000, 0.9238795325112867385, 1.000000000000000000, 0.9238795325112867385, 1.000000000000000000, 0.9238795325112867385, 1.000000000000000000, 0.9238795325112867385, 1.000000000000000000, 0.9238795325112867385, 1.000000000000000000, 0.9238795325112867385, 1.000000000000000000, 0.9238795325112867385, 1.000000000000000000, 0.9238795325112867385, 1.000000000000000000, 0.9238795325112867385, 1.000000000000000000, 0.9238795325112867385, 1.000000000000000000, 0.9238795325112867385, 1.000000000000000000, 0.9238795325112867385, 1.000000000000000000, 0.9238795325112867385, 1.000000000000000000, 0.9238795325112867385, 1.000000000000000000, 0.9238795325112867385, 1.000000000000000000, 0.9238795325112867385, 1.000000000000000000, 0.9238795325112867385, 1.000000000000000000, 0.9238795325112867385, 1.000000000000000000, 0.9238795325112867385, 1.000000000000000000, 0.9238795325112867385, 1.000000000000000000, 0.9238795325112867385, 1.000000000000000000, 0.9238795325112867385, 1.000000000000000000, 0.9238795325112867385, 1.000000000000000000, 0.9238795325112867385, 1.000000000000000000, 0.9238795325112867385, 1.000000000000000000, 0.9238795325112867385, 1.000000000000000000, 0.9238795325112867385, 1.000000000000000000, 0.9238795325112867385, 1.000000000000000000, 0.9238795325112867385, 1.000000000000000000, 0.9238795325112867385, 1.000000000000000000, 0.9238795325112867385, 1.000000000000000000, 0.9238795325112867385, 1.000000000000000000, 0.9238795325112867385, 1.000000000000000000, 0.9238795325112867385, 1.000000000000000000, 0.9238795325112867385, 1.000000000000000000, 0.9238795325112867385, 1.000000000000000000, 0.9238795325112867385, 1.000000000000000000, 0.9238795325112867385, 1.000000000000000000, 0.9238795325112867385, 1.000000000000000000, 0.9238795325112867385, 1.000000000000000000, 0.9238795325112867385, 1.000000000000000000, 0.9238795325112867385, 1.000000000000000000, 0.9238795325112867385, 1.000000000000000000, 0.9238795325112867385, 1.000000000000000000, 0.9238795325112867385, 1.000000000000000000, 0.9238795325112867385, 1.000000000000000000, 0.9238795325112867385, 1.000000000000000000, 0.9238795325112867385, 1.000000000000000000, 0.9238795325112867385, 1.000000000000000000, 0.9238795325112867385, 1.000000000000000000, 0.9238795325112867385, 1.000000000000000000, 0.9238795325112867385, 1.000000000000000000, 0.9238795325112867385, 1.000000000000000000, 0.9238795325112867385, 1.000000000000000000, 0.9238795325112867385, 1.000000000000000000, 0.9238795325112867385, 1.000000000000000000, 0.9238795325112867385, 1.000000000000000000, 0.9238795325112867385, 1.000000000000000000, 0.9238795325112867385, 1.000000000000000000, 0.9238795325112867385, 1.000000000000000000, 0.9238795325112867385, 1.000000000000000000, 0.9238795325112867385, 1.000000000000000000, 0.9238795325112867385, 1.000000000000000000, 0.9238795325112867385, 1.000000000000000000, 0.9238795325112867385, 1.000000000000000000, 0.9238795325112867385, 1.000000000000000000, 0.9238795325112867385, 1.000000000000000000, 0.9238795325112867385, 1.000000000000000000, 0.9238795325112867385, 1.000000000000000000, 0.9238795325112867385, 1.000000000000000000, 0.9238795325112867385, 1.000000000000000000, 0.9238795325112867385, 1.000000000000000000, 0.9238795325112867385, 1.000000000000000000, 0.9238795325112867385, 1.000000000000000000, 0.9238795325112867385, 1.000000000000000000, 0.9238795325112867385, 1.000000000000000000, 0.9238795325112867385, 1.000000000000000000, 0.9238795325112867385, 1.000000000000000000, 0.9238795325112867385, 1.000000000000000000, 0.9238795325112867385, 1.000000000000000000, 0.9238795325112867385, 1.000000000000000000, 0.9238795325112867385, 1.000000000000000000, 0.9238795325112867385, 1.000000000000000000) ) ) 
 REPRESENTATION_ITEM ( '' )  SURFACE ( )  );
#760 = VERTEX_POINT ( 'NONE', #9970 ) ;
#761 = CARTESIAN_POINT ( 'NONE',  ( 2.500000000000000444, 73.68750000273121259, 1.035533905932737309 ) ) ;
#762 = CARTESIAN_POINT ( 'NONE',  ( 1.265917165546949441, 103.6300597976671583, -21.40000000000000213 ) ) ;
#763 = CARTESIAN_POINT ( 'NONE',  ( -3.041265874999999674, 68.50000000136559208, -1.259733572207478058 ) ) ;
#764 = EDGE_CURVE ( 'NONE', #2941, #7689, #2995, .T. ) ;
#765 = CARTESIAN_POINT ( 'NONE',  ( -1.035533905932758847, 68.06250000273118417, -2.499999999999979128 ) ) ;
#766 = VERTEX_POINT ( 'NONE', #1477 ) ;
#767 = ORIENTED_EDGE ( 'NONE', *, *, #7260, .F. ) ;
#768 = VECTOR ( 'NONE', #2830, 1000.000000000000000 ) ;
#769 = CARTESIAN_POINT ( 'NONE',  ( 2.150499723603739533, 74.06250000136559208, 2.150499723603738644 ) ) ;
#770 = CARTESIAN_POINT ( 'NONE',  ( -10.99999999999998401, 99.00000000000001421, 1.652935509845160818E-15 ) ) ;
#771 = FACE_OUTER_BOUND ( 'NONE', #2783, .T. ) ;
#772 = DIRECTION ( 'NONE',  ( 8.011868568650901149E-32, -1.000000000000000000, -1.178574802204324542E-16 ) ) ;
#773 = CARTESIAN_POINT ( 'NONE',  ( -1.530808498934191571E-16, 67.75000000000000000, -2.500000000000000000 ) ) ;
#774 = CARTESIAN_POINT ( 'NONE',  ( -1.767766952966368432, 73.12500000000000000, 1.767766952966369320 ) ) ;
#775 = CARTESIAN_POINT ( 'NONE',  ( -2.500000000000000444, 75.18750000273121259, -1.035533905932737753 ) ) ;
#776 = CARTESIAN_POINT ( 'NONE',  ( -2.150499723603739088, 67.43750000136560629, -2.150499723603739088 ) ) ;
#777 = CIRCLE ( 'NONE', #2225, 9.000000000000000000 ) ;
#778 = AXIS2_PLACEMENT_3D ( 'NONE', #1504, #2358, #2204 ) ;
#779 = CARTESIAN_POINT ( 'NONE',  ( -3.041265875000000118, 70.68750000136559208, 0.000000000000000000 ) ) ;
#780 = VERTEX_POINT ( 'NONE', #4776 ) ;
#781 = CARTESIAN_POINT ( 'NONE',  ( 1.259733572207478058, 71.25000000136557787, -3.041265874999999674 ) ) ;
#782 = VECTOR ( 'NONE', #7021, 1000.000000000000000 ) ;
#783 = CYLINDRICAL_SURFACE ( 'NONE', #597, 6.000000000000000888 ) ;
#784 = VECTOR ( 'NONE', #862, 1000.000000000000000 ) ;
#785 = VECTOR ( 'NONE', #4309, 1000.000000000000000 ) ;
#786 = CARTESIAN_POINT ( 'NONE',  ( 2.150499723603738644, 78.18750000136559208, -2.150499723603739088 ) ) ;
#787 = DIRECTION ( 'NONE',  ( 3.885780586188047891E-16, -1.065500303100115213E-16, -1.000000000000000000 ) ) ;
#788 = CARTESIAN_POINT ( 'NONE',  ( 1.035533905932760179, 66.56250000273118417, 2.499999999999978684 ) ) ;
#789 = CARTESIAN_POINT ( 'NONE',  ( 1.035533905932737531, 70.68750000000001421, -2.500000000000000444 ) ) ;
#790 = EDGE_LOOP ( 'NONE', ( #8788, #5592, #2412 ) ) ;
#791 = ORIENTED_EDGE ( 'NONE', *, *, #3860, .T. ) ;
#792 =( BOUNDED_CURVE ( )  B_SPLINE_CURVE ( 2, ( #9466, #8703, #1536, #4836, #1, #3102, #6223, #9316, #4989 ),
 .UNSPECIFIED., .F., .T. ) 
 B_SPLINE_CURVE_WITH_KNOTS ( ( 3, 2, 2, 2, 3 ),
 ( 0.4500000000000003997, 0.4583333333333337034, 0.4666666666666670626, 0.4750000000000003664, 0.4833333333333337256 ),
 .UNSPECIFIED. ) 
 CURVE ( )  GEOMETRIC_REPRESENTATION_ITEM ( )  RATIONAL_B_SPLINE_CURVE ( ( 0.9999999999999964473, 0.9238795325112902912, 1.000000000000000000, 0.9238795325112867385, 1.000000000000000000, 0.9238795325112867385, 1.000000000000000000, 0.9238795325112831858, 1.000000000000003553 ) ) 
 REPRESENTATION_ITEM ( '' )  );
#793 = DIRECTION ( 'NONE',  ( -0.000000000000000000, 8.773937619163356039E-17, 1.000000000000000000 ) ) ;
#794 = EDGE_CURVE ( 'NONE', #2740, #6739, #7071, .T. ) ;
#795 = CARTESIAN_POINT ( 'NONE',  ( 3.041265875000001007, 67.12500000136559208, 1.259733572207477836 ) ) ;
#796 = LINE ( 'NONE', #9341, #4417 ) ;
#797 = CARTESIAN_POINT ( 'NONE',  ( 2.500000000000000444, 72.56250000000001421, -1.035533905932737975 ) ) ;
#798 = CARTESIAN_POINT ( 'NONE',  ( 3.211632350503328181E-14, 99.00000000000000000, -21.40000000000000213 ) ) ;
#799 = ORIENTED_EDGE ( 'NONE', *, *, #1012, .F. ) ;
#800 = DIRECTION ( 'NONE',  ( -1.665334536937734071E-16, 4.229157726022815470E-17, 1.000000000000000000 ) ) ;
#801 = DIRECTION ( 'NONE',  ( 2.771172519036345232E-16, -8.684692346097759303E-17, -1.000000000000000000 ) ) ;
#802 = ORIENTED_EDGE ( 'NONE', *, *, #2774, .T. ) ;
#803 = ORIENTED_EDGE ( 'NONE', *, *, #10018, .F. ) ;
#804 = ORIENTED_EDGE ( 'NONE', *, *, #3770, .T. ) ;
#805 = CARTESIAN_POINT ( 'NONE',  ( -2.150499723603739088, 79.56250000136559208, -2.150499723603739088 ) ) ;
#806 = FACE_OUTER_BOUND ( 'NONE', #8275, .T. ) ;
#807 = CARTESIAN_POINT ( 'NONE',  ( 1.767766952966368654, 68.87500000273119838, -1.767766952966369098 ) ) ;
#808 = ORIENTED_EDGE ( 'NONE', *, *, #5295, .T. ) ;
#809 = LINE ( 'NONE', #3140, #782 ) ;
#810 = CARTESIAN_POINT ( 'NONE',  ( 1.561251128379126385E-14, 99.00000000000001421, 20.00000000000000000 ) ) ;
#811 = VECTOR ( 'NONE', #1518, 1000.000000000000000 ) ;
#812 = CARTESIAN_POINT ( 'NONE',  ( 2.150499723603739533, 68.93750000136560629, 2.150499723603738644 ) ) ;
#813 = DIRECTION ( 'NONE',  ( -1.665334536937734071E-16, 4.229157726022815470E-17, 1.000000000000000000 ) ) ;
#814 = ORIENTED_EDGE ( 'NONE', *, *, #1570, .T. ) ;
#815 = ORIENTED_EDGE ( 'NONE', *, *, #1505, .F. ) ;
#816 = FACE_BOUND ( 'NONE', #9796, .T. ) ;
#817 = CONICAL_SURFACE ( 'NONE', #1474, 6.000000000000000000, 0.7853981633974536081 ) ;
#818 = CARTESIAN_POINT ( 'NONE',  ( -5.763868460188395382, 97.33332055462216204, -19.79999999999999716 ) ) ;
#819 = DIRECTION ( 'NONE',  ( 3.885780586188047891E-16, -1.065500303100115213E-16, -1.000000000000000000 ) ) ;
#820 = EDGE_CURVE ( 'NONE', #6757, #837, #3242, .T. ) ;
#821 = DIRECTION ( 'NONE',  ( 0.000000000000000000, 1.000000000000000000, 0.000000000000000000 ) ) ;
#822 = CARTESIAN_POINT ( 'NONE',  ( 1.767766952966369320, 72.62500000273118417, 1.767766952966368654 ) ) ;
#823 = CARTESIAN_POINT ( 'NONE',  ( -2.500000000000000000, 70.00000000000000000, 0.000000000000000000 ) ) ;
#824 = ADVANCED_FACE ( 'NONE', ( #906 ), #2335, .F. ) ;
#825 = AXIS2_PLACEMENT_3D ( 'NONE', #6355, #4640, #3055 ) ;
#826 = EDGE_CURVE ( 'NONE', #1440, #5472, #4526, .T. ) ;
#827 = CARTESIAN_POINT ( 'NONE',  ( 2.150499723603738644, 73.31250000136559208, -2.150499723603739088 ) ) ;
#828 = VERTEX_POINT ( 'NONE', #4680 ) ;
#829 = APPROVAL ( #4107, 'UNSPECIFIED' ) ;
#830 = CARTESIAN_POINT ( 'NONE',  ( 5.586714778762236360E-16, 71.81250000136560629, 3.041265875000000118 ) ) ;
#831 = CARTESIAN_POINT ( 'NONE',  ( 3.985202476878567978E-14, 99.00000000000001421, -67.99999999999998579 ) ) ;
#832 = CARTESIAN_POINT ( 'NONE',  ( -1.862238259587412120E-16, 77.31250000136559208, -3.041265875000000118 ) ) ;
#833 = AXIS2_PLACEMENT_3D ( 'NONE', #6504, #8845, #9606 ) ;
#834 = LINE ( 'NONE', #8373, #3281 ) ;
#835 = DIRECTION ( 'NONE',  ( -1.000000000000000000, -7.480953571932385480E-32, 2.185546148047696501E-16 ) ) ;
#836 = CARTESIAN_POINT ( 'NONE',  ( -1.767766952966368432, 71.12500000000000000, 1.767766952966369320 ) ) ;
#837 = VERTEX_POINT ( 'NONE', #7733 ) ;
#838 = CIRCLE ( 'NONE', #9781, 9.750000000000000000 ) ;
#839 = DIRECTION ( 'NONE',  ( 0.9999870432906646789, -0.005090505946802463197, 0.000000000000000000 ) ) ;
#840 = CARTESIAN_POINT ( 'NONE',  ( -3.041265875000000118, 68.68750000136560629, 0.000000000000000000 ) ) ;
#841 = CARTESIAN_POINT ( 'NONE',  ( 2.487000723523302259, 104.4602955415613366, -22.50000000000001421 ) ) ;
#842 = CIRCLE ( 'NONE', #6860, 9.000000000000000000 ) ;
#843 = CARTESIAN_POINT ( 'NONE',  ( 2.849999999999997424, 82.28000000000002956, -7.129530225549579065E-12 ) ) ;
#844 = CARTESIAN_POINT ( 'NONE',  ( 3.061616997868383141E-16, 70.00000000000000000, -2.500000000000000000 ) ) ;
#845 = ORIENTED_EDGE ( 'NONE', *, *, #5117, .T. ) ;
#846 = CARTESIAN_POINT ( 'NONE',  ( -3.968626966596887851, 80.00000000000000000, 4.500000000000000000 ) ) ;
#847 = VECTOR ( 'NONE', #7003, 1000.000000000000000 ) ;
#848 = CARTESIAN_POINT ( 'NONE',  ( -1.035533905932706222, 73.81249999999998579, -2.500000000000031974 ) ) ;
#849 = AXIS2_PLACEMENT_3D ( 'NONE', #4549, #4496, #7608 ) ;
#850 = CARTESIAN_POINT ( 'NONE',  ( 2.844530166967874730E-14, 81.90000000000003411, 5.637851296924671966E-15 ) ) ;
#851 = ORIENTED_EDGE ( 'NONE', *, *, #1383, .F. ) ;
#852 = VERTEX_POINT ( 'NONE', #9360 ) ;
#853 = VERTEX_POINT ( 'NONE', #762 ) ;
#854 = CARTESIAN_POINT ( 'NONE',  ( 6.599871324932393257, 100.8341751536686104, 68.00000000000000000 ) ) ;
#855 = DIRECTION ( 'NONE',  ( -4.632792164159807407E-48, 1.455634920575271343E-16, 1.000000000000000000 ) ) ;
#856 = CARTESIAN_POINT ( 'NONE',  ( 1.767766952966369320, 70.62500000273119838, 1.767766952966368654 ) ) ;
#857 = ORIENTED_EDGE ( 'NONE', *, *, #5179, .F. ) ;
#858 = PLANE ( 'NONE',  #5817 ) ;
#859 = DIRECTION ( 'NONE',  ( 0.000000000000000000, 1.000000000000000000, 0.000000000000000000 ) ) ;
#860 = ADVANCED_FACE ( 'NONE', ( #8502 ), #7879, .T. ) ;
#861 = CARTESIAN_POINT ( 'NONE',  ( -3.041265874999999674, 70.50000000136559208, -1.259733572207478058 ) ) ;
#862 = DIRECTION ( 'NONE',  ( 3.654459117618455932E-16, -1.199456548643360156E-16, -1.000000000000000000 ) ) ;
#863 = ORIENTED_EDGE ( 'NONE', *, *, #1018, .F. ) ;
#864 = ORIENTED_EDGE ( 'NONE', *, *, #2427, .F. ) ;
#865 = LINE ( 'NONE', #3968, #9105 ) ;
#866 = DIRECTION ( 'NONE',  ( -3.885780586188047891E-16, 1.000000000000000000, 2.603240987229339518E-29 ) ) ;
#867 = EDGE_CURVE ( 'NONE', #7197, #1468, #8352, .T. ) ;
#868 = LINE ( 'NONE', #3199, #527 ) ;
#869 = CARTESIAN_POINT ( 'NONE',  ( 1.154700538379253238, 82.51000000000003354, -2.888586803450264932E-12 ) ) ;
#870 = CARTESIAN_POINT ( 'NONE',  ( 4.592425496802573972E-16, 74.50000000273118417, 2.500000000000000000 ) ) ;
#871 = FACE_OUTER_BOUND ( 'NONE', #8822, .T. ) ;
#872 = AXIS2_PLACEMENT_3D ( 'NONE', #3341, #7377, #6456 ) ;
#873 = CARTESIAN_POINT ( 'NONE',  ( 1.259733572207479835, 67.00000000136559208, 3.041265874999999230 ) ) ;
#874 = ORIENTED_EDGE ( 'NONE', *, *, #4426, .F. ) ;
#875 = CARTESIAN_POINT ( 'NONE',  ( -1.530808498934191571E-16, 77.00000000273118417, -2.500000000000000000 ) ) ;
#876 = EDGE_CURVE ( 'NONE', #2046, #4628, #4445, .T. ) ;
#877 = CARTESIAN_POINT ( 'NONE',  ( -2.150499723603739088, 70.43750000136560629, -2.150499723603739088 ) ) ;
#878 = VECTOR ( 'NONE', #7998, 999.9999999999998863 ) ;
#879 = CARTESIAN_POINT ( 'NONE',  ( -2.500000000000000000, 78.06250000000000000, 1.035533905932739307 ) ) ;
#880 = DIRECTION ( 'NONE',  ( 0.000000000000000000, -8.773937619163356039E-17, -1.000000000000000000 ) ) ;
#881 = EDGE_CURVE ( 'NONE', #3686, #9850, #1688, .T. ) ;
#882 = CARTESIAN_POINT ( 'NONE',  ( 5.586714778762236360E-16, 76.81250000136559208, 3.041265875000000118 ) ) ;
#883 = CARTESIAN_POINT ( 'NONE',  ( -3.041265874999999230, 76.62500000136560629, 1.259733572207480057 ) ) ;
#884 = LINE ( 'NONE', #1648, #7452 ) ;
#885 = EDGE_CURVE ( 'NONE', #3854, #1020, #3806, .T. ) ;
#886 = CARTESIAN_POINT ( 'NONE',  ( 2.500000000000000444, 65.56249999999998579, -1.035533905932737975 ) ) ;
#887 = ORIENTED_EDGE ( 'NONE', *, *, #6787, .F. ) ;
#888 = CARTESIAN_POINT ( 'NONE',  ( 1.561251128379126385E-14, 99.00000000000001421, 14.99999999999999467 ) ) ;
#889 = VECTOR ( 'NONE', #2397, 1000.000000000000000 ) ;
#890 = CARTESIAN_POINT ( 'NONE',  ( 2.150499723603738644, 68.31250000136560629, -2.150499723603739088 ) ) ;
#891 = CARTESIAN_POINT ( 'NONE',  ( 1.767766952966369320, 65.62500000273119838, 1.767766952966368654 ) ) ;
#892 = CARTESIAN_POINT ( 'NONE',  ( 2.500000000000000000, 72.50000000000001421, -3.061616997868383141E-16 ) ) ;
#893 = DIRECTION ( 'NONE',  ( 0.000000000000000000, 0.000000000000000000, -1.000000000000000000 ) ) ;
#894 = CARTESIAN_POINT ( 'NONE',  ( -6.143273330438597911E-16, 98.99999999999998579, 22.49999999999998579 ) ) ;
#895 = CARTESIAN_POINT ( 'NONE',  ( 2.221636868045714763E-15, 81.93264973081039670, 1.215598465617386261E-16 ) ) ;
#896 = CARTESIAN_POINT ( 'NONE',  ( -1.767766952966369098, 65.12500000273119838, -1.767766952966369098 ) ) ;
#897 = EDGE_LOOP ( 'NONE', ( #8024, #703, #7385, #4718 ) ) ;
#898 = VERTEX_POINT ( 'NONE', #8600 ) ;
#899 = EDGE_LOOP ( 'NONE', ( #5395, #4295, #5899, #8978, #8809 ) ) ;
#900 = DIRECTION ( 'NONE',  ( -1.000000000000000000, 0.000000000000000000, 0.000000000000000000 ) ) ;
#901 = CIRCLE ( 'NONE', #2689, 10.49999999999999467 ) ;
#902 = CARTESIAN_POINT ( 'NONE',  ( 4.592425496802573972E-16, 78.50000000273118417, 2.500000000000000000 ) ) ;
#903 = CARTESIAN_POINT ( 'NONE',  ( -1.530808498934191571E-16, 65.00000000273119838, -2.500000000000000000 ) ) ;
#904 = ORIENTED_EDGE ( 'NONE', *, *, #6976, .T. ) ;
#905 = CARTESIAN_POINT ( 'NONE',  ( -3.968626966596869643, 76.25000000000001421, 4.500000000000005329 ) ) ;
#906 = FACE_OUTER_BOUND ( 'NONE', #2159, .T. ) ;
#907 = CIRCLE ( 'NONE', #6597, 5.999999999999999112 ) ;
#908 = CARTESIAN_POINT ( 'NONE',  ( -1.259733572207478058, 70.37500000136560629, -3.041265874999999674 ) ) ;
#909 = DIRECTION ( 'NONE',  ( -3.885780586188047891E-16, 1.000000000000000000, 2.603240987229339518E-29 ) ) ;
#910 = ORIENTED_EDGE ( 'NONE', *, *, #5248, .F. ) ;
#911 = ORIENTED_EDGE ( 'NONE', *, *, #6901, .T. ) ;
#912 = VERTEX_POINT ( 'NONE', #6216 ) ;
#913 = AXIS2_PLACEMENT_3D ( 'NONE', #3046, #813, #6168 ) ;
#914 = DIRECTION ( 'NONE',  ( 5.551115123125783935E-17, -6.662983475941639612E-17, -1.000000000000000000 ) ) ;
#915 = EDGE_CURVE ( 'NONE', #10058, #9653, #6922, .T. ) ;
#916 = DIRECTION ( 'NONE',  ( 5.551115123125783935E-17, -6.662983475941639612E-17, -1.000000000000000000 ) ) ;
#917 = LINE ( 'NONE', #1071, #8003 ) ;
#918 = DIRECTION ( 'NONE',  ( -2.501589552824417682E-12, -9.460304020253026872E-28, -1.000000000000000000 ) ) ;
#919 = CARTESIAN_POINT ( 'NONE',  ( -1.767766952966369098, 75.12500000273118417, -1.767766952966369098 ) ) ;
#920 = DIRECTION ( 'NONE',  ( -1.000000000000000000, 0.000000000000000000, -0.000000000000000000 ) ) ;
#921 = AXIS2_PLACEMENT_3D ( 'NONE', #9091, #588, #125 ) ;
#922 = EDGE_CURVE ( 'NONE', #10064, #3246, #7785, .T. ) ;
#923 = VECTOR ( 'NONE', #7360, 1000.000000000000000 ) ;
#924 = CARTESIAN_POINT ( 'NONE',  ( 5.586714778762236360E-16, 68.93750000136560629, 3.041265875000000118 ) ) ;
#925 = VERTEX_POINT ( 'NONE', #7125 ) ;
#926 = DIRECTION ( 'NONE',  ( -4.632792164159807407E-48, -2.991526032573997414E-17, -1.000000000000000000 ) ) ;
#927 = CARTESIAN_POINT ( 'NONE',  ( 5.586714778762236360E-16, 67.81250000136560629, 3.041265875000000118 ) ) ;
#928 = DIRECTION ( 'NONE',  ( 3.885780586188047891E-16, -1.065500303100115213E-16, -1.000000000000000000 ) ) ;
#929 = CYLINDRICAL_SURFACE ( 'NONE', #7605, 4.799999999999998046 ) ;
#930 = AXIS2_PLACEMENT_3D ( 'NONE', #4750, #7896, #163 ) ;
#931 = CARTESIAN_POINT ( 'NONE',  ( -1.862238259587412120E-16, 73.31250000136559208, -3.041265875000000118 ) ) ;
#932 = CIRCLE ( 'NONE', #6625, 5.249999999999999112 ) ;
#933 = CARTESIAN_POINT ( 'NONE',  ( -3.041265874999999674, 78.50000000136560629, -1.259733572207478058 ) ) ;
#934 = CARTESIAN_POINT ( 'NONE',  ( 2.844530166967874730E-14, 81.90000000000003411, 5.637851296924671966E-15 ) ) ;
#935 = EDGE_CURVE ( 'NONE', #5235, #2922, #7831, .T. ) ;
#936 = CARTESIAN_POINT ( 'NONE',  ( -2.500000000000000000, 67.00000000000000000, 0.000000000000000000 ) ) ;
#937 = CARTESIAN_POINT ( 'NONE',  ( -2.150499723603738200, 72.81250000136559208, 2.150499723603739533 ) ) ;
#938 = ORIENTED_EDGE ( 'NONE', *, *, #3609, .T. ) ;
#939 = VECTOR ( 'NONE', #3604, 1000.000000000000000 ) ;
#940 = CARTESIAN_POINT ( 'NONE',  ( -6.599871324932380823, 97.16582484633143224, 16.30000000000000426 ) ) ;
#941 = VECTOR ( 'NONE', #147, 1000.000000000000000 ) ;
#942 = AXIS2_PLACEMENT_3D ( 'NONE', #9087, #7564, #1351 ) ;
#943 = CARTESIAN_POINT ( 'NONE',  ( -1.259733572207478058, 78.37500000136562051, -3.041265874999999674 ) ) ;
#944 = CARTESIAN_POINT ( 'NONE',  ( 0.000000000000000000, 70.00000000000000000, 2.500000000000000000 ) ) ;
#945 = DIRECTION ( 'NONE',  ( 3.885780586188047891E-16, -1.065500303100115213E-16, -1.000000000000000000 ) ) ;
#946 = CARTESIAN_POINT ( 'NONE',  ( 4.592425496802573972E-16, 71.50000000273118417, 2.500000000000000000 ) ) ;
#947 = EDGE_CURVE ( 'NONE', #7636, #9565, #56, .T. ) ;
#948 = DIRECTION ( 'NONE',  ( 0.000000000000000000, -1.000000000000000000, 0.000000000000000000 ) ) ;
#949 = DIRECTION ( 'NONE',  ( 0.000000000000000000, 8.773937619163356039E-17, 1.000000000000000000 ) ) ;
#950 = VECTOR ( 'NONE', #4315, 1000.000000000000114 ) ;
#951 = VECTOR ( 'NONE', #1965, 1000.000000000000000 ) ;
#952 = ADVANCED_FACE ( 'NONE', ( #10017 ), #4128, .T. ) ;
#953 = CARTESIAN_POINT ( 'NONE',  ( -2.500000000000000000, 76.06250000000000000, 1.035533905932739307 ) ) ;
#954 = ORIENTED_EDGE ( 'NONE', *, *, #733, .T. ) ;
#955 = ORIENTED_EDGE ( 'NONE', *, *, #5913, .T. ) ;
#956 = EDGE_CURVE ( 'NONE', #2964, #1054, #6165, .T. ) ;
#957 = EDGE_LOOP ( 'NONE', ( #7514, #5646 ) ) ;
#958 = CARTESIAN_POINT ( 'NONE',  ( -3.041265874999999230, 78.75000000136559208, 1.259733572207480057 ) ) ;
#959 = DIRECTION ( 'NONE',  ( -8.011868568650901149E-32, 1.000000000000000000, 1.178574802204324542E-16 ) ) ;
#960 = DIRECTION ( 'NONE',  ( 0.000000000000000000, 0.000000000000000000, 1.000000000000000000 ) ) ;
#961 = CARTESIAN_POINT ( 'NONE',  ( 2.500000000000000444, 66.68750000273118417, 1.035533905932737309 ) ) ;
#962 = ORIENTED_EDGE ( 'NONE', *, *, #2739, .T. ) ;
#963 = CARTESIAN_POINT ( 'NONE',  ( 2.500000000000000444, 79.43750000000002842, 1.035533905932737309 ) ) ;
#964 = FACE_OUTER_BOUND ( 'NONE', #5200, .T. ) ;
#965 = CARTESIAN_POINT ( 'NONE',  ( -1.259733572207478502, 70.75000000136560629, 3.041265874999999230 ) ) ;
#966 = DIRECTION ( 'NONE',  ( 0.000000000000000000, 8.773937619163356039E-17, 1.000000000000000000 ) ) ;
#967 = ORIENTED_EDGE ( 'NONE', *, *, #3983, .T. ) ;
#968 = ORIENTED_EDGE ( 'NONE', *, *, #353, .F. ) ;
#969 = ORIENTED_EDGE ( 'NONE', *, *, #8102, .F. ) ;
#970 = DIRECTION ( 'NONE',  ( 0.9999870432906646789, -0.005090505946798832421, 4.389289323153613957E-16 ) ) ;
#971 = CARTESIAN_POINT ( 'NONE',  ( 7.804227406124441657, 101.1688786488636111, 20.00000000000001066 ) ) ;
#972 = CARTESIAN_POINT ( 'NONE',  ( 1.035533905932745746, 78.68750000000002842, -2.499999999999992895 ) ) ;
#973 = FACE_OUTER_BOUND ( 'NONE', #7398, .T. ) ;
#974 = CYLINDRICAL_SURFACE ( 'NONE', #5757, 2.849999999999996980 ) ;
#975 = CARTESIAN_POINT ( 'NONE',  ( 11.00000000000001421, 76.75000000000001421, 3.605136630109007817E-15 ) ) ;
#976 = ADVANCED_FACE ( 'NONE', ( #3444 ), #6558, .F. ) ;
#977 = CARTESIAN_POINT ( 'NONE',  ( -1.862238259587412120E-16, 70.43750000136560629, -3.041265875000000118 ) ) ;
#978 = CIRCLE ( 'NONE', #1297, 9.704347826086955564 ) ;
#979 = ORIENTED_EDGE ( 'NONE', *, *, #2425, .F. ) ;
#980 = DIRECTION ( 'NONE',  ( 0.9256659661250535853, 0.3783418020226829714, 2.775557561562890858E-16 ) ) ;
#981 = CARTESIAN_POINT ( 'NONE',  ( -1.259733572207478502, 68.75000000136559208, 3.041265874999999230 ) ) ;
#982 = CARTESIAN_POINT ( 'NONE',  ( -1.035533905932721987, 76.06250000273118417, -2.500000000000015987 ) ) ;
#983 = CARTESIAN_POINT ( 'NONE',  ( 1.141573054441753008E-14, 99.00000000000001421, 16.20000000000004547 ) ) ;
#984 = CARTESIAN_POINT ( 'NONE',  ( 3.041265875000000563, 73.12500000136559208, -1.259733572207478502 ) ) ;
#985 = VECTOR ( 'NONE', #1121, 1000.000000000000000 ) ;
#986 = CARTESIAN_POINT ( 'NONE',  ( 5.586714778762236360E-16, 77.81250000136559208, 3.041265875000000118 ) ) ;
#987 = EDGE_CURVE ( 'NONE', #5531, #9565, #192, .T. ) ;
#988 = PLANE ( 'NONE',  #1263 ) ;
#989 = CARTESIAN_POINT ( 'NONE',  ( 2.500000000000000444, 66.43750000000000000, 1.035533905932737309 ) ) ;
#990 = CARTESIAN_POINT ( 'NONE',  ( -1.259733572207478725, 72.87500000136559208, 3.041265874999999230 ) ) ;
#991 = EDGE_LOOP ( 'NONE', ( #4957, #9691, #7513, #1230 ) ) ;
#992 = LINE ( 'NONE', #4657, #3987 ) ;
#993 = CIRCLE ( 'NONE', #4077, 4.799999999999999822 ) ;
#994 = CARTESIAN_POINT ( 'NONE',  ( -3.041265874999999674, 65.62500000136559208, -1.259733572207478058 ) ) ;
#995 = DIRECTION ( 'NONE',  ( 0.000000000000000000, 0.000000000000000000, 1.000000000000000000 ) ) ;
#996 = AXIS2_PLACEMENT_3D ( 'NONE', #8281, #5843, #9144 ) ;
#997 = CARTESIAN_POINT ( 'NONE',  ( 1.035533905932697119, 71.56250000273119838, 2.500000000000042188 ) ) ;
#998 = PLANE ( 'NONE',  #5520 ) ;
#999 = CARTESIAN_POINT ( 'NONE',  ( -1.767766952966369098, 79.87500000000000000, -1.767766952966369098 ) ) ;
#1000 = EDGE_LOOP ( 'NONE', ( #1715, #1138, #1258, #4292 ) ) ;
#1001 = ORIENTED_EDGE ( 'NONE', *, *, #4659, .F. ) ;
#1002 = ORIENTED_EDGE ( 'NONE', *, *, #5715, .T. ) ;
#1003 = EDGE_CURVE ( 'NONE', #2563, #265, #1360, .T. ) ;
#1004 = CARTESIAN_POINT ( 'NONE',  ( 1.259733572207478058, 76.37500000136562051, -3.041265874999999674 ) ) ;
#1005 = DATE_AND_TIME ( #8842, #7811 ) ;
#1006 = EDGE_CURVE ( 'NONE', #9358, #9653, #7986, .T. ) ;
#1007 = VECTOR ( 'NONE', #7766, 999.9999999999998863 ) ;
#1008 = CARTESIAN_POINT ( 'NONE',  ( 1.561251128379126385E-14, 109.5000000000000142, -20.00000000000000000 ) ) ;
#1009 = CARTESIAN_POINT ( 'NONE',  ( -2.500000000000000000, 65.25000000273119838, 0.000000000000000000 ) ) ;
#1010 = ORIENTED_EDGE ( 'NONE', *, *, #1568, .F. ) ;
#1011 = CARTESIAN_POINT ( 'NONE',  ( -10.99999999999998934, 80.00000000000001421, -4.999999999999988454 ) ) ;
#1012 = EDGE_CURVE ( 'NONE', #9023, #4696, #7381, .T. ) ;
#1013 = LINE ( 'NONE', #5037, #6562 ) ;
#1014 = CARTESIAN_POINT ( 'NONE',  ( -3.041265874999999230, 66.62500000136559208, 1.259733572207480057 ) ) ;
#1015 = AXIS2_PLACEMENT_3D ( 'NONE', #1171, #8292, #1319 ) ;
#1016 = DIRECTION ( 'NONE',  ( 5.551115123125783935E-17, -6.662983475941639612E-17, -1.000000000000000000 ) ) ;
#1017 = ORIENTED_EDGE ( 'NONE', *, *, #2667, .T. ) ;
#1018 = EDGE_CURVE ( 'NONE', #5007, #9599, #1013, .T. ) ;
#1019 = ORIENTED_EDGE ( 'NONE', *, *, #4529, .T. ) ;
#1020 = VERTEX_POINT ( 'NONE', #1164 ) ;
#1021 = DIRECTION ( 'NONE',  ( 0.9634848649536336129, 0.2677627961559977954, 0.000000000000000000 ) ) ;
#1022 = DIRECTION ( 'NONE',  ( 0.9634848649536332799, 0.2677627961559990166, 1.491283511613612670E-16 ) ) ;
#1023 = DIRECTION ( 'NONE',  ( 5.551115123125783935E-17, -6.662983475941639612E-17, -1.000000000000000000 ) ) ;
#1024 = CARTESIAN_POINT ( 'NONE',  ( -1.530808498934191571E-16, 66.75000000000000000, -2.500000000000000000 ) ) ;
#1025 = DIRECTION ( 'NONE',  ( -1.000000000000000000, 0.000000000000000000, 0.000000000000000000 ) ) ;
#1026 = CYLINDRICAL_SURFACE ( 'NONE', #6097, 2.500000000000000000 ) ;
#1027 = CARTESIAN_POINT ( 'NONE',  ( 1.259733572207478058, 68.37500000136560629, -3.041265874999999674 ) ) ;
#1028 = ORIENTED_EDGE ( 'NONE', *, *, #1195, .F. ) ;
#1029 = CARTESIAN_POINT ( 'NONE',  ( 1.561251128379126385E-14, 99.00000000000001421, 14.99999999999999467 ) ) ;
#1030 = CARTESIAN_POINT ( 'NONE',  ( 1.259733572207479835, 66.87500000136559208, 3.041265874999999230 ) ) ;
#1031 = CARTESIAN_POINT ( 'NONE',  ( -4.799937807795157774, 99.02443442854463740, -21.40000000000000213 ) ) ;
#1032 = DIRECTION ( 'NONE',  ( 0.9999870432906645679, -0.005090505946795629254, 0.000000000000000000 ) ) ;
#1033 = CARTESIAN_POINT ( 'NONE',  ( -1.259733572207478725, 76.75000000136560629, 3.041265874999999230 ) ) ;
#1034 = ORIENTED_EDGE ( 'NONE', *, *, #5273, .F. ) ;
#1035 = CARTESIAN_POINT ( 'NONE',  ( 2.150499723603739533, 78.93750000136559208, 2.150499723603738644 ) ) ;
#1036 = VECTOR ( 'NONE', #3702, 1000.000000000000000 ) ;
#1037 = FACE_OUTER_BOUND ( 'NONE', #298, .T. ) ;
#1038 = CARTESIAN_POINT ( 'NONE',  ( -1.035533905932737753, 66.81250000000000000, -2.500000000000000444 ) ) ;
#1039 = CARTESIAN_POINT ( 'NONE',  ( -2.150499723603739088, 70.56250000136560629, -2.150499723603739088 ) ) ;
#1040 = ORIENTED_EDGE ( 'NONE', *, *, #5427, .F. ) ;
#1041 = CIRCLE ( 'NONE', #6732, 5.249999999999999112 ) ;
#1042 = CARTESIAN_POINT ( 'NONE',  ( 1.259733572207479835, 79.00000000136560629, 3.041265874999999230 ) ) ;
#1043 = CARTESIAN_POINT ( 'NONE',  ( 1.259733572207479835, 77.87500000136559208, 3.041265874999999230 ) ) ;
#1044 = FACE_OUTER_BOUND ( 'NONE', #5194, .T. ) ;
#1045 = EDGE_CURVE ( 'NONE', #642, #8543, #1828, .T. ) ;
#1046 = LINE ( 'NONE', #1764, #9672 ) ;
#1047 = DIRECTION ( 'NONE',  ( -1.665334536937734071E-16, 4.229157726022815470E-17, 1.000000000000000000 ) ) ;
#1048 = CARTESIAN_POINT ( 'NONE',  ( -1.767766952966369098, 68.87500000000000000, -1.767766952966369098 ) ) ;
#1049 = CARTESIAN_POINT ( 'NONE',  ( -2.500000000000000444, 77.93750000000000000, -1.035533905932737753 ) ) ;
#1050 = VERTEX_POINT ( 'NONE', #6507 ) ;
#1051 = VERTEX_POINT ( 'NONE', #8696 ) ;
#1052 = CIRCLE ( 'NONE', #8857, 2.500000000000000000 ) ;
#1053 = EDGE_CURVE ( 'NONE', #4951, #1166, #9609, .T. ) ;
#1054 = VERTEX_POINT ( 'NONE', #3495 ) ;
#1055 = CARTESIAN_POINT ( 'NONE',  ( 3.041265875000001007, 78.12500000136559208, 1.259733572207477836 ) ) ;
#1056 = DATE_AND_TIME ( #5686, #9120 ) ;
#1057 = DIRECTION ( 'NONE',  ( 0.6050300991748447377, -0.7962025992751327053, 3.131251615669747695E-16 ) ) ;
#1058 = CARTESIAN_POINT ( 'NONE',  ( 2.500000000000000000, 65.75000000273119838, -3.061616997868383141E-16 ) ) ;
#1059 = ORIENTED_EDGE ( 'NONE', *, *, #4253, .F. ) ;
#1060 = DIRECTION ( 'NONE',  ( 5.551115123125783935E-17, -6.662983475941639612E-17, -1.000000000000000000 ) ) ;
#1061 = CARTESIAN_POINT ( 'NONE',  ( 3.696544490476026646E-14, 99.00000000000001421, -16.00000000000000355 ) ) ;
#1062 = CARTESIAN_POINT ( 'NONE',  ( 1.259733572207479835, 66.87500000136559208, 3.041265874999999230 ) ) ;
#1063 = FACE_OUTER_BOUND ( 'NONE', #3570, .T. ) ;
#1064 = ORIENTED_EDGE ( 'NONE', *, *, #3797, .F. ) ;
#1065 = ADVANCED_FACE ( 'NONE', ( #8749 ), #400, .T. ) ;
#1066 = ORIENTED_EDGE ( 'NONE', *, *, #1139, .F. ) ;
#1067 = ORIENTED_EDGE ( 'NONE', *, *, #7611, .F. ) ;
#1068 = EDGE_CURVE ( 'NONE', #1755, #6692, #3309, .T. ) ;
#1069 = DIRECTION ( 'NONE',  ( 5.551115123125783935E-17, -6.662983475941639612E-17, -1.000000000000000000 ) ) ;
#1070 = LINE ( 'NONE', #2743, #6853 ) ;
#1071 = CARTESIAN_POINT ( 'NONE',  ( -0.5773502691921256202, 82.51000000000003354, -0.9999999999985553778 ) ) ;
#1072 = ORIENTED_EDGE ( 'NONE', *, *, #8154, .T. ) ;
#1073 = DIRECTION ( 'NONE',  ( -3.885780586188047891E-16, 1.000000000000000000, 2.603240987229339518E-29 ) ) ;
#1074 = CYLINDRICAL_SURFACE ( 'NONE', #4449, 9.750000000000000000 ) ;
#1075 = ADVANCED_FACE ( 'NONE', ( #964 ), #4062, .T. ) ;
#1076 = DIRECTION ( 'NONE',  ( 0.9634848649536335019, 0.2677627961559984060, 0.000000000000000000 ) ) ;
#1077 = ADVANCED_FACE ( 'NONE', ( #4269 ), #9508, .F. ) ;
#1078 = AXIS2_PLACEMENT_3D ( 'NONE', #3261, #6378, #470 ) ;
#1079 = CARTESIAN_POINT ( 'NONE',  ( 3.041265874999999674, 69.25000000136559208, -1.259733572207478280 ) ) ;
#1080 = VERTEX_POINT ( 'NONE', #7223 ) ;
#1081 = EDGE_CURVE ( 'NONE', #4696, #4628, #4617, .T. ) ;
#1082 = DIRECTION ( 'NONE',  ( -1.665334536937734071E-16, 4.229157726022815470E-17, 1.000000000000000000 ) ) ;
#1083 =( BOUNDED_SURFACE ( )  B_SPLINE_SURFACE ( 1, 2, ( 
 ( #4701, #6136, #9943, #2259, #2203, #6083, #5370, #734, #6946, #1228, #1035, #8671, #3266, #116, #6484, #3982, #4329, #933, #465, #8722, #4037, #4138, #9581, #4907, #267, #7247, #5859, #2509, #986, #9778, #7857, #6385, #4087, #5513, #1699, #1647, #4755, #1987, #3368, #2605, #8012, #8966, #5100, #8201, #5615, #7198, #8622, #883, #9481, #216, #7094, #4801, #3218, #6335, #7440, #1750, #2558, #3562, #6674, #9431, #7900, #3318, #2456, #7146, #5666, #6434, #5563, #167, #4856, #7957, #9534, #8770, #1802, #5198, #9825, #9972, #2997, #6923, #3755, #1373, #4473, #8299, #5247, #9160, #5908, #9919, #4380, #3807, #9013, #7583, #9109, #606, #3703, #2899, #9061, #6005, #2848, #2802, #5955, #2082, #1325, #6872, #8349, #7535, #1478, #8451, #7487, #4578, #4427, #6109, #9207, #1278, #2181, #3608, #6723, #9871, #1428, #559, #2233, #2034, #6819, #3654, #2946, #2132, #5147, #6063, #5350, #5292, #8401, #8250, #4525, #6768, #512, #7634, #7687, #659, #712, #3044, #3962, #4830, #7734, #965, #1727, #7880, #5590, #861, #5450, #908, #9312, #3857, #5539, #2336, #3244, #6167, #8698, #8646, #3095, #7786, #4631, #4012, #8503, #7934, #8552, #4064, #3142, #1577, #7126, #4681, #6975, #1674, #812, #6362, #9262, #10019, #4778, #6217, #3907, #763, #146, #1530, #2285, #7024, #5398, #6264, #46, #9458, #2484, #9411, #10074, #9361, #2384, #5497, #8601, #1624, #4728, #7832, #7072, #92, #3191, #6314, #2434, #4983, #6459, #1062, #8850, #5745, #193, #1014, #8799, #6509, #1779, #4165, #1829, #7274, #8087, #7987, #9610, #4883, #8035, #296, #4113, #7224, #1875, #1116, #346, #2636, #4933, #3392, #243, #5693, #4219, #3294, #7322, #9509, #7175, #2533, #6411, #5642, #8750, #3343, #9561 ),
 ( #2583, #8362, #7645, #6072, #9071, #6829, #1490, #5305, #7593, #2144, #2192, #9881, #9833, #4590, #9930, #5155, #7696, #1387, #4483, #9220, #2246, #723, #3619, #3766, #1287, #6684, #8413, #4387, #2089, #6882, #5207, #8258, #9982, #2811, #2957, #8310, #5917, #6779, #6121, #1437, #618, #6731, #5965, #3008, #4536, #1336, #3662, #3713, #5357, #8461, #9021, #4437, #5258, #671, #2857, #9171, #9789, #2041, #7496, #7547, #523, #569, #2909, #6015, #9118, #775, #919, #4023, #7945, #4789, #2396, #5505, #6228, #6272, #101, #6935, #870, #5411, #4842, #10033, #8612, #54, #1634, #4739, #3918, #8, #7035, #3871, #3818, #6986, #3109, #9321, #7888, #9370, #8561, #2495, #9471, #8513, #5601, #2346, #7136, #155, #2297, #3201, #4643, #7745, #822, #2446, #5458, #3254, #3059, #7844, #1587, #3972, #3152, #6178, #7081, #6373, #6325, #9420, #9273, #5550, #4693, #1541, #7795, #8708, #8658, #1685, #1738, #2279, #3186, #8598, #4676, #3802, #3040, #7067, #9357, #6161, #856, #7782, #4723, #5394, #2992, #1572, #6919, #7827, #9257, #9308, #87, #6309, #10014, #5445, #6259, #7874, #8500, #5346, #3957, #1620, #9406, #6104, #1526, #4627, #3750, #6866, #2429, #4574, #807, #3901, #7019, #9966, #9203, #5534, #2227, #2379, #8642, #758, #2332, #8446, #1473, #7729, #8548, #7683, #3852, #707, #6971, #1668, #10068, #42, #4773, #3089, #6212, #3138, #5491, #2632, #4059, #8031, #9556, #290, #341, #189, #5740, #961, #1825, #4928, #3290, #7928, #8081, #1112, #5034, #1871, #2579, #5688, #6407, #3338, #7268, #4006, #1058, #2480, #1925, #7121, #8794, #7220, #4160, #3388, #1009, #7169, #4109, #9504, #903, #2527, #5636, #8745, #4978, #6452, #1775, #9662, #6555, #5586, #2680, #4878, #4214 ) ),
 .UNSPECIFIED., .F., .F., .T. ) 
 B_SPLINE_SURFACE_WITH_KNOTS ( ( 2, 2 ),
 ( 3, 2, 2, 2, 2, 2, 2, 2, 2, 2, 2, 2, 2, 2, 2, 2, 2, 2, 2, 2, 2, 2, 2, 2, 2, 2, 2, 2, 2, 2, 2, 2, 2, 2, 2, 2, 2, 2, 2, 2, 2, 2, 2, 2, 2, 2, 2, 2, 2, 2, 2, 2, 2, 2, 2, 2, 2, 2, 2, 2, 2, 2, 2, 2, 2, 2, 2, 2, 2, 2, 2, 2, 2, 2, 2, 2, 2, 2, 2, 2, 2, 2, 2, 2, 2, 2, 2, 2, 2, 2, 2, 2, 2, 2, 2, 2, 2, 2, 2, 2, 2, 2, 2, 2, 2, 2, 2, 2, 2, 2, 2, 2, 2, 2, 2, 2, 2, 2, 2, 2, 3 ),
 ( 0.000000000000000000, 1.000000000000000000 ),
 ( 0.000000000000000000, 0.008333333333333333218, 0.01666666666666666644, 0.02500000000000000139, 0.03333333333333333287, 0.04166666666666666435, 0.05000000000000000278, 0.05833333333333333426, 0.06666666666666666574, 0.07499999999999999722, 0.08333333333333332871, 0.09166666666666666019, 0.1000000000000000056, 0.1083333333333333370, 0.1166666666666666685, 0.1250000000000000000, 0.1333333333333333315, 0.1416666666666666630, 0.1499999999999999944, 0.1583333333333333259, 0.1666666666666666574, 0.1749999999999999889, 0.1833333333333333204, 0.1916666666666666796, 0.2000000000000000111, 0.2083333333333333426, 0.2166666666666666741, 0.2250000000000000056, 0.2333333333333333370, 0.2416666666666666685, 0.2500000000000000000, 0.2583333333333333592, 0.2666666666666666630, 0.2750000000000000222, 0.2833333333333333259, 0.2916666666666666852, 0.2999999999999999889, 0.3083333333333333481, 0.3166666666666666519, 0.3250000000000000111, 0.3333333333333333148, 0.3416666666666666741, 0.3499999999999999778, 0.3583333333333333370, 0.3666666666666666408, 0.3750000000000000000, 0.3833333333333333592, 0.3916666666666666630, 0.4000000000000000222, 0.4083333333333333259, 0.4166666666666666852, 0.4249999999999999889, 0.4333333333333333481, 0.4416666666666666519, 0.4500000000000000111, 0.4583333333333333148, 0.4666666666666666741, 0.4749999999999999778, 0.4833333333333333370, 0.4916666666666666408, 0.5000000000000000000, 0.5083333333333333037, 0.5166666666666667185, 0.5250000000000000222, 0.5333333333333333259, 0.5416666666666666297, 0.5500000000000000444, 0.5583333333333333481, 0.5666666666666666519, 0.5749999999999999556, 0.5833333333333333703, 0.5916666666666666741, 0.5999999999999999778, 0.6083333333333332815, 0.6166666666666666963, 0.6250000000000000000, 0.6333333333333333037, 0.6416666666666667185, 0.6500000000000000222, 0.6583333333333333259, 0.6666666666666666297, 0.6750000000000000444, 0.6833333333333333481, 0.6916666666666666519, 0.6999999999999999556, 0.7083333333333333703, 0.7166666666666666741, 0.7249999999999999778, 0.7333333333333332815, 0.7416666666666666963, 0.7500000000000000000, 0.7583333333333333037, 0.7666666666666667185, 0.7750000000000000222, 0.7833333333333333259, 0.7916666666666666297, 0.8000000000000000444, 0.8083333333333333481, 0.8166666666666666519, 0.8249999999999999556, 0.8333333333333333703, 0.8416666666666666741, 0.8499999999999999778, 0.8583333333333332815, 0.8666666666666666963, 0.8750000000000000000, 0.8833333333333333037, 0.8916666666666667185, 0.9000000000000000222, 0.9083333333333333259, 0.9166666666666666297, 0.9250000000000000444, 0.9333333333333333481, 0.9416666666666666519, 0.9499999999999999556, 0.9583333333333333703, 0.9666666666666666741, 0.9749999999999999778, 0.9833333333333332815, 0.9916666666666666963, 1.000000000000000000 ),
 .UNSPECIFIED. ) 
 GEOMETRIC_REPRESENTATION_ITEM ( )  RATIONAL_B_SPLINE_SURFACE ( (
 ( 1.000000000000000000, 0.9238795325112867385, 1.000000000000000000, 0.9238795325112867385, 1.000000000000000000, 0.9238795325112867385, 1.000000000000000000, 0.9238795325112867385, 1.000000000000000000, 0.9238795325112867385, 1.000000000000000000, 0.9238795325112867385, 1.000000000000000000, 0.9238795325112867385, 1.000000000000000000, 0.9238795325112867385, 1.000000000000000000, 0.9238795325112867385, 1.000000000000000000, 0.9238795325112867385, 1.000000000000000000, 0.9238795325112867385, 1.000000000000000000, 0.9238795325112867385, 1.000000000000000000, 0.9238795325112867385, 1.000000000000000000, 0.9238795325112867385, 1.000000000000000000, 0.9238795325112867385, 1.000000000000000000, 0.9238795325112867385, 1.000000000000000000, 0.9238795325112867385, 1.000000000000000000, 0.9238795325112867385, 1.000000000000000000, 0.9238795325112867385, 1.000000000000000000, 0.9238795325112867385, 1.000000000000000000, 0.9238795325112867385, 1.000000000000000000, 0.9238795325112867385, 1.000000000000000000, 0.9238795325112867385, 1.000000000000000000, 0.9238795325112867385, 1.000000000000000000, 0.9238795325112867385, 1.000000000000000000, 0.9238795325112867385, 1.000000000000000000, 0.9238795325112867385, 1.000000000000000000, 0.9238795325112867385, 1.000000000000000000, 0.9238795325112867385, 1.000000000000000000, 0.9238795325112867385, 1.000000000000000000, 0.9238795325112867385, 1.000000000000000000, 0.9238795325112867385, 1.000000000000000000, 0.9238795325112867385, 1.000000000000000000, 0.9238795325112867385, 1.000000000000000000, 0.9238795325112867385, 1.000000000000000000, 0.9238795325112867385, 1.000000000000000000, 0.9238795325112867385, 1.000000000000000000, 0.9238795325112867385, 1.000000000000000000, 0.9238795325112867385, 1.000000000000000000, 0.9238795325112867385, 1.000000000000000000, 0.9238795325112867385, 1.000000000000000000, 0.9238795325112867385, 1.000000000000000000, 0.9238795325112867385, 1.000000000000000000, 0.9238795325112867385, 1.000000000000000000, 0.9238795325112867385, 1.000000000000000000, 0.9238795325112867385, 1.000000000000000000, 0.9238795325112867385, 1.000000000000000000, 0.9238795325112867385, 1.000000000000000000, 0.9238795325112867385, 1.000000000000000000, 0.9238795325112867385, 1.000000000000000000, 0.9238795325112867385, 1.000000000000000000, 0.9238795325112867385, 1.000000000000000000, 0.9238795325112867385, 1.000000000000000000, 0.9238795325112867385, 1.000000000000000000, 0.9238795325112867385, 1.000000000000000000, 0.9238795325112867385, 1.000000000000000000, 0.9238795325112867385, 1.000000000000000000, 0.9238795325112867385, 1.000000000000000000, 0.9238795325112867385, 1.000000000000000000, 0.9238795325112867385, 1.000000000000000000, 0.9238795325112867385, 1.000000000000000000, 0.9238795325112867385, 1.000000000000000000, 0.9238795325112867385, 1.000000000000000000, 0.9238795325112867385, 1.000000000000000000, 0.9238795325112867385, 1.000000000000000000, 0.9238795325112867385, 1.000000000000000000, 0.9238795325112867385, 1.000000000000000000, 0.9238795325112867385, 1.000000000000000000, 0.9238795325112867385, 1.000000000000000000, 0.9238795325112867385, 1.000000000000000000, 0.9238795325112867385, 1.000000000000000000, 0.9238795325112867385, 1.000000000000000000, 0.9238795325112867385, 1.000000000000000000, 0.9238795325112867385, 1.000000000000000000, 0.9238795325112867385, 1.000000000000000000, 0.9238795325112867385, 1.000000000000000000, 0.9238795325112867385, 1.000000000000000000, 0.9238795325112867385, 1.000000000000000000, 0.9238795325112867385, 1.000000000000000000, 0.9238795325112867385, 1.000000000000000000, 0.9238795325112867385, 1.000000000000000000, 0.9238795325112867385, 1.000000000000000000, 0.9238795325112867385, 1.000000000000000000, 0.9238795325112867385, 1.000000000000000000, 0.9238795325112867385, 1.000000000000000000, 0.9238795325112867385, 1.000000000000000000, 0.9238795325112867385, 1.000000000000000000, 0.9238795325112867385, 1.000000000000000000, 0.9238795325112867385, 1.000000000000000000, 0.9238795325112867385, 1.000000000000000000, 0.9238795325112867385, 1.000000000000000000, 0.9238795325112867385, 1.000000000000000000, 0.9238795325112867385, 1.000000000000000000, 0.9238795325112867385, 1.000000000000000000, 0.9238795325112867385, 1.000000000000000000, 0.9238795325112867385, 1.000000000000000000, 0.9238795325112867385, 1.000000000000000000, 0.9238795325112867385, 1.000000000000000000, 0.9238795325112867385, 1.000000000000000000, 0.9238795325112867385, 1.000000000000000000, 0.9238795325112867385, 1.000000000000000000, 0.9238795325112867385, 1.000000000000000000, 0.9238795325112867385, 1.000000000000000000, 0.9238795325112867385, 1.000000000000000000, 0.9238795325112867385, 1.000000000000000000, 0.9238795325112867385, 1.000000000000000000, 0.9238795325112867385, 1.000000000000000000, 0.9238795325112867385, 1.000000000000000000, 0.9238795325112867385, 1.000000000000000000, 0.9238795325112867385, 1.000000000000000000, 0.9238795325112867385, 1.000000000000000000, 0.9238795325112867385, 1.000000000000000000, 0.9238795325112867385, 1.000000000000000000, 0.9238795325112867385, 1.000000000000000000, 0.9238795325112867385, 1.000000000000000000, 0.9238795325112867385, 1.000000000000000000, 0.9238795325112867385, 1.000000000000000000, 0.9238795325112867385, 1.000000000000000000, 0.9238795325112867385, 1.000000000000000000, 0.9238795325112867385, 1.000000000000000000),
 ( 1.000000000000000000, 0.9238795325112867385, 1.000000000000000000, 0.9238795325112867385, 1.000000000000000000, 0.9238795325112867385, 1.000000000000000000, 0.9238795325112867385, 1.000000000000000000, 0.9238795325112867385, 1.000000000000000000, 0.9238795325112867385, 1.000000000000000000, 0.9238795325112867385, 1.000000000000000000, 0.9238795325112867385, 1.000000000000000000, 0.9238795325112867385, 1.000000000000000000, 0.9238795325112867385, 1.000000000000000000, 0.9238795325112867385, 1.000000000000000000, 0.9238795325112867385, 1.000000000000000000, 0.9238795325112867385, 1.000000000000000000, 0.9238795325112867385, 1.000000000000000000, 0.9238795325112867385, 1.000000000000000000, 0.9238795325112867385, 1.000000000000000000, 0.9238795325112867385, 1.000000000000000000, 0.9238795325112867385, 1.000000000000000000, 0.9238795325112867385, 1.000000000000000000, 0.9238795325112867385, 1.000000000000000000, 0.9238795325112867385, 1.000000000000000000, 0.9238795325112867385, 1.000000000000000000, 0.9238795325112867385, 1.000000000000000000, 0.9238795325112867385, 1.000000000000000000, 0.9238795325112867385, 1.000000000000000000, 0.9238795325112867385, 1.000000000000000000, 0.9238795325112867385, 1.000000000000000000, 0.9238795325112867385, 1.000000000000000000, 0.9238795325112867385, 1.000000000000000000, 0.9238795325112867385, 1.000000000000000000, 0.9238795325112867385, 1.000000000000000000, 0.9238795325112867385, 1.000000000000000000, 0.9238795325112867385, 1.000000000000000000, 0.9238795325112867385, 1.000000000000000000, 0.9238795325112867385, 1.000000000000000000, 0.9238795325112867385, 1.000000000000000000, 0.9238795325112867385, 1.000000000000000000, 0.9238795325112867385, 1.000000000000000000, 0.9238795325112867385, 1.000000000000000000, 0.9238795325112867385, 1.000000000000000000, 0.9238795325112867385, 1.000000000000000000, 0.9238795325112867385, 1.000000000000000000, 0.9238795325112867385, 1.000000000000000000, 0.9238795325112867385, 1.000000000000000000, 0.9238795325112867385, 1.000000000000000000, 0.9238795325112867385, 1.000000000000000000, 0.9238795325112867385, 1.000000000000000000, 0.9238795325112867385, 1.000000000000000000, 0.9238795325112867385, 1.000000000000000000, 0.9238795325112867385, 1.000000000000000000, 0.9238795325112867385, 1.000000000000000000, 0.9238795325112867385, 1.000000000000000000, 0.9238795325112867385, 1.000000000000000000, 0.9238795325112867385, 1.000000000000000000, 0.9238795325112867385, 1.000000000000000000, 0.9238795325112867385, 1.000000000000000000, 0.9238795325112867385, 1.000000000000000000, 0.9238795325112867385, 1.000000000000000000, 0.9238795325112867385, 1.000000000000000000, 0.9238795325112867385, 1.000000000000000000, 0.9238795325112867385, 1.000000000000000000, 0.9238795325112867385, 1.000000000000000000, 0.9238795325112867385, 1.000000000000000000, 0.9238795325112867385, 1.000000000000000000, 0.9238795325112867385, 1.000000000000000000, 0.9238795325112867385, 1.000000000000000000, 0.9238795325112867385, 1.000000000000000000, 0.9238795325112867385, 1.000000000000000000, 0.9238795325112867385, 1.000000000000000000, 0.9238795325112867385, 1.000000000000000000, 0.9238795325112867385, 1.000000000000000000, 0.9238795325112867385, 1.000000000000000000, 0.9238795325112867385, 1.000000000000000000, 0.9238795325112867385, 1.000000000000000000, 0.9238795325112867385, 1.000000000000000000, 0.9238795325112867385, 1.000000000000000000, 0.9238795325112867385, 1.000000000000000000, 0.9238795325112867385, 1.000000000000000000, 0.9238795325112867385, 1.000000000000000000, 0.9238795325112867385, 1.000000000000000000, 0.9238795325112867385, 1.000000000000000000, 0.9238795325112867385, 1.000000000000000000, 0.9238795325112867385, 1.000000000000000000, 0.9238795325112867385, 1.000000000000000000, 0.9238795325112867385, 1.000000000000000000, 0.9238795325112867385, 1.000000000000000000, 0.9238795325112867385, 1.000000000000000000, 0.9238795325112867385, 1.000000000000000000, 0.9238795325112867385, 1.000000000000000000, 0.9238795325112867385, 1.000000000000000000, 0.9238795325112867385, 1.000000000000000000, 0.9238795325112867385, 1.000000000000000000, 0.9238795325112867385, 1.000000000000000000, 0.9238795325112867385, 1.000000000000000000, 0.9238795325112867385, 1.000000000000000000, 0.9238795325112867385, 1.000000000000000000, 0.9238795325112867385, 1.000000000000000000, 0.9238795325112867385, 1.000000000000000000, 0.9238795325112867385, 1.000000000000000000, 0.9238795325112867385, 1.000000000000000000, 0.9238795325112867385, 1.000000000000000000, 0.9238795325112867385, 1.000000000000000000, 0.9238795325112867385, 1.000000000000000000, 0.9238795325112867385, 1.000000000000000000, 0.9238795325112867385, 1.000000000000000000, 0.9238795325112867385, 1.000000000000000000, 0.9238795325112867385, 1.000000000000000000, 0.9238795325112867385, 1.000000000000000000, 0.9238795325112867385, 1.000000000000000000, 0.9238795325112867385, 1.000000000000000000, 0.9238795325112867385, 1.000000000000000000, 0.9238795325112867385, 1.000000000000000000, 0.9238795325112867385, 1.000000000000000000, 0.9238795325112867385, 1.000000000000000000, 0.9238795325112867385, 1.000000000000000000, 0.9238795325112867385, 1.000000000000000000, 0.9238795325112867385, 1.000000000000000000, 0.9238795325112867385, 1.000000000000000000, 0.9238795325112867385, 1.000000000000000000, 0.9238795325112867385, 1.000000000000000000) ) ) 
 REPRESENTATION_ITEM ( '' )  SURFACE ( )  );
#1084 = CARTESIAN_POINT ( 'NONE',  ( -1.259733572207478058, 66.37500000136559208, -3.041265874999999674 ) ) ;
#1085 = DIRECTION ( 'NONE',  ( -1.665334536937734071E-16, 4.229157726022815470E-17, 1.000000000000000000 ) ) ;
#1086 = ORIENTED_EDGE ( 'NONE', *, *, #5068, .T. ) ;
#1087 = CARTESIAN_POINT ( 'NONE',  ( -3.041265875000000118, 72.56250000136559208, 0.000000000000000000 ) ) ;
#1088 = VERTEX_POINT ( 'NONE', #9560 ) ;
#1089 = AXIS2_PLACEMENT_3D ( 'NONE', #7418, #3387, #3541 ) ;
#1090 = DIRECTION ( 'NONE',  ( 4.632792164159807407E-48, 2.991526032573997414E-17, 1.000000000000000000 ) ) ;
#1091 = CARTESIAN_POINT ( 'NONE',  ( -1.767766952966368432, 66.12500000000000000, 1.767766952966369320 ) ) ;
#1092 = CARTESIAN_POINT ( 'NONE',  ( -3.041265874999999230, 70.75000000136559208, 1.259733572207480057 ) ) ;
#1093 = ORIENTED_EDGE ( 'NONE', *, *, #9029, .F. ) ;
#1094 = CARTESIAN_POINT ( 'NONE',  ( 5.586714778762236360E-16, 77.93750000136559208, 3.041265875000000118 ) ) ;
#1095 = VECTOR ( 'NONE', #821, 1000.000000000000000 ) ;
#1096 = AXIS2_PLACEMENT_3D ( 'NONE', #3314, #928, #109 ) ;
#1097 = CARTESIAN_POINT ( 'NONE',  ( 3.041265875000000118, 66.18750000136559208, -3.724476519174824240E-16 ) ) ;
#1098 = CARTESIAN_POINT ( 'NONE',  ( 1.561251128379126385E-14, 99.00000000000001421, 14.99999999999999467 ) ) ;
#1099 = CARTESIAN_POINT ( 'NONE',  ( -1.530808498934191571E-16, 69.00000000273119838, -2.500000000000000000 ) ) ;
#1100 = CARTESIAN_POINT ( 'NONE',  ( -6.797912146996572424, 100.0590533166648157, -20.30000000000000426 ) ) ;
#1101 = CYLINDRICAL_SURFACE ( 'NONE', #6363, 2.500000000000000000 ) ;
#1102 = CARTESIAN_POINT ( 'NONE',  ( 1.767766952966368654, 76.62500000000000000, -1.767766952966369098 ) ) ;
#1103 = AXIS2_PLACEMENT_3D ( 'NONE', #1452, #8374, #835 ) ;
#1104 = EDGE_CURVE ( 'NONE', #2883, #2935, #1115, .T. ) ;
#1105 = ORIENTED_EDGE ( 'NONE', *, *, #4544, .T. ) ;
#1106 = ORIENTED_EDGE ( 'NONE', *, *, #1298, .T. ) ;
#1107 = CARTESIAN_POINT ( 'NONE',  ( -1.035533905932790599, 71.81250000000001421, -2.499999999999947153 ) ) ;
#1108 = CARTESIAN_POINT ( 'NONE',  ( -1.259733572207478502, 77.87500000136559208, 3.041265874999999230 ) ) ;
#1109 = PERSON_AND_ORGANIZATION ( #9327, #1153 ) ;
#1110 = DIRECTION ( 'NONE',  ( -0.4888958147463141057, -0.8723421819008512212, -1.855174205273593835E-16 ) ) ;
#1111 = AXIS2_PLACEMENT_3D ( 'NONE', #7484, #1125, #9058 ) ;
#1112 = CARTESIAN_POINT ( 'NONE',  ( -2.500000000000000000, 66.31250000273118417, 1.035533905932739307 ) ) ;
#1113 = ORIENTED_EDGE ( 'NONE', *, *, #2589, .T. ) ;
#1114 = CARTESIAN_POINT ( 'NONE',  ( 3.359342905424154146, 103.9713997268150223, -22.50000000000001421 ) ) ;
#1115 = LINE ( 'NONE', #5691, #9329 ) ;
#1116 = CARTESIAN_POINT ( 'NONE',  ( -3.041265874999999230, 65.62500000136559208, 1.259733572207480057 ) ) ;
#1117 = CARTESIAN_POINT ( 'NONE',  ( -8.952728626433682280, 102.7447318824067395, 21.39999999999999503 ) ) ;
#1118 = ORIENTED_EDGE ( 'NONE', *, *, #7494, .T. ) ;
#1119 = CLOSED_SHELL ( 'NONE', ( #2388, #5997, #1077, #3872, #3241, #7767, #7971, #2678, #8483, #1413, #8279, #5372, #6786, #2122, #8100, #1698, #8628, #7, #4225, #5542, #3549, #5186, #1231 ) ) ;
#1120 = ORIENTED_EDGE ( 'NONE', *, *, #4122, .F. ) ;
#1121 = DIRECTION ( 'NONE',  ( 0.000000000000000000, 1.000000000000000000, 0.000000000000000000 ) ) ;
#1122 = DIRECTION ( 'NONE',  ( -3.885780586188047891E-16, 1.000000000000000000, 2.603240987229339518E-29 ) ) ;
#1123 = DIRECTION ( 'NONE',  ( 0.9256659661250536963, 0.3783418020226825829, 4.389289323153614450E-16 ) ) ;
#1124 = ORIENTED_EDGE ( 'NONE', *, *, #6676, .T. ) ;
#1125 = DIRECTION ( 'NONE',  ( 0.000000000000000000, 1.000000000000000000, 0.000000000000000000 ) ) ;
#1126 = CARTESIAN_POINT ( 'NONE',  ( 5.586714778762236360E-16, 64.93750000136559208, 3.041265875000000118 ) ) ;
#1127 = CARTESIAN_POINT ( 'NONE',  ( 4.592425496802573972E-16, 76.50000000273118417, 2.500000000000000000 ) ) ;
#1128 = CARTESIAN_POINT ( 'NONE',  ( 2.150499723603738644, 65.31250000136559208, -2.150499723603739088 ) ) ;
#1129 = ORIENTED_EDGE ( 'NONE', *, *, #572, .F. ) ;
#1130 = EDGE_CURVE ( 'NONE', #9222, #9816, #4932, .T. ) ;
#1131 = DIRECTION ( 'NONE',  ( 0.000000000000000000, 1.000000000000000000, 0.000000000000000000 ) ) ;
#1132 = CARTESIAN_POINT ( 'NONE',  ( -2.150499723603738200, 66.68750000136559208, 2.150499723603739533 ) ) ;
#1133 = CARTESIAN_POINT ( 'NONE',  ( -9.704222089672850160, 99.04940004031850265, -21.40000000000000568 ) ) ;
#1134 = ORIENTED_EDGE ( 'NONE', *, *, #5053, .T. ) ;
#1135 = FACE_OUTER_BOUND ( 'NONE', #7737, .T. ) ;
#1136 = EDGE_CURVE ( 'NONE', #7074, #3875, #345, .T. ) ;
#1137 = CARTESIAN_POINT ( 'NONE',  ( -1.259733572207478058, 69.37500000136559208, -3.041265875000000563 ) ) ;
#1138 = ORIENTED_EDGE ( 'NONE', *, *, #7730, .T. ) ;
#1139 = EDGE_CURVE ( 'NONE', #4389, #4782, #1675, .T. ) ;
#1140 = VECTOR ( 'NONE', #2951, 1000.000000000000000 ) ;
#1141 = CARTESIAN_POINT ( 'NONE',  ( 3.061616997868383141E-16, 70.00000000000000000, -2.500000000000000000 ) ) ;
#1142 = VERTEX_POINT ( 'NONE', #3688 ) ;
#1143 = CARTESIAN_POINT ( 'NONE',  ( 3.041265874999999674, 78.25000000136560629, -1.259733572207478280 ) ) ;
#1144 = CARTESIAN_POINT ( 'NONE',  ( -2.150499723603738200, 70.81250000136560629, 2.150499723603739533 ) ) ;
#1145 = VERTEX_POINT ( 'NONE', #2067 ) ;
#1146 = CARTESIAN_POINT ( 'NONE',  ( 2.150499723603738644, 77.31250000136559208, -2.150499723603739088 ) ) ;
#1147 = CARTESIAN_POINT ( 'NONE',  ( 5.586714778762236360E-16, 78.81250000136559208, 3.041265875000000118 ) ) ;
#1148 = LINE ( 'NONE', #328, #522 ) ;
#1149 = AXIS2_PLACEMENT_3D ( 'NONE', #9769, #9911, #6759 ) ;
#1150 = LINE ( 'NONE', #2721, #7233 ) ;
#1151 = LINE ( 'NONE', #8220, #3723 ) ;
#1152 = CYLINDRICAL_SURFACE ( 'NONE', #7658, 5.249999999999999112 ) ;
#1153 = ORGANIZATION ( 'UNSPECIFIED', 'UNSPECIFIED', '' ) ;
#1154 = CARTESIAN_POINT ( 'NONE',  ( 4.592425496802573972E-16, 77.25000000000000000, 2.500000000000000000 ) ) ;
#1155 = EDGE_LOOP ( 'NONE', ( #1001, #6447, #8152, #2282 ) ) ;
#1156 = ORIENTED_EDGE ( 'NONE', *, *, #2619, .F. ) ;
#1157 = CARTESIAN_POINT ( 'NONE',  ( -0.1837847867492580500, 91.09778906204566340, 20.29999999999999716 ) ) ;
#1158 = CARTESIAN_POINT ( 'NONE',  ( 1.259733572207478058, 77.37500000136562051, -3.041265874999999674 ) ) ;
#1159 = DIRECTION ( 'NONE',  ( -1.000000000000000000, 0.000000000000000000, 0.000000000000000000 ) ) ;
#1160 = DIRECTION ( 'NONE',  ( 0.8723421819008511102, -0.4888958147463142168, 3.473137494231632938E-16 ) ) ;
#1161 = CYLINDRICAL_SURFACE ( 'NONE', #996, 6.850000000000000533 ) ;
#1162 = ORIENTED_EDGE ( 'NONE', *, *, #7230, .T. ) ;
#1163 = DIRECTION ( 'NONE',  ( -0.7071067811865487940, -6.204110788218155407E-17, -0.7071067811865462405 ) ) ;
#1164 = CARTESIAN_POINT ( 'NONE',  ( 3.968626966596900729, 79.50000000000002842, 4.500000000000003553 ) ) ;
#1165 = DIRECTION ( 'NONE',  ( -1.000000000000000000, -9.398538128609710963E-32, 0.000000000000000000 ) ) ;
#1166 = VERTEX_POINT ( 'NONE', #9096 ) ;
#1167 = EDGE_LOOP ( 'NONE', ( #9475, #1072, #9045, #3259 ) ) ;
#1168 = VECTOR ( 'NONE', #3502, 1000.000000000000114 ) ;
#1169 = DIRECTION ( 'NONE',  ( 5.551115123125783935E-17, -6.662983475941639612E-17, -1.000000000000000000 ) ) ;
#1170 = CARTESIAN_POINT ( 'NONE',  ( 0.5773502691871282844, 82.51000000000003354, -1.000000000001444178 ) ) ;
#1171 = CARTESIAN_POINT ( 'NONE',  ( 11.00000000000001421, 76.54105339059324820, -16.58394660940668075 ) ) ;
#1172 = EDGE_CURVE ( 'NONE', #2501, #4053, #2983, .T. ) ;
#1173 = ORIENTED_EDGE ( 'NONE', *, *, #915, .T. ) ;
#1174 = DIRECTION ( 'NONE',  ( -3.885780586188047891E-16, 1.000000000000000000, 2.603240987229339518E-29 ) ) ;
#1175 = VECTOR ( 'NONE', #5949, 1000.000000000000114 ) ;
#1176 = CARTESIAN_POINT ( 'NONE',  ( 1.139907719904815683E-14, 99.00000000000001421, 16.30000000000000426 ) ) ;
#1177 = CARTESIAN_POINT ( 'NONE',  ( -8.478666811591963892, 96.64368739382723561, 16.20000000000004547 ) ) ;
#1178 =( BOUNDED_CURVE ( )  B_SPLINE_CURVE ( 2, ( #1622, #2431, #6312, #3292, #8033, #963, #4726, #6409, #9507 ),
 .UNSPECIFIED., .F., .T. ) 
 B_SPLINE_CURVE_WITH_KNOTS ( ( 3, 2, 2, 2, 3 ),
 ( 0.01666666666666668031, 0.02500000000000002220, 0.03333333333333336063, 0.04166666666666669905, 0.05000000000000004441 ),
 .UNSPECIFIED. ) 
 CURVE ( )  GEOMETRIC_REPRESENTATION_ITEM ( )  RATIONAL_B_SPLINE_CURVE ( ( 0.9999999999999998890, 0.9238795325112868495, 1.000000000000000000, 0.9238795325112867385, 1.000000000000000000, 0.9238795325112867385, 1.000000000000000000, 0.9238795325112864054, 1.000000000000000444 ) ) 
 REPRESENTATION_ITEM ( '' )  );
#1179 = CIRCLE ( 'NONE', #1486, 6.000000000000000888 ) ;
#1180 = LINE ( 'NONE', #3510, #9689 ) ;
#1181 = ORIENTED_EDGE ( 'NONE', *, *, #7606, .F. ) ;
#1182 = EDGE_CURVE ( 'NONE', #3339, #780, #8999, .T. ) ;
#1183 = CIRCLE ( 'NONE', #38, 5.999999999999999112 ) ;
#1184 = CARTESIAN_POINT ( 'NONE',  ( 5.780909189721811892, 100.6065767769360093, 19.80000000000000426 ) ) ;
#1185 = DIRECTION ( 'NONE',  ( 0.000000000000000000, 8.773937619163356039E-17, 1.000000000000000000 ) ) ;
#1186 = DIRECTION ( 'NONE',  ( 5.551115123125783935E-17, -6.662983475941639612E-17, -1.000000000000000000 ) ) ;
#1187 = CARTESIAN_POINT ( 'NONE',  ( 5.586714778762236360E-16, 71.81250000136560629, 3.041265875000000118 ) ) ;
#1188 = ORIENTED_EDGE ( 'NONE', *, *, #9732, .F. ) ;
#1189 = EDGE_LOOP ( 'NONE', ( #5644, #8074, #5426, #5442 ) ) ;
#1190 = CARTESIAN_POINT ( 'NONE',  ( -3.041265874999999674, 77.62500000136560629, -1.259733572207478058 ) ) ;
#1191 = CARTESIAN_POINT ( 'NONE',  ( 2.150499723603739533, 68.06250000136560629, 2.150499723603738644 ) ) ;
#1192 = ORIENTED_EDGE ( 'NONE', *, *, #6424, .T. ) ;
#1193 = EDGE_CURVE ( 'NONE', #3854, #3790, #8676, .T. ) ;
#1194 = CARTESIAN_POINT ( 'NONE',  ( 1.259733572207479835, 78.00000000136560629, 3.041265874999999230 ) ) ;
#1195 = EDGE_CURVE ( 'NONE', #5681, #4376, #6890, .T. ) ;
#1196 = CARTESIAN_POINT ( 'NONE',  ( -2.150499723603739088, 75.43750000136559208, -2.150499723603739088 ) ) ;
#1197 = FACE_OUTER_BOUND ( 'NONE', #3925, .T. ) ;
#1198 = CARTESIAN_POINT ( 'NONE',  ( 2.566703027418150374, 103.5797964549794585, 20.29999999999998295 ) ) ;
#1199 = AXIS2_PLACEMENT_3D ( 'NONE', #4127, #7845, #4843 ) ;
#1200 = DIRECTION ( 'NONE',  ( 0.9634848649536333909, 0.2677627961559982950, 1.491283511613613163E-16 ) ) ;
#1201 = CARTESIAN_POINT ( 'NONE',  ( 3.061616997868383141E-16, 70.00000000000000000, -2.500000000000000000 ) ) ;
#1202 = ADVANCED_FACE ( 'NONE', ( #545, #449 ), #1261, .T. ) ;
#1203 = VECTOR ( 'NONE', #2684, 1000.000000000000114 ) ;
#1204 = CARTESIAN_POINT ( 'NONE',  ( -1.530808498934191571E-16, 75.75000000000000000, -2.500000000000000000 ) ) ;
#1205 = ORIENTED_EDGE ( 'NONE', *, *, #9297, .F. ) ;
#1206 = VERTEX_POINT ( 'NONE', #3593 ) ;
#1207 = CARTESIAN_POINT ( 'NONE',  ( 1.985792177107727192E-14, 99.00000000000002842, 20.29999999999999716 ) ) ;
#1208 = CARTESIAN_POINT ( 'NONE',  ( 3.041265875000001007, 71.12500000136559208, 1.259733572207477836 ) ) ;
#1209 =( LENGTH_UNIT ( ) NAMED_UNIT ( * ) SI_UNIT ( .MILLI., .METRE. ) );
#1210 = AXIS2_PLACEMENT_3D ( 'NONE', #411, #253, #8913 ) ;
#1211 = CARTESIAN_POINT ( 'NONE',  ( 11.00000000000001421, 99.00000000000001421, 15.49999999999999289 ) ) ;
#1212 = CARTESIAN_POINT ( 'NONE',  ( -8.645802690282632597, 96.49998083193324305, -16.20000000000000639 ) ) ;
#1213 = ORIENTED_EDGE ( 'NONE', *, *, #9840, .T. ) ;
#1214 = DIRECTION ( 'NONE',  ( -3.885780586188047891E-16, 1.065500303100115213E-16, 1.000000000000000000 ) ) ;
#1215 = CARTESIAN_POINT ( 'NONE',  ( 0.000000000000000000, 80.00000000000000000, 0.000000000000000000 ) ) ;
#1216 = CARTESIAN_POINT ( 'NONE',  ( 3.698209825012964128E-14, 99.00000000000001421, -16.29999999999999716 ) ) ;
#1217 = VERTEX_POINT ( 'NONE', #9858 ) ;
#1218 = ORIENTED_EDGE ( 'NONE', *, *, #9030, .F. ) ;
#1219 = CARTESIAN_POINT ( 'NONE',  ( 0.000000000000000000, 70.00000000000000000, 2.500000000000000000 ) ) ;
#1220 = CARTESIAN_POINT ( 'NONE',  ( 4.799937807795221723, 98.97556557145537681, -21.40000000000000213 ) ) ;
#1221 = VECTOR ( 'NONE', #9033, 1000.000000000000227 ) ;
#1222 = DIRECTION ( 'NONE',  ( -1.000000000000000000, 0.000000000000000000, 0.000000000000000000 ) ) ;
#1223 = DIRECTION ( 'NONE',  ( 0.9634848649536336129, 0.2677627961559976844, 0.000000000000000000 ) ) ;
#1224 = EDGE_LOOP ( 'NONE', ( #8288, #7246, #8854, #7283 ) ) ;
#1225 = DIRECTION ( 'NONE',  ( -1.000000000000000000, 0.000000000000000000, 0.000000000000000000 ) ) ;
#1226 = DIRECTION ( 'NONE',  ( -2.501589552824417682E-12, -9.460304020253028666E-28, -1.000000000000000000 ) ) ;
#1227 = DIRECTION ( 'NONE',  ( 0.000000000000000000, -1.000000000000000000, 0.000000000000000000 ) ) ;
#1228 = CARTESIAN_POINT ( 'NONE',  ( 3.041265875000001007, 79.00000000136560629, 1.259733572207477836 ) ) ;
#1229 = CARTESIAN_POINT ( 'NONE',  ( -2.150499723603738200, 65.81250000136559208, 2.150499723603739533 ) ) ;
#1230 = ORIENTED_EDGE ( 'NONE', *, *, #8138, .F. ) ;
#1231 = ADVANCED_FACE ( 'NONE', ( #2885 ), #7570, .T. ) ;
#1232 = CARTESIAN_POINT ( 'NONE',  ( 4.592425496802573972E-16, 75.50000000273118417, 2.500000000000000000 ) ) ;
#1233 = DIRECTION ( 'NONE',  ( 0.4888958147463141057, 0.8723421819008512212, 1.855174205273593835E-16 ) ) ;
#1234 = CYLINDRICAL_SURFACE ( 'NONE', #6951, 11.00000000000000000 ) ;
#1235 = CARTESIAN_POINT ( 'NONE',  ( 1.561251128379126385E-14, 99.00000000000001421, 19.49999999999999645 ) ) ;
#1236 = CARTESIAN_POINT ( 'NONE',  ( 2.150499723603739533, 68.93750000136560629, 2.150499723603738644 ) ) ;
#1237 = ORIENTED_EDGE ( 'NONE', *, *, #9153, .F. ) ;
#1238 = AXIS2_PLACEMENT_3D ( 'NONE', #59, #1640, #4131 ) ;
#1239 = EDGE_LOOP ( 'NONE', ( #5039, #1998 ) ) ;
#1240 = CARTESIAN_POINT ( 'NONE',  ( 1.259733572207479835, 77.00000000136560629, 3.041265874999999230 ) ) ;
#1241 = CARTESIAN_POINT ( 'NONE',  ( -3.041265875000000118, 65.68750000136559208, 0.000000000000000000 ) ) ;
#1242 = ORIENTED_EDGE ( 'NONE', *, *, #1992, .T. ) ;
#1243 = CARTESIAN_POINT ( 'NONE',  ( -3.041265874999999230, 76.62500000136560629, 1.259733572207480057 ) ) ;
#1244 = CIRCLE ( 'NONE', #2208, 10.49999999999999467 ) ;
#1245 = DIRECTION ( 'NONE',  ( 3.885780586188047891E-16, -1.065500303100115213E-16, -1.000000000000000000 ) ) ;
#1246 = CARTESIAN_POINT ( 'NONE',  ( 1.035533905932769283, 74.68749999999998579, -2.499999999999968914 ) ) ;
#1247 = EDGE_CURVE ( 'NONE', #6206, #4685, #6405, .T. ) ;
#1248 = DIRECTION ( 'NONE',  ( 2.501589552824417682E-12, 0.000000000000000000, 1.000000000000000000 ) ) ;
#1249 = CARTESIAN_POINT ( 'NONE',  ( 2.500000000000000444, 74.43750000000001421, 1.035533905932737309 ) ) ;
#1250 = ORIENTED_EDGE ( 'NONE', *, *, #1376, .F. ) ;
#1251 = ORIENTED_EDGE ( 'NONE', *, *, #5303, .F. ) ;
#1252 = CIRCLE ( 'NONE', #6944, 1.024434782608708572 ) ;
#1253 = CARTESIAN_POINT ( 'NONE',  ( -1.530808498934191571E-16, 71.75000000000001421, -2.500000000000000000 ) ) ;
#1254 = CARTESIAN_POINT ( 'NONE',  ( -3.041265875000000118, 73.68750000136559208, 0.000000000000000000 ) ) ;
#1255 = EDGE_CURVE ( 'NONE', #1217, #8616, #8521, .T. ) ;
#1256 = DIRECTION ( 'NONE',  ( 0.4888958147463141057, 0.8723421819008512212, 1.855174205273593835E-16 ) ) ;
#1257 = CARTESIAN_POINT ( 'NONE',  ( 4.797269072985134386, 92.76423757108376833, -21.39999999999999858 ) ) ;
#1258 = ORIENTED_EDGE ( 'NONE', *, *, #7099, .F. ) ;
#1259 = LINE ( 'NONE', #399, #1924 ) ;
#1260 = EDGE_CURVE ( 'NONE', #828, #3742, #1041, .T. ) ;
#1261 = PLANE ( 'NONE',  #5109 ) ;
#1262 = AXIS2_PLACEMENT_3D ( 'NONE', #9019, #3617, #1333 ) ;
#1263 = AXIS2_PLACEMENT_3D ( 'NONE', #934, #2457, #9384 ) ;
#1264 = EDGE_CURVE ( 'NONE', #1088, #5825, #5134, .T. ) ;
#1265 = CARTESIAN_POINT ( 'NONE',  ( -10.49999999999998401, 80.00000000000001421, 14.49999999999999467 ) ) ;
#1266 = ORIENTED_EDGE ( 'NONE', *, *, #2414, .F. ) ;
#1267 = EDGE_LOOP ( 'NONE', ( #1508, #7028, #8090, #8215 ) ) ;
#1268 = CARTESIAN_POINT ( 'NONE',  ( 4.592425496802573972E-16, 73.50000000273118417, 2.500000000000000000 ) ) ;
#1269 = AXIS2_PLACEMENT_3D ( 'NONE', #9570, #6469, #5652 ) ;
#1270 = CIRCLE ( 'NONE', #2076, 2.500000000000000000 ) ;
#1271 = PLANE ( 'NONE',  #3598 ) ;
#1272 = DIRECTION ( 'NONE',  ( -3.885780586188047891E-16, 1.000000000000000000, 2.603240987229339518E-29 ) ) ;
#1273 = DIRECTION ( 'NONE',  ( -2.771172519036345232E-16, 8.684692346097759303E-17, 1.000000000000000000 ) ) ;
#1274 = VERTEX_POINT ( 'NONE', #8235 ) ;
#1275 = CARTESIAN_POINT ( 'NONE',  ( -8.952728626433682280, 102.7447318824067395, 21.39999999999999503 ) ) ;
#1276 = CARTESIAN_POINT ( 'NONE',  ( -1.767766952966368432, 74.37500000273118417, 1.767766952966369320 ) ) ;
#1277 = DIRECTION ( 'NONE',  ( 3.654459117618455439E-16, -1.199456548643360156E-16, -1.000000000000000000 ) ) ;
#1278 = CARTESIAN_POINT ( 'NONE',  ( -3.041265874999999230, 72.62500000136560629, 1.259733572207480057 ) ) ;
#1279 = CIRCLE ( 'NONE', #6968, 7.904347826086997486 ) ;
#1280 = AXIS2_PLACEMENT_3D ( 'NONE', #8482, #1511, #6194 ) ;
#1281 = EDGE_LOOP ( 'NONE', ( #7483, #1019 ) ) ;
#1282 = CARTESIAN_POINT ( 'NONE',  ( 9.000000000000014211, 99.00000000000001421, 20.00000000000000000 ) ) ;
#1283 = CARTESIAN_POINT ( 'NONE',  ( 3.061616997868383141E-16, 70.00000000000000000, -2.500000000000000000 ) ) ;
#1284 = CARTESIAN_POINT ( 'NONE',  ( -7.810136808629904337, 100.2167487769667389, -21.40000000000000568 ) ) ;
#1285 = CARTESIAN_POINT ( 'NONE',  ( 3.714308058870029403E-14, 99.00000000000001421, -19.20000000000000639 ) ) ;
#1286 = CARTESIAN_POINT ( 'NONE',  ( -8.999999999999984013, 99.00000000000001421, -15.00000000000000533 ) ) ;
#1287 = CARTESIAN_POINT ( 'NONE',  ( 2.500000000000000000, 77.75000000273118417, -3.061616997868383141E-16 ) ) ;
#1288 = CARTESIAN_POINT ( 'NONE',  ( 3.041265875000001007, 71.00000000136559208, 1.259733572207477836 ) ) ;
#1289 = EDGE_LOOP ( 'NONE', ( #8769, #6806, #3291, #3396 ) ) ;
#1290 = ORIENTED_EDGE ( 'NONE', *, *, #1453, .T. ) ;
#1291 = CARTESIAN_POINT ( 'NONE',  ( -3.041265875000000118, 77.68750000136559208, 0.000000000000000000 ) ) ;
#1292 = CARTESIAN_POINT ( 'NONE',  ( -1.259733572207478058, 69.50000000136559208, -3.041265875000000563 ) ) ;
#1293 = VERTEX_POINT ( 'NONE', #4368 ) ;
#1294 = CARTESIAN_POINT ( 'NONE',  ( 5.586714778762236360E-16, 73.81250000136559208, 3.041265875000000118 ) ) ;
#1295 = FACE_OUTER_BOUND ( 'NONE', #3821, .T. ) ;
#1296 = CARTESIAN_POINT ( 'NONE',  ( -1.035533905932770171, 75.18749999999998579, 2.499999999999968026 ) ) ;
#1297 = AXIS2_PLACEMENT_3D ( 'NONE', #3948, #7058, #78 ) ;
#1298 = EDGE_CURVE ( 'NONE', #4951, #7652, #7264, .T. ) ;
#1299 = DIRECTION ( 'NONE',  ( 1.389837649247941979E-47, -8.573297140604717370E-17, 1.000000000000000000 ) ) ;
#1300 = CARTESIAN_POINT ( 'NONE',  ( 2.500000000000000000, 74.50000000000000000, -3.061616997868383141E-16 ) ) ;
#1301 = ORIENTED_EDGE ( 'NONE', *, *, #8088, .F. ) ;
#1302 = ORIENTED_EDGE ( 'NONE', *, *, #2926, .F. ) ;
#1303 = FACE_OUTER_BOUND ( 'NONE', #7324, .T. ) ;
#1304 = CIRCLE ( 'NONE', #5863, 6.850000000000000533 ) ;
#1305 = ADVANCED_FACE ( 'NONE', ( #4460 ), #6129, .T. ) ;
#1306 = CARTESIAN_POINT ( 'NONE',  ( 2.150499723603738644, 73.31250000136559208, -2.150499723603739088 ) ) ;
#1307 = DIRECTION ( 'NONE',  ( 0.1786590974811276267, 0.9839110360633368524, -3.594012831985014105E-17 ) ) ;
#1308 = DIRECTION ( 'NONE',  ( 0.000000000000000000, 1.000000000000000000, 0.000000000000000000 ) ) ;
#1309 = ORIENTED_EDGE ( 'NONE', *, *, #9065, .T. ) ;
#1310 = LINE ( 'NONE', #2020, #6319 ) ;
#1311 = CARTESIAN_POINT ( 'NONE',  ( 1.081621011111995122E-14, 99.00000000000001421, 19.80000000000000426 ) ) ;
#1312 = AXIS2_PLACEMENT_3D ( 'NONE', #6665, #352, #8855 ) ;
#1313 = FACE_OUTER_BOUND ( 'NONE', #9352, .T. ) ;
#1314 = ORIENTED_EDGE ( 'NONE', *, *, #8417, .F. ) ;
#1315 = ORIENTED_EDGE ( 'NONE', *, *, #7077, .F. ) ;
#1316 = EDGE_CURVE ( 'NONE', #2276, #2911, #3676, .T. ) ;
#1317 = AXIS2_PLACEMENT_3D ( 'NONE', #287, #6600, #1159 ) ;
#1318 = ADVANCED_FACE ( 'NONE', ( #6251 ), #8439, .F. ) ;
#1319 = DIRECTION ( 'NONE',  ( 5.665246594868397106E-32, -0.7071067811865457964, 0.7071067811865492381 ) ) ;
#1320 = DIRECTION ( 'NONE',  ( -0.9634848649536246201, -0.2677627961560299918, 0.000000000000000000 ) ) ;
#1321 = ORIENTED_EDGE ( 'NONE', *, *, #7331, .T. ) ;
#1322 = FACE_OUTER_BOUND ( 'NONE', #9254, .T. ) ;
#1323 = VECTOR ( 'NONE', #8487, 1000.000000000000000 ) ;
#1324 = CARTESIAN_POINT ( 'NONE',  ( -1.035533905932706222, 74.06250000273119838, -2.500000000000031974 ) ) ;
#1325 = CARTESIAN_POINT ( 'NONE',  ( -1.862238259587412120E-16, 73.31250000136559208, -3.041265875000000118 ) ) ;
#1326 = EDGE_CURVE ( 'NONE', #5078, #197, #9601, .T. ) ;
#1327 = CARTESIAN_POINT ( 'NONE',  ( -2.500000000000000000, 65.00000000000000000, 0.000000000000000000 ) ) ;
#1328 = VERTEX_POINT ( 'NONE', #1519 ) ;
#1329 = CARTESIAN_POINT ( 'NONE',  ( 1.502675769036313010E-14, 98.99999999999998579, -20.30000000000001137 ) ) ;
#1330 = PLANE ( 'NONE',  #351 ) ;
#1331 = AXIS2_PLACEMENT_3D ( 'NONE', #6013, #8359, #4480 ) ;
#1332 = DIRECTION ( 'NONE',  ( 0.9634848649536337239, 0.2677627961559977399, 0.000000000000000000 ) ) ;
#1333 = DIRECTION ( 'NONE',  ( -0.9606447433647388179, -0.2777799075629757142, 0.000000000000000000 ) ) ;
#1334 = EDGE_CURVE ( 'NONE', #1206, #9718, #3131, .T. ) ;
#1335 = DIRECTION ( 'NONE',  ( -3.885780586188047891E-16, 1.000000000000000000, 2.603240987229339518E-29 ) ) ;
#1336 = CARTESIAN_POINT ( 'NONE',  ( -1.035533905932738197, 76.43750000273121259, 2.500000000000000000 ) ) ;
#1337 = CARTESIAN_POINT ( 'NONE',  ( -1.259733572207478058, 68.37500000136559208, -3.041265875000000563 ) ) ;
#1338 = ORIENTED_EDGE ( 'NONE', *, *, #5913, .F. ) ;
#1339 = ORIENTED_EDGE ( 'NONE', *, *, #8656, .F. ) ;
#1340 = AXIS2_PLACEMENT_3D ( 'NONE', #6258, #3289, #960 ) ;
#1341 = CARTESIAN_POINT ( 'NONE',  ( -1.259733572207478502, 76.87500000136559208, 3.041265874999999230 ) ) ;
#1342 = CARTESIAN_POINT ( 'NONE',  ( -1.259733572207478058, 67.50000000136559208, -3.041265875000000563 ) ) ;
#1343 = ORIENTED_EDGE ( 'NONE', *, *, #8555, .F. ) ;
#1344 = CARTESIAN_POINT ( 'NONE',  ( 1.259733572207478058, 75.25000000136559208, -3.041265874999999674 ) ) ;
#1345 = DIRECTION ( 'NONE',  ( 0.000000000000000000, 0.000000000000000000, 1.000000000000000000 ) ) ;
#1346 = CARTESIAN_POINT ( 'NONE',  ( -1.767766952966368432, 75.12500000000000000, 1.767766952966369320 ) ) ;
#1347 = CYLINDRICAL_SURFACE ( 'NONE', #3445, 1.205999999999999739 ) ;
#1348 = CARTESIAN_POINT ( 'NONE',  ( 1.035533905932737531, 75.68750000000001421, -2.500000000000000444 ) ) ;
#1349 = VERTEX_POINT ( 'NONE', #9349 ) ;
#1350 = ORIENTED_EDGE ( 'NONE', *, *, #987, .F. ) ;
#1351 = DIRECTION ( 'NONE',  ( 8.011868568650901149E-32, -1.000000000000000000, 2.991526032573998647E-17 ) ) ;
#1352 = EDGE_CURVE ( 'NONE', #4656, #265, #2369, .T. ) ;
#1353 = MANIFOLD_SOLID_BREP ( 'C-SFL6701ZZ-2-solid1', #8923 ) ;
#1354 = CARTESIAN_POINT ( 'NONE',  ( -1.259733572207478502, 71.87500000136559208, 3.041265874999999230 ) ) ;
#1355 = DIRECTION ( 'NONE',  ( -2.501589552824417682E-12, -9.460304020253028666E-28, -1.000000000000000000 ) ) ;
#1356 = DIRECTION ( 'NONE',  ( 0.6785983445458487751, 0.2810846377148118469, -0.6785983445458486640 ) ) ;
#1357 = ORIENTED_EDGE ( 'NONE', *, *, #3904, .F. ) ;
#1358 = DIRECTION ( 'NONE',  ( 0.9999870432906646789, -0.005090505946797769903, 3.575146948697720887E-16 ) ) ;
#1359 = DIRECTION ( 'NONE',  ( 0.9634848649536335019, 0.2677627961559984060, 0.000000000000000000 ) ) ;
#1360 = CIRCLE ( 'NONE', #6079, 1.024434782608710126 ) ;
#1361 = ADVANCED_FACE ( 'NONE', ( #9395 ), #2420, .F. ) ;
#1362 = CARTESIAN_POINT ( 'NONE',  ( 4.093034312038472677, 79.83309882937318491, 4.833098829373167149 ) ) ;
#1363 = ORIENTED_EDGE ( 'NONE', *, *, #7423, .F. ) ;
#1364 = EDGE_LOOP ( 'NONE', ( #6461, #5182, #1394, #6316 ) ) ;
#1365 = AXIS2_PLACEMENT_3D ( 'NONE', #4126, #1986, #7187 ) ;
#1366 = FACE_OUTER_BOUND ( 'NONE', #9511, .T. ) ;
#1367 = PLANE ( 'NONE',  #364 ) ;
#1368 = CARTESIAN_POINT ( 'NONE',  ( 3.985202476878567978E-14, 99.00000000000001421, -67.99999999999998579 ) ) ;
#1369 = ORIENTED_EDGE ( 'NONE', *, *, #5281, .F. ) ;
#1370 = CYLINDRICAL_SURFACE ( 'NONE', #6472, 6.850000000000000533 ) ;
#1371 = PLANE ( 'NONE',  #4296 ) ;
#1372 = CARTESIAN_POINT ( 'NONE',  ( 2.500000000000000444, 76.56250000000001421, -1.035533905932737975 ) ) ;
#1373 = CARTESIAN_POINT ( 'NONE',  ( -3.041265874999999230, 74.62500000136560629, 1.259733572207480057 ) ) ;
#1374 = EDGE_CURVE ( 'NONE', #4818, #5982, #3842, .T. ) ;
#1375 = CARTESIAN_POINT ( 'NONE',  ( -1.035533905932706666, 68.43750000273118417, 2.500000000000031086 ) ) ;
#1376 = EDGE_CURVE ( 'NONE', #1080, #4267, #5189, .T. ) ;
#1377 = ORIENTED_EDGE ( 'NONE', *, *, #4086, .T. ) ;
#1378 = CIRCLE ( 'NONE', #3324, 8.099999999999999645 ) ;
#1379 = CARTESIAN_POINT ( 'NONE',  ( -1.862238259587412120E-16, 77.43750000136559208, -3.041265875000000118 ) ) ;
#1380 = CARTESIAN_POINT ( 'NONE',  ( -10.99999999999998401, 80.50000000000002842, 15.49999999999999467 ) ) ;
#1381 = DIRECTION ( 'NONE',  ( 0.9256659661250536963, 0.3783418020226825829, 4.389289323153614450E-16 ) ) ;
#1382 = CARTESIAN_POINT ( 'NONE',  ( 1.561251128379126385E-14, 80.00000000000001421, 4.078925178226051680E-15 ) ) ;
#1383 = EDGE_CURVE ( 'NONE', #1020, #7074, #7359, .T. ) ;
#1384 = DIRECTION ( 'NONE',  ( 0.000000000000000000, 0.000000000000000000, -1.000000000000000000 ) ) ;
#1385 = EDGE_CURVE ( 'NONE', #372, #3145, #8329, .T. ) ;
#1386 = FACE_BOUND ( 'NONE', #4153, .T. ) ;
#1387 = CARTESIAN_POINT ( 'NONE',  ( -2.500000000000000444, 78.18750000273119838, -1.035533905932737753 ) ) ;
#1388 = CARTESIAN_POINT ( 'NONE',  ( -2.150499723603738200, 67.68750000136560629, 2.150499723603739533 ) ) ;
#1389 = ORIENTED_EDGE ( 'NONE', *, *, #5167, .F. ) ;
#1390 = EDGE_CURVE ( 'NONE', #4971, #8126, #5525, .T. ) ;
#1391 = MANIFOLD_SOLID_BREP ( 'socket button head cap screw_am-1-solid1', #140 ) ;
#1392 = CARTESIAN_POINT ( 'NONE',  ( 1.259733572207478058, 73.37500000136562051, -3.041265874999999674 ) ) ;
#1393 = CARTESIAN_POINT ( 'NONE',  ( 3.041265875000000563, 66.25000000136559208, -1.259733572207478502 ) ) ;
#1394 = ORIENTED_EDGE ( 'NONE', *, *, #3708, .T. ) ;
#1395 = AXIS2_PLACEMENT_3D ( 'NONE', #7963, #3272, #8677 ) ;
#1396 = CARTESIAN_POINT ( 'NONE',  ( -3.041265875000000118, 74.56250000136559208, 0.000000000000000000 ) ) ;
#1397 = CARTESIAN_POINT ( 'NONE',  ( 1.546529278447734532E-14, 98.99999999999998579, -21.50000000000001066 ) ) ;
#1398 = AXIS2_PLACEMENT_3D ( 'NONE', #2550, #4952, #3929 ) ;
#1399 = CARTESIAN_POINT ( 'NONE',  ( 2.150499723603738644, 79.18750000136559208, -2.150499723603739088 ) ) ;
#1400 = CARTESIAN_POINT ( 'NONE',  ( 1.035533905932702226, 72.56250000273118417, 2.500000000000036859 ) ) ;
#1401 = DIRECTION ( 'NONE',  ( 0.7071067811865470176, -2.115328343729158938E-17, -0.7071067811865480168 ) ) ;
#1402 = CARTESIAN_POINT ( 'NONE',  ( -1.767766952966369098, 69.87500000000000000, -1.767766952966369098 ) ) ;
#1403 = ORIENTED_EDGE ( 'NONE', *, *, #7600, .T. ) ;
#1404 = ORIENTED_EDGE ( 'NONE', *, *, #1919, .T. ) ;
#1405 = CIRCLE ( 'NONE', #913, 9.000000000000000000 ) ;
#1406 = FACE_BOUND ( 'NONE', #4357, .T. ) ;
#1407 = CARTESIAN_POINT ( 'NONE',  ( -1.259733572207478502, 72.87500000136559208, 3.041265874999999230 ) ) ;
#1408 = CYLINDRICAL_SURFACE ( 'NONE', #6133, 11.00000000000000000 ) ;
#1409 = CARTESIAN_POINT ( 'NONE',  ( -2.500000000000000000, 66.06250000000000000, 1.035533905932739307 ) ) ;
#1410 = ORIENTED_EDGE ( 'NONE', *, *, #3479, .T. ) ;
#1411 = FACE_OUTER_BOUND ( 'NONE', #6531, .T. ) ;
#1412 = DIRECTION ( 'NONE',  ( 5.551115123125783935E-17, -6.662983475941639612E-17, -1.000000000000000000 ) ) ;
#1413 = ADVANCED_FACE ( 'NONE', ( #4765 ), #7867, .F. ) ;
#1414 = AXIS2_PLACEMENT_3D ( 'NONE', #4213, #1160, #8182 ) ;
#1415 = CARTESIAN_POINT ( 'NONE',  ( 3.968626966596900729, 79.50000000000002842, 4.500000000000003553 ) ) ;
#1416 = ORIENTED_EDGE ( 'NONE', *, *, #6353, .T. ) ;
#1417 = EDGE_LOOP ( 'NONE', ( #8890, #424 ) ) ;
#1418 = CARTESIAN_POINT ( 'NONE',  ( 4.592425496802573972E-16, 77.50000000273118417, 2.500000000000000000 ) ) ;
#1419 = CIRCLE ( 'NONE', #10027, 9.750000000000000000 ) ;
#1420 = DIRECTION ( 'NONE',  ( -3.654459117618455439E-16, 1.199456548643360156E-16, 1.000000000000000000 ) ) ;
#1421 = DIRECTION ( 'NONE',  ( 5.551115123125783935E-17, -6.662983475941639612E-17, -1.000000000000000000 ) ) ;
#1422 = AXIS2_PLACEMENT_3D ( 'NONE', #3984, #4909, #5564 ) ;
#1423 = EDGE_LOOP ( 'NONE', ( #2936, #5921, #1971, #10021 ) ) ;
#1424 = MANIFOLD_SOLID_BREP ( 'e-ring external retaining ring_am-9-solid1', #2410 ) ;
#1425 = CARTESIAN_POINT ( 'NONE',  ( 1.767766952966369320, 77.37500000000000000, 1.767766952966368654 ) ) ;
#1426 = CARTESIAN_POINT ( 'NONE',  ( 4.004816466161965197E-12, 81.80000000000002558, 1.599999999999990985 ) ) ;
#1427 = CARTESIAN_POINT ( 'NONE',  ( 4.592425496802573972E-16, 70.25000000000000000, 2.500000000000000000 ) ) ;
#1428 = CARTESIAN_POINT ( 'NONE',  ( -1.862238259587412120E-16, 72.31250000136559208, -3.041265875000000118 ) ) ;
#1429 = CIRCLE ( 'NONE', #3203, 6.850000000000000533 ) ;
#1430 = ORIENTED_EDGE ( 'NONE', *, *, #2926, .T. ) ;
#1431 = CARTESIAN_POINT ( 'NONE',  ( 1.259733572207479835, 74.00000000136559208, 3.041265874999999230 ) ) ;
#1432 = FACE_BOUND ( 'NONE', #3773, .T. ) ;
#1433 = CARTESIAN_POINT ( 'NONE',  ( 2.500000000000000000, 70.50000000000000000, -3.061616997868383141E-16 ) ) ;
#1434 = CARTESIAN_POINT ( 'NONE',  ( 11.00000000000001421, 79.25000000000002842, 19.49999999999999289 ) ) ;
#1435 = CARTESIAN_POINT ( 'NONE',  ( -3.041265875000000118, 64.68750000136559208, 0.000000000000000000 ) ) ;
#1436 = CARTESIAN_POINT ( 'NONE',  ( 0.000000000000000000, 0.000000000000000000, 0.000000000000000000 ) ) ;
#1437 = CARTESIAN_POINT ( 'NONE',  ( 2.500000000000000444, 76.81250000273118417, -1.035533905932737975 ) ) ;
#1438 = AXIS2_PLACEMENT_3D ( 'NONE', #2930, #9857, #1464 ) ;
#1439 = CARTESIAN_POINT ( 'NONE',  ( 3.041265875000000118, 66.06250000136559208, -3.724476519174824240E-16 ) ) ;
#1440 = VERTEX_POINT ( 'NONE', #8491 ) ;
#1441 = CARTESIAN_POINT ( 'NONE',  ( 1.259733572207479835, 74.00000000136559208, 3.041265874999999230 ) ) ;
#1442 = ORIENTED_EDGE ( 'NONE', *, *, #5117, .F. ) ;
#1443 = EDGE_CURVE ( 'NONE', #5619, #6595, #9195, .T. ) ;
#1444 = ORIENTED_EDGE ( 'NONE', *, *, #6113, .F. ) ;
#1445 = CLOSED_SHELL ( 'NONE', ( #581, #1687, #5487, #5184, #2255, #8757, #8903, #6989, #8863, #704, #7040, #7571, #6486, #6822, #2751, #256, #7031, #9725 ) ) ;
#1446 = ADVANCED_FACE ( 'NONE', ( #1465 ), #4565, .F. ) ;
#1447 = CARTESIAN_POINT ( 'NONE',  ( 3.041265875000000118, 73.06250000136559208, -3.724476519174824240E-16 ) ) ;
#1448 = DIRECTION ( 'NONE',  ( 2.771172519036345232E-16, -8.684692346097759303E-17, -1.000000000000000000 ) ) ;
#1449 = ADVANCED_FACE ( 'NONE', ( #7720 ), #747, .F. ) ;
#1450 = CARTESIAN_POINT ( 'NONE',  ( -3.968626966596887851, 80.00000000000000000, -4.500000000000000000 ) ) ;
#1451 = CARTESIAN_POINT ( 'NONE',  ( 3.968626966596887851, 5.000000000000000000, 4.500000000000000000 ) ) ;
#1452 = CARTESIAN_POINT ( 'NONE',  ( -3.968626966596870531, 76.25000000000001421, -4.499999999999995559 ) ) ;
#1453 = EDGE_CURVE ( 'NONE', #1145, #8693, #4593, .T. ) ;
#1454 = CARTESIAN_POINT ( 'NONE',  ( 2.500000000000000444, 71.43750000000001421, 1.035533905932737309 ) ) ;
#1455 = ORIENTED_EDGE ( 'NONE', *, *, #5224, .F. ) ;
#1456 = VERTEX_POINT ( 'NONE', #7309 ) ;
#1457 = DIRECTION ( 'NONE',  ( 3.654459117618455439E-16, -1.199456548643360156E-16, -1.000000000000000000 ) ) ;
#1458 = CARTESIAN_POINT ( 'NONE',  ( -3.041265874999999674, 66.62500000136559208, -1.259733572207478058 ) ) ;
#1459 = DIRECTION ( 'NONE',  ( -3.885780586188047891E-16, 1.065500303100115213E-16, 1.000000000000000000 ) ) ;
#1460 = CARTESIAN_POINT ( 'NONE',  ( 2.234323837058129904E-15, 81.90000000000003411, -1.496863567656871919E-28 ) ) ;
#1461 = LINE ( 'NONE', #9393, #73 ) ;
#1462 = ORIENTED_EDGE ( 'NONE', *, *, #7227, .T. ) ;
#1463 = EDGE_CURVE ( 'NONE', #9363, #575, #4969, .T. ) ;
#1464 = DIRECTION ( 'NONE',  ( -0.4888958147463141057, -0.8723421819008512212, 0.000000000000000000 ) ) ;
#1465 = FACE_OUTER_BOUND ( 'NONE', #2639, .T. ) ;
#1466 = CONICAL_SURFACE ( 'NONE', #4548, 1.219499999999999806, 0.7853981633974529419 ) ;
#1467 = DIRECTION ( 'NONE',  ( -3.654459117618455932E-16, 1.199456548643360156E-16, 1.000000000000000000 ) ) ;
#1468 = VERTEX_POINT ( 'NONE', #8124 ) ;
#1469 = VERTEX_POINT ( 'NONE', #7109 ) ;
#1470 = ORIENTED_EDGE ( 'NONE', *, *, #3367, .F. ) ;
#1471 = CARTESIAN_POINT ( 'NONE',  ( -2.500000000000000444, 73.18750000273121259, -1.035533905932737753 ) ) ;
#1472 = DIRECTION ( 'NONE',  ( 0.9999870432906645679, -0.005090505946795629254, 0.000000000000000000 ) ) ;
#1473 = CARTESIAN_POINT ( 'NONE',  ( -1.767766952966369098, 68.12500000273119838, -1.767766952966369098 ) ) ;
#1474 = AXIS2_PLACEMENT_3D ( 'NONE', #7430, #5750, #249 ) ;
#1475 = VERTEX_POINT ( 'NONE', #6397 ) ;
#1476 = DIRECTION ( 'NONE',  ( -1.665334536937734071E-16, 4.229157726022815470E-17, 1.000000000000000000 ) ) ;
#1477 = CARTESIAN_POINT ( 'NONE',  ( -0.5773502691871216230, 82.51000000000003354, 1.000000000001442402 ) ) ;
#1478 = CARTESIAN_POINT ( 'NONE',  ( 3.041265875000000118, 73.06250000136559208, -3.724476519174824240E-16 ) ) ;
#1479 = CARTESIAN_POINT ( 'NONE',  ( 6.835470466734252071, 92.11155240797442900, -21.39999999999999858 ) ) ;
#1480 = VECTOR ( 'NONE', #959, 1000.000000000000000 ) ;
#1481 = ORIENTED_EDGE ( 'NONE', *, *, #7453, .T. ) ;
#1482 = CARTESIAN_POINT ( 'NONE',  ( -2.150499723603738200, 74.81250000136559208, 2.150499723603739533 ) ) ;
#1483 = FACE_OUTER_BOUND ( 'NONE', #3033, .T. ) ;
#1484 = EDGE_CURVE ( 'NONE', #3193, #6112, #8985, .T. ) ;
#1485 = DIRECTION ( 'NONE',  ( 2.771172519036345232E-16, -8.684692346097759303E-17, -1.000000000000000000 ) ) ;
#1486 = AXIS2_PLACEMENT_3D ( 'NONE', #2102, #9751, #6697 ) ;
#1487 = FACE_BOUND ( 'NONE', #1806, .T. ) ;
#1488 = CARTESIAN_POINT ( 'NONE',  ( 3.697654713500652055E-14, 99.00000000000001421, -16.20000000000000284 ) ) ;
#1489 = CARTESIAN_POINT ( 'NONE',  ( -2.500000000000000000, 75.25000000273118417, 0.000000000000000000 ) ) ;
#1490 = CARTESIAN_POINT ( 'NONE',  ( 1.767766952966368654, 78.87500000273118417, -1.767766952966369098 ) ) ;
#1491 = CARTESIAN_POINT ( 'NONE',  ( -3.041265875000000563, 68.50000000136559208, -1.259733572207478058 ) ) ;
#1492 = ORIENTED_EDGE ( 'NONE', *, *, #6429, .F. ) ;
#1493 = AXIS2_PLACEMENT_3D ( 'NONE', #4173, #1980, #7432 ) ;
#1494 = ADVANCED_FACE ( 'NONE', ( #2519 ), #1101, .T. ) ;
#1495 = CARTESIAN_POINT ( 'NONE',  ( -1.259733572207478502, 73.87500000136560629, 3.041265874999999230 ) ) ;
#1496 = VERTEX_POINT ( 'NONE', #1863 ) ;
#1497 = VERTEX_POINT ( 'NONE', #8735 ) ;
#1498 = CIRCLE ( 'NONE', #1493, 9.704347826086955564 ) ;
#1499 = CARTESIAN_POINT ( 'NONE',  ( -1.259733572207478502, 71.75000000136559208, 3.041265874999999230 ) ) ;
#1500 = CYLINDRICAL_SURFACE ( 'NONE', #6457, 8.099999999999999645 ) ;
#1501 = CARTESIAN_POINT ( 'NONE',  ( -2.150499723603739088, 79.43750000136559208, -2.150499723603739088 ) ) ;
#1502 = VECTOR ( 'NONE', #1525, 1000.000000000000000 ) ;
#1503 = CARTESIAN_POINT ( 'NONE',  ( -3.968626966596887851, 0.000000000000000000, 4.500000000000000000 ) ) ;
#1504 = CARTESIAN_POINT ( 'NONE',  ( 0.000000000000000000, 70.00000000000000000, 0.000000000000000000 ) ) ;
#1505 = EDGE_CURVE ( 'NONE', #9915, #7595, #3997, .T. ) ;
#1506 = CARTESIAN_POINT ( 'NONE',  ( -2.500000000000000000, 69.00000000000000000, 0.000000000000000000 ) ) ;
#1507 = ORIENTED_EDGE ( 'NONE', *, *, #3610, .T. ) ;
#1508 = ORIENTED_EDGE ( 'NONE', *, *, #6356, .T. ) ;
#1509 =( BOUNDED_CURVE ( )  B_SPLINE_CURVE ( 2, ( #4733, #7885, #1733, #7837, #4689, #1680, #4070, #7029, #3301 ),
 .UNSPECIFIED., .F., .T. ) 
 B_SPLINE_CURVE_WITH_KNOTS ( ( 3, 2, 2, 2, 3 ),
 ( 0.5166666666666671626, 0.5250000000000004663, 0.5333333333333337700, 0.5416666666666670737, 0.5500000000000004885 ),
 .UNSPECIFIED. ) 
 CURVE ( )  GEOMETRIC_REPRESENTATION_ITEM ( )  RATIONAL_B_SPLINE_CURVE ( ( 0.9999999999999958922, 0.9238795325112908463, 1.000000000000000000, 0.9238795325112867385, 1.000000000000000000, 0.9238795325112867385, 1.000000000000000000, 0.9238795325112826307, 1.000000000000003997 ) ) 
 REPRESENTATION_ITEM ( '' )  );
#1510 = ADVANCED_FACE ( 'NONE', ( #1766 ), #178, .T. ) ;
#1511 = DIRECTION ( 'NONE',  ( 0.000000000000000000, -1.000000000000000000, 0.000000000000000000 ) ) ;
#1512 = CARTESIAN_POINT ( 'NONE',  ( 1.259733572207478058, 69.37500000136559208, -3.041265874999999674 ) ) ;
#1513 = CARTESIAN_POINT ( 'NONE',  ( 1.561251128379126385E-14, 80.00000000000001421, 4.078925178226051680E-15 ) ) ;
#1514 = EDGE_CURVE ( 'NONE', #8693, #8852, #1988, .T. ) ;
#1515 = CARTESIAN_POINT ( 'NONE',  ( 6.100000000000027178, 81.90000000000003411, -1.525405842093202110E-11 ) ) ;
#1516 = CARTESIAN_POINT ( 'NONE',  ( 1.767766952966368654, 67.87500000273119838, -1.767766952966369098 ) ) ;
#1517 = ORIENTED_EDGE ( 'NONE', *, *, #5576, .F. ) ;
#1518 = DIRECTION ( 'NONE',  ( 5.551115123125783935E-17, -6.662983475941639612E-17, -1.000000000000000000 ) ) ;
#1519 = CARTESIAN_POINT ( 'NONE',  ( 8.645802690282687664, 101.5000191680667996, -19.20000000000000639 ) ) ;
#1520 = PLANE ( 'NONE',  #5467 ) ;
#1521 = VERTEX_POINT ( 'NONE', #4869 ) ;
#1522 = ORIENTED_EDGE ( 'NONE', *, *, #3800, .T. ) ;
#1523 = VERTEX_POINT ( 'NONE', #3381 ) ;
#1524 = DIRECTION ( 'NONE',  ( 0.000000000000000000, -8.773937619163356039E-17, -1.000000000000000000 ) ) ;
#1525 = DIRECTION ( 'NONE',  ( -4.632792164159807407E-48, 1.455634920575271343E-16, 1.000000000000000000 ) ) ;
#1526 = CARTESIAN_POINT ( 'NONE',  ( -2.500000000000000000, 69.25000000273119838, 0.000000000000000000 ) ) ;
#1527 = EDGE_LOOP ( 'NONE', ( #7585, #8443, #3538, #5920 ) ) ;
#1528 = CARTESIAN_POINT ( 'NONE',  ( -2.500000000000000000, 80.00000000000000000, 0.000000000000000000 ) ) ;
#1529 = AXIS2_PLACEMENT_3D ( 'NONE', #4024, #207, #8562 ) ;
#1530 = CARTESIAN_POINT ( 'NONE',  ( -1.259733572207478058, 68.37500000136560629, -3.041265874999999674 ) ) ;
#1531 = DIRECTION ( 'NONE',  ( 2.501589552824417278E-12, 0.000000000000000000, 1.000000000000000000 ) ) ;
#1532 = ORIENTED_EDGE ( 'NONE', *, *, #7084, .T. ) ;
#1533 = AXIS2_PLACEMENT_3D ( 'NONE', #7272, #4163, #8136 ) ;
#1534 = ORIENTED_EDGE ( 'NONE', *, *, #5095, .F. ) ;
#1535 = CARTESIAN_POINT ( 'NONE',  ( 3.041265875000000118, 74.18750000136559208, -3.724476519174824240E-16 ) ) ;
#1536 = CARTESIAN_POINT ( 'NONE',  ( -1.767766952966368432, 72.37500000273118417, 1.767766952966369320 ) ) ;
#1537 = CARTESIAN_POINT ( 'NONE',  ( 7.633375672046535776, 101.0132427818111438, 20.30000000000000071 ) ) ;
#1538 = DIRECTION ( 'NONE',  ( -1.665334536937734071E-16, 4.229157726022815470E-17, 1.000000000000000000 ) ) ;
#1539 = CARTESIAN_POINT ( 'NONE',  ( -9.704222089672850160, 99.04940004031850265, -21.40000000000000568 ) ) ;
#1540 = CARTESIAN_POINT ( 'NONE',  ( 4.592425496802573972E-16, 73.25000000000000000, 2.500000000000000000 ) ) ;
#1541 = CARTESIAN_POINT ( 'NONE',  ( 1.035533905932739085, 71.56250000273119838, 2.500000000000000000 ) ) ;
#1542 = CARTESIAN_POINT ( 'NONE',  ( 3.041265875000000118, 68.06250000136560629, -3.724476519174824240E-16 ) ) ;
#1543 = ADVANCED_FACE ( 'NONE', ( #9444 ), #7970, .F. ) ;
#1544 = CARTESIAN_POINT ( 'NONE',  ( -2.150499723603739088, 71.56250000136560629, -2.150499723603739088 ) ) ;
#1545 = ORIENTED_EDGE ( 'NONE', *, *, #9894, .T. ) ;
#1546 = CARTESIAN_POINT ( 'NONE',  ( -1.862238259587412120E-16, 73.31250000136559208, -3.041265875000000118 ) ) ;
#1547 = CARTESIAN_POINT ( 'NONE',  ( 1.561251128379126385E-14, 79.50000000000002842, 4.122794866321867394E-15 ) ) ;
#1548 = AXIS2_PLACEMENT_3D ( 'NONE', #9421, #5506, #6326 ) ;
#1549 = DIRECTION ( 'NONE',  ( 3.885780586188047891E-16, -1.065500303100115213E-16, -1.000000000000000000 ) ) ;
#1550 = DIRECTION ( 'NONE',  ( 0.000000000000000000, 8.773937619163356039E-17, 1.000000000000000000 ) ) ;
#1551 = DIRECTION ( 'NONE',  ( 0.4888958147463141057, 0.8723421819008512212, 1.855174205273593835E-16 ) ) ;
#1552 = CARTESIAN_POINT ( 'NONE',  ( -2.500000000000000000, 70.06250000000000000, 1.035533905932739307 ) ) ;
#1553 = ORIENTED_EDGE ( 'NONE', *, *, #8537, .F. ) ;
#1554 = ORIENTED_EDGE ( 'NONE', *, *, #2658, .F. ) ;
#1555 = DIRECTION ( 'NONE',  ( -5.665246594868421190E-32, 0.7071067811865489050, 0.7071067811865462405 ) ) ;
#1556 = CARTESIAN_POINT ( 'NONE',  ( -1.259733572207478058, 70.50000000136559208, -3.041265874999999674 ) ) ;
#1557 = CARTESIAN_POINT ( 'NONE',  ( 2.500000000000000444, 65.81250000273118417, -1.035533905932737975 ) ) ;
#1558 = EDGE_CURVE ( 'NONE', #4818, #1496, #3329, .T. ) ;
#1559 = CARTESIAN_POINT ( 'NONE',  ( 11.00000000000001421, 76.75000000000001421, -16.79289321881344677 ) ) ;
#1560 = LINE ( 'NONE', #694, #5225 ) ;
#1561 = EDGE_LOOP ( 'NONE', ( #8290, #3124, #9111, #9303 ) ) ;
#1562 = DIRECTION ( 'NONE',  ( -0.4888958147463141057, -0.8723421819008512212, 0.000000000000000000 ) ) ;
#1563 = DIRECTION ( 'NONE',  ( 0.4888958147463141057, 0.8723421819008512212, 2.891205793294677833E-16 ) ) ;
#1564 = CARTESIAN_POINT ( 'NONE',  ( -8.982984506048326878, 95.32843955602338326, 21.39999999999999503 ) ) ;
#1565 = ORIENTED_EDGE ( 'NONE', *, *, #8909, .F. ) ;
#1566 = ORIENTED_EDGE ( 'NONE', *, *, #8289, .F. ) ;
#1567 = VERTEX_POINT ( 'NONE', #9649 ) ;
#1568 = EDGE_CURVE ( 'NONE', #4183, #4783, #2618, .T. ) ;
#1569 = CARTESIAN_POINT ( 'NONE',  ( 1.260188745856617649E-14, 98.99999999999998579, -12.50000000000001243 ) ) ;
#1570 = EDGE_CURVE ( 'NONE', #8112, #8968, #8039, .T. ) ;
#1571 = DIRECTION ( 'NONE',  ( -1.665334536937734071E-16, 4.229157726022815470E-17, 1.000000000000000000 ) ) ;
#1572 = CARTESIAN_POINT ( 'NONE',  ( -2.500000000000000000, 70.31250000273121259, 1.035533905932739307 ) ) ;
#1573 = EDGE_CURVE ( 'NONE', #6692, #1521, #2670, .T. ) ;
#1574 = ORIENTED_EDGE ( 'NONE', *, *, #3275, .F. ) ;
#1575 = CARTESIAN_POINT ( 'NONE',  ( -0.5773502691921256202, 82.51000000000003354, -0.9999999999985553778 ) ) ;
#1576 = DIRECTION ( 'NONE',  ( -0.7071067811865474617, 6.204110788218154175E-17, 0.7071067811865474617 ) ) ;
#1577 = CARTESIAN_POINT ( 'NONE',  ( 1.259733572207478058, 69.25000000136559208, -3.041265874999999674 ) ) ;
#1578 = CYLINDRICAL_SURFACE ( 'NONE', #3833, 8.099999999999999645 ) ;
#1579 = ORIENTED_EDGE ( 'NONE', *, *, #6590, .T. ) ;
#1580 = ORIENTED_EDGE ( 'NONE', *, *, #72, .T. ) ;
#1581 = AXIS2_PLACEMENT_3D ( 'NONE', #670, #1633, #3916 ) ;
#1582 = AXIS2_PLACEMENT_3D ( 'NONE', #7752, #6234, #3721 ) ;
#1583 = CARTESIAN_POINT ( 'NONE',  ( 4.443196637400277815, 100.8160406497089099, 21.39999999999999858 ) ) ;
#1584 = DIRECTION ( 'NONE',  ( -1.000000000000000000, 0.000000000000000000, 0.000000000000000000 ) ) ;
#1585 = CYLINDRICAL_SURFACE ( 'NONE', #8979, 2.500000000000000000 ) ;
#1586 = FACE_BOUND ( 'NONE', #9997, .T. ) ;
#1587 = CARTESIAN_POINT ( 'NONE',  ( -2.500000000000000000, 72.25000000273118417, 0.000000000000000000 ) ) ;
#1588 = LINE ( 'NONE', #4694, #9836 ) ;
#1589 = CIRCLE ( 'NONE', #9874, 0.2000000000000346223 ) ;
#1590 = CARTESIAN_POINT ( 'NONE',  ( -3.041265874999999674, 71.62500000136559208, -1.259733572207478058 ) ) ;
#1591 = ORIENTED_EDGE ( 'NONE', *, *, #5003, .T. ) ;
#1592 = CARTESIAN_POINT ( 'NONE',  ( -1.259733572207478058, 70.37500000136560629, -3.041265874999999674 ) ) ;
#1593 = AXIS2_PLACEMENT_3D ( 'NONE', #9419, #1073, #4176 ) ;
#1594 = DIRECTION ( 'NONE',  ( 0.7071067811865442421, -0.5000000000000016653, 0.5000000000000029976 ) ) ;
#1595 = ADVANCED_FACE ( 'NONE', ( #7915 ), #1912, .T. ) ;
#1596 = AXIS2_PLACEMENT_3D ( 'NONE', #4769, #5683, #8790 ) ;
#1597 = CARTESIAN_POINT ( 'NONE',  ( 1.141573054441753008E-14, 99.00000000000001421, 16.20000000000004547 ) ) ;
#1598 = CARTESIAN_POINT ( 'NONE',  ( 1.259733572207478058, 79.25000000136559208, -3.041265875000000563 ) ) ;
#1599 = FACE_OUTER_BOUND ( 'NONE', #6670, .T. ) ;
#1600 = DIRECTION ( 'NONE',  ( 0.9999870432906645679, -0.005090505946795629254, 0.000000000000000000 ) ) ;
#1601 = CARTESIAN_POINT ( 'NONE',  ( -2.500000000000000000, 69.06250000000000000, 1.035533905932739307 ) ) ;
#1602 = VECTOR ( 'NONE', #637, 1000.000000000000000 ) ;
#1603 = VERTEX_POINT ( 'NONE', #4920 ) ;
#1604 = CARTESIAN_POINT ( 'NONE',  ( 2.789297643080071723E-15, 99.00000000000001421, 68.00000000000000000 ) ) ;
#1605 = CARTESIAN_POINT ( 'NONE',  ( -1.862238259587412120E-16, 67.43750000136560629, -3.041265875000000118 ) ) ;
#1606 = CARTESIAN_POINT ( 'NONE',  ( 0.000000000000000000, 70.00000000000000000, 0.000000000000000000 ) ) ;
#1607 = ADVANCED_FACE ( 'NONE', ( #8022 ), #6792, .F. ) ;
#1608 = DIRECTION ( 'NONE',  ( -0.000000000000000000, -1.000000000000000000, -0.000000000000000000 ) ) ;
#1609 = CARTESIAN_POINT ( 'NONE',  ( 0.000000000000000000, 70.00000000000000000, 0.000000000000000000 ) ) ;
#1610 = ORIENTED_EDGE ( 'NONE', *, *, #3563, .F. ) ;
#1611 = CYLINDRICAL_SURFACE ( 'NONE', #9268, 6.000000000000000888 ) ;
#1612 = CARTESIAN_POINT ( 'NONE',  ( 4.592425496802573972E-16, 74.25000000000000000, 2.500000000000000000 ) ) ;
#1613 = CARTESIAN_POINT ( 'NONE',  ( 3.196701218707491243, 106.2290950937223499, -20.30000000000000071 ) ) ;
#1614 = ORIENTED_EDGE ( 'NONE', *, *, #2099, .F. ) ;
#1615 = EDGE_LOOP ( 'NONE', ( #221, #2269, #1566, #9613 ) ) ;
#1616 = EDGE_CURVE ( 'NONE', #9199, #2972, #9700, .T. ) ;
#1617 = ORIENTED_EDGE ( 'NONE', *, *, #2492, .T. ) ;
#1618 = FACE_OUTER_BOUND ( 'NONE', #7521, .T. ) ;
#1619 = FACE_OUTER_BOUND ( 'NONE', #2119, .T. ) ;
#1620 = CARTESIAN_POINT ( 'NONE',  ( -1.035533905932738197, 69.43750000273118417, 2.500000000000000000 ) ) ;
#1621 = EDGE_LOOP ( 'NONE', ( #7975, #8992, #7750, #708 ) ) ;
#1622 = CARTESIAN_POINT ( 'NONE',  ( -1.530808498934191571E-16, 79.75000000000000000, -2.500000000000000000 ) ) ;
#1623 = CARTESIAN_POINT ( 'NONE',  ( 11.00000000000001421, 80.50000000000001421, -15.50000000000000533 ) ) ;
#1624 = CARTESIAN_POINT ( 'NONE',  ( -3.041265874999999674, 67.50000000136559208, -1.259733572207478058 ) ) ;
#1625 = PLANE ( 'NONE',  #6473 ) ;
#1626 = EDGE_LOOP ( 'NONE', ( #7348, #5331, #9351, #9922 ) ) ;
#1627 = EDGE_CURVE ( 'NONE', #3013, #6528, #4448, .T. ) ;
#1628 = EDGE_LOOP ( 'NONE', ( #9512, #1833, #5096, #6939 ) ) ;
#1629 = EDGE_CURVE ( 'NONE', #1468, #6140, #8008, .T. ) ;
#1630 = DIRECTION ( 'NONE',  ( 0.000000000000000000, 0.000000000000000000, -1.000000000000000000 ) ) ;
#1631 = CIRCLE ( 'NONE', #9764, 4.799999999999998046 ) ;
#1632 = CARTESIAN_POINT ( 'NONE',  ( 1.767766952966369320, 74.62500000273118417, 1.767766952966368654 ) ) ;
#1633 = DIRECTION ( 'NONE',  ( 5.551115123125783935E-17, -6.662983475941639612E-17, -1.000000000000000000 ) ) ;
#1634 = CARTESIAN_POINT ( 'NONE',  ( -1.767766952966369098, 74.12500000273118417, -1.767766952966369098 ) ) ;
#1635 = EDGE_CURVE ( 'NONE', #3144, #9762, #2723, .T. ) ;
#1636 = DIRECTION ( 'NONE',  ( 0.000000000000000000, 1.000000000000000000, 0.000000000000000000 ) ) ;
#1637 = CIRCLE ( 'NONE', #7656, 11.00000000000000000 ) ;
#1638 = CARTESIAN_POINT ( 'NONE',  ( 3.041265875000000118, 69.18750000136560629, -3.724476519174824240E-16 ) ) ;
#1639 = ORIENTED_EDGE ( 'NONE', *, *, #3864, .T. ) ;
#1640 = DIRECTION ( 'NONE',  ( 0.000000000000000000, -8.773937619163356039E-17, -1.000000000000000000 ) ) ;
#1641 = EDGE_CURVE ( 'NONE', #9252, #7197, #7408, .T. ) ;
#1642 = CARTESIAN_POINT ( 'NONE',  ( 3.041265875000000118, 71.06250000136560629, -3.724476519174824240E-16 ) ) ;
#1643 = DIRECTION ( 'NONE',  ( 0.9256659661250533633, 0.3783418020226835266, 3.575146948697719901E-16 ) ) ;
#1644 = FACE_OUTER_BOUND ( 'NONE', #1621, .T. ) ;
#1645 = CARTESIAN_POINT ( 'NONE',  ( -3.041265875000000563, 76.50000000136560629, -1.259733572207478058 ) ) ;
#1646 = AXIS2_PLACEMENT_3D ( 'NONE', #2018, #5131, #2164 ) ;
#1647 = CARTESIAN_POINT ( 'NONE',  ( -1.259733572207478058, 77.37500000136562051, -3.041265874999999674 ) ) ;
#1648 = CARTESIAN_POINT ( 'NONE',  ( -4.755941486852636402, 99.64886098174707740, 20.29999999999999361 ) ) ;
#1649 = CARTESIAN_POINT ( 'NONE',  ( 1.035533905932739085, 66.31250000000000000, 2.500000000000000000 ) ) ;
#1650 = ORIENTED_EDGE ( 'NONE', *, *, #1045, .F. ) ;
#1651 = AXIS2_PLACEMENT_3D ( 'NONE', #3198, #916, #9567 ) ;
#1652 = CYLINDRICAL_SURFACE ( 'NONE', #9684, 6.850000000000000533 ) ;
#1653 = CARTESIAN_POINT ( 'NONE',  ( -3.041265874999999230, 69.75000000136559208, 1.259733572207480057 ) ) ;
#1654 = CARTESIAN_POINT ( 'NONE',  ( 1.035533905932758625, 75.68750000000000000, -2.499999999999979128 ) ) ;
#1655 = VECTOR ( 'NONE', #9217, 1000.000000000000000 ) ;
#1656 = CYLINDRICAL_SURFACE ( 'NONE', #3210, 8.099999999999999645 ) ;
#1657 = CARTESIAN_POINT ( 'NONE',  ( 1.583073869623919082E-14, 98.99999999999998579, -22.50000000000001421 ) ) ;
#1658 = DIRECTION ( 'NONE',  ( -0.7071067811865475727, 6.204110788218154175E-17, 0.7071067811865475727 ) ) ;
#1659 = DIRECTION ( 'NONE',  ( -8.011868568650901149E-32, 1.000000000000000000, -8.773937619163357272E-17 ) ) ;
#1660 = CARTESIAN_POINT ( 'NONE',  ( -2.500000000000000444, 65.18750000273118417, -1.035533905932737753 ) ) ;
#1661 = EDGE_CURVE ( 'NONE', #7848, #3596, #6865, .T. ) ;
#1662 = ORIENTED_EDGE ( 'NONE', *, *, #8264, .T. ) ;
#1663 = ORIENTED_EDGE ( 'NONE', *, *, #3247, .T. ) ;
#1664 = CIRCLE ( 'NONE', #3771, 7.904347826086997486 ) ;
#1665 = ORIENTED_EDGE ( 'NONE', *, *, #6700, .F. ) ;
#1666 = LINE ( 'NONE', #3087, #9770 ) ;
#1667 = PLANE ( 'NONE',  #8331 ) ;
#1668 = CARTESIAN_POINT ( 'NONE',  ( 2.500000000000000444, 67.68750000273118417, 1.035533905932737309 ) ) ;
#1669 = EDGE_LOOP ( 'NONE', ( #8041, #6624, #804, #3230 ) ) ;
#1670 = EDGE_CURVE ( 'NONE', #4318, #8126, #6028, .T. ) ;
#1671 = MANIFOLD_SOLID_BREP ( 'CastJoint-2-solid1', #6648 ) ;
#1672 = LINE ( 'NONE', #1011, #8269 ) ;
#1673 = DIRECTION ( 'NONE',  ( 0.000000000000000000, -8.773937619163356039E-17, -1.000000000000000000 ) ) ;
#1674 = CARTESIAN_POINT ( 'NONE',  ( 3.041265875000001007, 69.00000000136559208, 1.259733572207477836 ) ) ;
#1675 =( BOUNDED_CURVE ( )  B_SPLINE_CURVE ( 2, ( #5185, #3739, #1973, #7472, #8285, #2736, #5894, #5846, #8950 ),
 .UNSPECIFIED., .F., .T. ) 
 B_SPLINE_CURVE_WITH_KNOTS ( ( 3, 2, 2, 2, 3 ),
 ( 0.2166666666666668406, 0.2250000000000001998, 0.2333333333333335313, 0.2416666666666668628, 0.2500000000000002220 ),
 .UNSPECIFIED. ) 
 CURVE ( )  GEOMETRIC_REPRESENTATION_ITEM ( )  RATIONAL_B_SPLINE_CURVE ( ( 0.9999999999999984457, 0.9238795325112882928, 1.000000000000000000, 0.9238795325112867385, 1.000000000000000000, 0.9238795325112867385, 1.000000000000000000, 0.9238795325112847401, 1.000000000000001998 ) ) 
 REPRESENTATION_ITEM ( '' )  );
#1676 = CARTESIAN_POINT ( 'NONE',  ( -2.500000000000000444, 68.18750000273119838, -1.035533905932737753 ) ) ;
#1677 = ORIENTED_EDGE ( 'NONE', *, *, #8284, .F. ) ;
#1678 = EDGE_LOOP ( 'NONE', ( #9063, #7475, #9873 ) ) ;
#1679 = ORIENTED_EDGE ( 'NONE', *, *, #3922, .T. ) ;
#1680 = CARTESIAN_POINT ( 'NONE',  ( -2.500000000000000444, 71.18750000273119838, -1.035533905932737753 ) ) ;
#1681 = LINE ( 'NONE', #6466, #2299 ) ;
#1682 = DIRECTION ( 'NONE',  ( 0.9634848649536335019, 0.2677627961559977399, 0.000000000000000000 ) ) ;
#1683 = DIRECTION ( 'NONE',  ( 2.771172519036345232E-16, -8.684692346097759303E-17, -1.000000000000000000 ) ) ;
#1684 = EDGE_CURVE ( 'NONE', #6001, #8112, #5956, .T. ) ;
#1685 = CARTESIAN_POINT ( 'NONE',  ( -2.500000000000000000, 71.31250000273121259, 1.035533905932739307 ) ) ;
#1686 = DIRECTION ( 'NONE',  ( -0.4888958147463141057, -0.8723421819008512212, -1.855174205273593835E-16 ) ) ;
#1687 = ADVANCED_FACE ( 'NONE', ( #4256 ), #1152, .T. ) ;
#1688 = CIRCLE ( 'NONE', #3631, 10.49999999999999467 ) ;
#1689 = CARTESIAN_POINT ( 'NONE',  ( -3.041265875000000118, 66.68750000136559208, 0.000000000000000000 ) ) ;
#1690 = ORIENTED_EDGE ( 'NONE', *, *, #697, .T. ) ;
#1691 = EDGE_CURVE ( 'NONE', #6843, #3622, #1179, .T. ) ;
#1692 = CARTESIAN_POINT ( 'NONE',  ( -3.041265875000000118, 64.56250000136559208, 0.000000000000000000 ) ) ;
#1693 = CARTESIAN_POINT ( 'NONE',  ( -1.259733572207478502, 65.75000000136559208, 3.041265874999999230 ) ) ;
#1694 = CIRCLE ( 'NONE', #3965, 0.1000000000000000472 ) ;
#1695 = DIRECTION ( 'NONE',  ( 3.885780586188047891E-16, -1.065500303100115213E-16, -1.000000000000000000 ) ) ;
#1696 = CARTESIAN_POINT ( 'NONE',  ( -8.999999999999984013, 99.00000000000001421, 20.00000000000000000 ) ) ;
#1697 = CARTESIAN_POINT ( 'NONE',  ( -1.259733572207478725, 74.75000000136559208, 3.041265874999999230 ) ) ;
#1698 = ADVANCED_FACE ( 'NONE', ( #8989 ), #1347, .T. ) ;
#1699 = CARTESIAN_POINT ( 'NONE',  ( -2.150499723603739088, 77.43750000136559208, -2.150499723603739088 ) ) ;
#1700 = DIRECTION ( 'NONE',  ( -1.000000000000000000, -7.480953571932386575E-32, 2.185546148047696255E-16 ) ) ;
#1701 = CARTESIAN_POINT ( 'NONE',  ( 1.767766952966368654, 67.62500000000000000, -1.767766952966369098 ) ) ;
#1702 = CARTESIAN_POINT ( 'NONE',  ( -1.259733572207478725, 71.87500000136559208, 3.041265874999999230 ) ) ;
#1703 = EDGE_LOOP ( 'NONE', ( #4260, #537, #7948, #1878 ) ) ;
#1704 = CC_DESIGN_PERSON_AND_ORGANIZATION_ASSIGNMENT ( #6502, #8181, ( #6062 ) ) ;
#1705 = LINE ( 'NONE', #2565, #4205 ) ;
#1706 = AXIS2_PLACEMENT_3D ( 'NONE', #1739, #5552, #3973 ) ;
#1707 = CARTESIAN_POINT ( 'NONE',  ( -3.041265874999999230, 78.62500000136560629, 1.259733572207480057 ) ) ;
#1708 = FACE_OUTER_BOUND ( 'NONE', #5967, .T. ) ;
#1709 = CARTESIAN_POINT ( 'NONE',  ( 1.896536728322030728E-16, 98.99999999999998579, 20.29999999999998295 ) ) ;
#1710 = CYLINDRICAL_SURFACE ( 'NONE', #2840, 9.704347826086955564 ) ;
#1711 = LINE ( 'NONE', #7208, #6825 ) ;
#1712 = CARTESIAN_POINT ( 'NONE',  ( -1.035533905932706666, 69.18750000000000000, 2.500000000000031086 ) ) ;
#1713 = CARTESIAN_POINT ( 'NONE',  ( -1.035533905932738197, 76.18750000000000000, 2.500000000000000000 ) ) ;
#1714 = VERTEX_POINT ( 'NONE', #9847 ) ;
#1715 = ORIENTED_EDGE ( 'NONE', *, *, #2903, .T. ) ;
#1716 = EDGE_LOOP ( 'NONE', ( #7701, #7504, #356, #3434 ) ) ;
#1717 = LINE ( 'NONE', #85, #8143 ) ;
#1718 = CIRCLE ( 'NONE', #5620, 1.024434782608709016 ) ;
#1719 = CARTESIAN_POINT ( 'NONE',  ( 4.592425496802573972E-16, 79.25000000000000000, 2.500000000000000000 ) ) ;
#1720 = DIRECTION ( 'NONE',  ( 3.498617117102115093E-16, -1.223743265390829249E-16, -1.000000000000000000 ) ) ;
#1721 = CARTESIAN_POINT ( 'NONE',  ( -2.500000000000000000, 78.25000000273118417, 0.000000000000000000 ) ) ;
#1722 = EDGE_CURVE ( 'NONE', #4002, #4685, #3260, .T. ) ;
#1723 = ORIENTED_EDGE ( 'NONE', *, *, #2933, .T. ) ;
#1724 = FACE_OUTER_BOUND ( 'NONE', #10076, .T. ) ;
#1725 = DIRECTION ( 'NONE',  ( 0.000000000000000000, 0.000000000000000000, -1.000000000000000000 ) ) ;
#1726 = VECTOR ( 'NONE', #7775, 1000.000000000000000 ) ;
#1727 = CARTESIAN_POINT ( 'NONE',  ( -2.150499723603738200, 70.68750000136559208, 2.150499723603739533 ) ) ;
#1728 = CARTESIAN_POINT ( 'NONE',  ( 5.973606147249530984, 100.6601293318698680, 20.00000000000001066 ) ) ;
#1729 = ORIENTED_EDGE ( 'NONE', *, *, #4651, .F. ) ;
#1730 = ORIENTED_EDGE ( 'NONE', *, *, #4597, .T. ) ;
#1731 = VERTEX_POINT ( 'NONE', #2156 ) ;
#1732 = AXIS2_PLACEMENT_3D ( 'NONE', #3908, #1016, #401 ) ;
#1733 = CARTESIAN_POINT ( 'NONE',  ( -1.767766952966368432, 71.37500000273119838, 1.767766952966369320 ) ) ;
#1734 = FACE_OUTER_BOUND ( 'NONE', #4439, .T. ) ;
#1735 = FACE_OUTER_BOUND ( 'NONE', #190, .T. ) ;
#1736 = CARTESIAN_POINT ( 'NONE',  ( 7.822119609827797859, 100.1371716516490125, -21.39999999999999858 ) ) ;
#1737 =( BOUNDED_CURVE ( )  B_SPLINE_CURVE ( 2, ( #3237, #6358, #9454, #8692, #1721, #4824, #6706, #9808, #445 ),
 .UNSPECIFIED., .F., .T. ) 
 B_SPLINE_CURVE_WITH_KNOTS ( ( 3, 2, 2, 2, 3 ),
 ( 0.05000000000000004441, 0.05833333333333338977, 0.06666666666666673513, 0.07500000000000006661, 0.08333333333333341197 ),
 .UNSPECIFIED. ) 
 CURVE ( )  GEOMETRIC_REPRESENTATION_ITEM ( )  RATIONAL_B_SPLINE_CURVE ( ( 0.9999999999999996669, 0.9238795325112870716, 1.000000000000000000, 0.9238795325112867385, 1.000000000000000000, 0.9238795325112867385, 1.000000000000000000, 0.9238795325112859613, 1.000000000000000666 ) ) 
 REPRESENTATION_ITEM ( '' )  );
#1738 = CARTESIAN_POINT ( 'NONE',  ( -2.500000000000000000, 71.25000000273118417, 0.000000000000000000 ) ) ;
#1739 = CARTESIAN_POINT ( 'NONE',  ( 1.091613018333621279E-14, 99.00000000000001421, 19.20000000000001350 ) ) ;
#1740 = AXIS2_PLACEMENT_3D ( 'NONE', #3491, #396, #1256 ) ;
#1741 = AXIS2_PLACEMENT_3D ( 'NONE', #4298, #5166, #8271 ) ;
#1742 = CARTESIAN_POINT ( 'NONE',  ( -3.041265874999999674, 70.62500000136559208, -1.259733572207478058 ) ) ;
#1743 = VERTEX_POINT ( 'NONE', #5074 ) ;
#1744 = DIRECTION ( 'NONE',  ( -3.654459117618455439E-16, 1.199456548643360156E-16, 1.000000000000000000 ) ) ;
#1745 = CARTESIAN_POINT ( 'NONE',  ( 3.041265875000000118, 69.06250000136560629, -3.724476519174824240E-16 ) ) ;
#1746 = CARTESIAN_POINT ( 'NONE',  ( -1.767766952966369098, 77.87500000000000000, -1.767766952966369098 ) ) ;
#1747 = CARTESIAN_POINT ( 'NONE',  ( 3.766750376456415417, 107.9434869224002682, 20.29999999999999716 ) ) ;
#1748 = AXIS2_PLACEMENT_3D ( 'NONE', #8924, #5815, #8308 ) ;
#1749 = CARTESIAN_POINT ( 'NONE',  ( -1.259733572207478725, 73.75000000136559208, 3.041265874999999230 ) ) ;
#1750 = CARTESIAN_POINT ( 'NONE',  ( 3.041265874999999674, 76.12500000136559208, -1.259733572207478280 ) ) ;
#1751 = EDGE_CURVE ( 'NONE', #8496, #2501, #3769, .T. ) ;
#1752 = CARTESIAN_POINT ( 'NONE',  ( -3.968626966596869643, 79.50000000000002842, 4.500000000000003553 ) ) ;
#1753 = CARTESIAN_POINT ( 'NONE',  ( -2.500000000000000444, 65.93750000000000000, -1.035533905932737753 ) ) ;
#1754 = CARTESIAN_POINT ( 'NONE',  ( 3.041265875000001007, 73.12500000136559208, 1.259733572207477836 ) ) ;
#1755 = VERTEX_POINT ( 'NONE', #2771 ) ;
#1756 = EDGE_CURVE ( 'NONE', #760, #5417, #6711, .T. ) ;
#1757 = AXIS2_PLACEMENT_3D ( 'NONE', #5448, #8550, #2177 ) ;
#1758 = DIRECTION ( 'NONE',  ( 8.011868568650901149E-32, -1.000000000000000000, -1.178574802204324542E-16 ) ) ;
#1759 = AXIS2_PLACEMENT_3D ( 'NONE', #1900, #9162, #3756 ) ;
#1760 = AXIS2_PLACEMENT_3D ( 'NONE', #6142, #2209, #586 ) ;
#1761 = EDGE_CURVE ( 'NONE', #5578, #912, #5086, .T. ) ;
#1762 = CARTESIAN_POINT ( 'NONE',  ( 2.150499723603739533, 65.06250000136559208, 2.150499723603738644 ) ) ;
#1763 = CARTESIAN_POINT ( 'NONE',  ( 3.718748950968529777E-14, 99.00000000000001421, -20.00000000000000000 ) ) ;
#1764 = CARTESIAN_POINT ( 'NONE',  ( 3.061616997868383141E-16, 70.00000000000000000, -2.500000000000000000 ) ) ;
#1765 = CARTESIAN_POINT ( 'NONE',  ( -10.99999999999998401, 99.00000000000001421, 15.49999999999999467 ) ) ;
#1766 = FACE_OUTER_BOUND ( 'NONE', #790, .T. ) ;
#1767 = ADVANCED_FACE ( 'NONE', ( #9332 ), #2408, .T. ) ;
#1768 = AXIS2_PLACEMENT_3D ( 'NONE', #7878, #2482, #4930 ) ;
#1769 = CARTESIAN_POINT ( 'NONE',  ( -2.500000000000000000, 79.06250000000000000, 1.035533905932739307 ) ) ;
#1770 = ORIENTED_EDGE ( 'NONE', *, *, #6391, .T. ) ;
#1771 = ORIENTED_EDGE ( 'NONE', *, *, #1514, .T. ) ;
#1772 = ORIENTED_EDGE ( 'NONE', *, *, #8145, .F. ) ;
#1773 = CARTESIAN_POINT ( 'NONE',  ( 5.586714778762236360E-16, 74.93750000136559208, 3.041265875000000118 ) ) ;
#1774 = CYLINDRICAL_SURFACE ( 'NONE', #3446, 1.206000000000001515 ) ;
#1775 = CARTESIAN_POINT ( 'NONE',  ( 1.767766952966369320, 64.62500000273119838, 1.767766952966368654 ) ) ;
#1776 = ORIENTED_EDGE ( 'NONE', *, *, #4115, .F. ) ;
#1777 = CARTESIAN_POINT ( 'NONE',  ( 3.985202476878567978E-14, 99.00000000000001421, -67.99999999999998579 ) ) ;
#1778 = DIRECTION ( 'NONE',  ( 5.551115123125783935E-17, -6.662983475941639612E-17, -1.000000000000000000 ) ) ;
#1779 = CARTESIAN_POINT ( 'NONE',  ( -2.150499723603739088, 66.43750000136559208, -2.150499723603739088 ) ) ;
#1780 = DIRECTION ( 'NONE',  ( 0.000000000000000000, 1.000000000000000000, 0.000000000000000000 ) ) ;
#1781 = ORIENTED_EDGE ( 'NONE', *, *, #3716, .F. ) ;
#1782 = ORIENTED_EDGE ( 'NONE', *, *, #9524, .T. ) ;
#1783 = ORIENTED_EDGE ( 'NONE', *, *, #500, .F. ) ;
#1784 = CARTESIAN_POINT ( 'NONE',  ( 4.592425496802573972E-16, 72.25000000000001421, 2.500000000000000000 ) ) ;
#1785 = DIRECTION ( 'NONE',  ( 0.000000000000000000, -8.773937619163356039E-17, -1.000000000000000000 ) ) ;
#1786 = CARTESIAN_POINT ( 'NONE',  ( 1.767766952966369320, 78.37500000000000000, 1.767766952966368654 ) ) ;
#1787 = DIRECTION ( 'NONE',  ( 1.000000000000000000, 0.000000000000000000, -0.000000000000000000 ) ) ;
#1788 = CARTESIAN_POINT ( 'NONE',  ( 1.767766952966368654, 65.62500000000000000, -1.767766952966369098 ) ) ;
#1789 = CARTESIAN_POINT ( 'NONE',  ( -1.530808498934191571E-16, 75.75000000000000000, -2.500000000000000000 ) ) ;
#1790 = CARTESIAN_POINT ( 'NONE',  ( -3.041265874999999230, 68.75000000136559208, 1.259733572207480057 ) ) ;
#1791 = CIRCLE ( 'NONE', #7482, 0.9999999999999997780 ) ;
#1792 = ORIENTED_EDGE ( 'NONE', *, *, #2425, .T. ) ;
#1793 = EDGE_CURVE ( 'NONE', #8197, #4067, #834, .T. ) ;
#1794 = CYLINDRICAL_SURFACE ( 'NONE', #1238, 11.00000000000000000 ) ;
#1795 = CARTESIAN_POINT ( 'NONE',  ( 2.150499723603738644, 67.18750000136560629, -2.150499723603739088 ) ) ;
#1796 = FACE_OUTER_BOUND ( 'NONE', #3345, .T. ) ;
#1797 = CARTESIAN_POINT ( 'NONE',  ( 0.000000000000000000, 76.25000000000000000, 0.000000000000000000 ) ) ;
#1798 = CARTESIAN_POINT ( 'NONE',  ( -3.041265874999999230, 75.62500000136560629, 1.259733572207480057 ) ) ;
#1799 = AXIS2_PLACEMENT_3D ( 'NONE', #6464, #4275, #1881 ) ;
#1800 = ORIENTED_EDGE ( 'NONE', *, *, #9407, .F. ) ;
#1801 = EDGE_CURVE ( 'NONE', #912, #5578, #8499, .T. ) ;
#1802 = CARTESIAN_POINT ( 'NONE',  ( 3.041265875000000118, 75.06250000136559208, -3.724476519174824240E-16 ) ) ;
#1803 = DIRECTION ( 'NONE',  ( -0.4999999999978319010, -1.942890293085824230E-16, 0.8660254037856903730 ) ) ;
#1804 = CARTESIAN_POINT ( 'NONE',  ( -2.150499723603739088, 79.56250000136559208, -2.150499723603739088 ) ) ;
#1805 = CARTESIAN_POINT ( 'NONE',  ( -3.041265874999999230, 69.75000000136559208, 1.259733572207480057 ) ) ;
#1806 = EDGE_LOOP ( 'NONE', ( #9415, #9702 ) ) ;
#1807 = CARTESIAN_POINT ( 'NONE',  ( 5.586714778762236360E-16, 76.93750000136559208, 3.041265875000000118 ) ) ;
#1808 = VECTOR ( 'NONE', #5634, 1000.000000000000114 ) ;
#1809 = CARTESIAN_POINT ( 'NONE',  ( -2.150499723603739088, 78.43750000136559208, -2.150499723603739088 ) ) ;
#1810 = FACE_OUTER_BOUND ( 'NONE', #5339, .T. ) ;
#1811 = DIRECTION ( 'NONE',  ( -4.199509984885302464E-16, 2.269162886183642352E-17, 1.000000000000000000 ) ) ;
#1812 = DIRECTION ( 'NONE',  ( -1.000000000000000000, -3.885780586188047891E-16, 2.499336080926311959E-12 ) ) ;
#1813 = EDGE_CURVE ( 'NONE', #6140, #3144, #7757, .T. ) ;
#1814 = CARTESIAN_POINT ( 'NONE',  ( -1.035533905932758847, 68.81250000000000000, -2.499999999999979128 ) ) ;
#1815 = ADVANCED_FACE ( 'NONE', ( #3724 ), #2309, .F. ) ;
#1816 = AXIS2_PLACEMENT_3D ( 'NONE', #2590, #9671, #2691 ) ;
#1817 = CARTESIAN_POINT ( 'NONE',  ( 1.035533905932739085, 77.31250000000000000, 2.500000000000000000 ) ) ;
#1818 = VERTEX_POINT ( 'NONE', #3017 ) ;
#1819 = ORIENTED_EDGE ( 'NONE', *, *, #4618, .T. ) ;
#1820 = LINE ( 'NONE', #4720, #5174 ) ;
#1821 = EDGE_CURVE ( 'NONE', #5494, #1475, #2357, .T. ) ;
#1822 = CARTESIAN_POINT ( 'NONE',  ( -3.041265874999999230, 74.75000000136559208, 1.259733572207480057 ) ) ;
#1823 =( NAMED_UNIT ( * ) PLANE_ANGLE_UNIT ( ) SI_UNIT ( $, .RADIAN. ) );
#1824 = DIRECTION ( 'NONE',  ( 2.501589552824417278E-12, 9.460304020253026872E-28, 1.000000000000000000 ) ) ;
#1825 = CARTESIAN_POINT ( 'NONE',  ( 1.767766952966369320, 66.62500000273119838, 1.767766952966368654 ) ) ;
#1826 = ORIENTED_EDGE ( 'NONE', *, *, #5103, .F. ) ;
#1827 = DIRECTION ( 'NONE',  ( -3.885780586188047891E-16, 1.000000000000000000, 2.603240987229339518E-29 ) ) ;
#1828 = LINE ( 'NONE', #7174, #3955 ) ;
#1829 = CARTESIAN_POINT ( 'NONE',  ( -1.862238259587412120E-16, 66.31250000136559208, -3.041265875000000118 ) ) ;
#1830 = AXIS2_PLACEMENT_3D ( 'NONE', #8910, #1934, #459 ) ;
#1831 = LINE ( 'NONE', #6609, #7092 ) ;
#1832 = ORIENTED_EDGE ( 'NONE', *, *, #4156, .T. ) ;
#1833 = ORIENTED_EDGE ( 'NONE', *, *, #5796, .T. ) ;
#1834 = EDGE_LOOP ( 'NONE', ( #6798, #3167, #3317, #6810 ) ) ;
#1835 = CARTESIAN_POINT ( 'NONE',  ( -2.500000000000000000, 80.00000000000000000, 0.000000000000000000 ) ) ;
#1836 = CARTESIAN_POINT ( 'NONE',  ( 2.500000000000000000, 78.50000000000000000, -3.061616997868383141E-16 ) ) ;
#1837 = VERTEX_POINT ( 'NONE', #1503 ) ;
#1838 = PLANE ( 'NONE',  #7120 ) ;
#1839 = DIRECTION ( 'NONE',  ( 0.9256659661250533633, 0.3783418020226835266, 3.575146948697719901E-16 ) ) ;
#1840 = CARTESIAN_POINT ( 'NONE',  ( 1.767766952966369320, 78.62500000273118417, 1.767766952966368654 ) ) ;
#1841 = CARTESIAN_POINT ( 'NONE',  ( 3.041265874999999674, 70.25000000136559208, -1.259733572207478280 ) ) ;
#1842 = VERTEX_POINT ( 'NONE', #20 ) ;
#1843 = DIRECTION ( 'NONE',  ( 5.551115123125783935E-17, -6.662983475941639612E-17, -1.000000000000000000 ) ) ;
#1844 = CARTESIAN_POINT ( 'NONE',  ( 1.259733572207478058, 67.25000000136559208, -3.041265874999999674 ) ) ;
#1845 = CYLINDRICAL_SURFACE ( 'NONE', #2716, 9.000000000000000000 ) ;
#1846 = ORIENTED_EDGE ( 'NONE', *, *, #8545, .T. ) ;
#1847 = AXIS2_PLACEMENT_3D ( 'NONE', #3856, #3141, #2383 ) ;
#1848 = CARTESIAN_POINT ( 'NONE',  ( -3.041265875000000563, 74.50000000136559208, -1.259733572207478058 ) ) ;
#1849 = ORIENTED_EDGE ( 'NONE', *, *, #8853, .F. ) ;
#1850 = EDGE_CURVE ( 'NONE', #2972, #575, #3808, .T. ) ;
#1851 = AXIS2_PLACEMENT_3D ( 'NONE', #3202, #9520, #920 ) ;
#1852 = PLANE ( 'NONE',  #10043 ) ;
#1853 = CARTESIAN_POINT ( 'NONE',  ( -2.150499723603738200, 78.81250000136559208, 2.150499723603739533 ) ) ;
#1854 = CARTESIAN_POINT ( 'NONE',  ( -1.259733572207478725, 70.87500000136559208, 3.041265874999999230 ) ) ;
#1855 = ORIENTED_EDGE ( 'NONE', *, *, #3122, .F. ) ;
#1856 = VECTOR ( 'NONE', #2432, 1000.000000000000114 ) ;
#1857 = CARTESIAN_POINT ( 'NONE',  ( -1.862238259587412120E-16, 76.43750000136559208, -3.041265875000000118 ) ) ;
#1858 = B_SPLINE_CURVE_WITH_KNOTS ( 'NONE', 3,
 ( #6430, #6380, #8619, #7244 ),
 .UNSPECIFIED., .F., .F.,
 ( 4, 4 ),
 ( 0.000000000000000000, 0.0007308272957724556550 ),
 .UNSPECIFIED. ) ;
#1859 = CARTESIAN_POINT ( 'NONE',  ( 2.150499723603738644, 65.31250000136559208, -2.150499723603739088 ) ) ;
#1860 = DIRECTION ( 'NONE',  ( 0.000000000000000000, 1.000000000000000000, 0.000000000000000000 ) ) ;
#1861 = CARTESIAN_POINT ( 'NONE',  ( 0.000000000000000000, 80.00000000000000000, 0.000000000000000000 ) ) ;
#1862 = PLANE ( 'NONE',  #5045 ) ;
#1863 = CARTESIAN_POINT ( 'NONE',  ( -2.499592261603116040E-12, 82.51000000000003354, -0.9999999999999997780 ) ) ;
#1864 = CARTESIAN_POINT ( 'NONE',  ( -1.530808498934191571E-16, 77.75000000000000000, -2.500000000000000000 ) ) ;
#1865 = VERTEX_POINT ( 'NONE', #1451 ) ;
#1866 = VERTEX_POINT ( 'NONE', #7659 ) ;
#1867 = AXIS2_PLACEMENT_3D ( 'NONE', #3128, #6849, #3175 ) ;
#1868 = CARTESIAN_POINT ( 'NONE',  ( 5.666165022321639100, 93.48880335175881839, 21.40000000000000213 ) ) ;
#1869 = CARTESIAN_POINT ( 'NONE',  ( 5.586714778762236360E-16, 77.93750000136559208, 3.041265875000000118 ) ) ;
#1870 = CARTESIAN_POINT ( 'NONE',  ( 1.425000000000001821, 83.55000000000002558, -5.347147669162189953E-12 ) ) ;
#1871 = CARTESIAN_POINT ( 'NONE',  ( -2.500000000000000444, 66.18750000273118417, -1.035533905932737753 ) ) ;
#1872 = ORIENTED_EDGE ( 'NONE', *, *, #3424, .F. ) ;
#1873 = LINE ( 'NONE', #5084, #7458 ) ;
#1874 = CARTESIAN_POINT ( 'NONE',  ( -1.732050807571371642, 82.51000000000003354, -0.9999999999956669106 ) ) ;
#1875 = CARTESIAN_POINT ( 'NONE',  ( -2.150499723603738200, 65.68750000136559208, 2.150499723603739533 ) ) ;
#1876 = LINE ( 'NONE', #3497, #430 ) ;
#1877 = ADVANCED_FACE ( 'NONE', ( #682 ), #4652, .F. ) ;
#1878 = ORIENTED_EDGE ( 'NONE', *, *, #9009, .T. ) ;
#1879 = ORIENTED_EDGE ( 'NONE', *, *, #820, .F. ) ;
#1880 = ADVANCED_FACE ( 'NONE', ( #3778 ), #7824, .T. ) ;
#1881 = DIRECTION ( 'NONE',  ( -1.000000000000000000, 0.000000000000000000, 0.000000000000000000 ) ) ;
#1882 = CARTESIAN_POINT ( 'NONE',  ( -1.035533905932706666, 70.18750000000000000, 2.500000000000031086 ) ) ;
#1883 = EDGE_CURVE ( 'NONE', #9354, #4014, #3105, .T. ) ;
#1884 = CARTESIAN_POINT ( 'NONE',  ( 1.618223656202286032, 100.8647014917239630, -22.50000000000001421 ) ) ;
#1885 = ORIENTED_EDGE ( 'NONE', *, *, #8138, .T. ) ;
#1886 = LINE ( 'NONE', #1984, #3373 ) ;
#1887 = CARTESIAN_POINT ( 'NONE',  ( -3.041265874999999230, 64.75000000136559208, 1.259733572207480057 ) ) ;
#1888 = DIRECTION ( 'NONE',  ( -1.665334536937734071E-16, 4.229157726022815470E-17, 1.000000000000000000 ) ) ;
#1889 = CIRCLE ( 'NONE', #10006, 6.000000000000000888 ) ;
#1890 = CARTESIAN_POINT ( 'NONE',  ( 5.586714778762236360E-16, 64.93750000136559208, 3.041265875000000118 ) ) ;
#1891 = ORIENTED_EDGE ( 'NONE', *, *, #4036, .T. ) ;
#1892 = CARTESIAN_POINT ( 'NONE',  ( 2.500000000000000444, 71.43750000000001421, 1.035533905932737309 ) ) ;
#1893 = CARTESIAN_POINT ( 'NONE',  ( 1.259733572207478058, 68.25000000136557787, -3.041265874999999674 ) ) ;
#1894 = DIRECTION ( 'NONE',  ( 3.885780586188047891E-16, -1.065500303100115213E-16, -1.000000000000000000 ) ) ;
#1895 = ORIENTED_EDGE ( 'NONE', *, *, #4218, .F. ) ;
#1896 = FACE_OUTER_BOUND ( 'NONE', #7191, .T. ) ;
#1897 = CARTESIAN_POINT ( 'NONE',  ( -3.041265875000000118, 69.56250000136560629, 0.000000000000000000 ) ) ;
#1898 = EDGE_LOOP ( 'NONE', ( #7828, #9988, #8415, #6498 ) ) ;
#1899 = AXIS2_PLACEMENT_3D ( 'NONE', #6751, #3788, #8486 ) ;
#1900 = CARTESIAN_POINT ( 'NONE',  ( 0.000000000000000000, 8.497848452431096433, 0.000000000000000000 ) ) ;
#1901 = VERTEX_POINT ( 'NONE', #3879 ) ;
#1902 = CARTESIAN_POINT ( 'NONE',  ( 1.259733572207478058, 78.37500000136562051, -3.041265874999999674 ) ) ;
#1903 = CARTESIAN_POINT ( 'NONE',  ( -1.862238259587412120E-16, 71.43750000136559208, -3.041265875000000118 ) ) ;
#1904 = ORIENTED_EDGE ( 'NONE', *, *, #1751, .T. ) ;
#1905 = CARTESIAN_POINT ( 'NONE',  ( 3.041265875000000563, 76.25000000136559208, -1.259733572207478502 ) ) ;
#1906 = AXIS2_PLACEMENT_3D ( 'NONE', #3618, #7448, #3515 ) ;
#1907 = VECTOR ( 'NONE', #8522, 1000.000000000000000 ) ;
#1908 = CARTESIAN_POINT ( 'NONE',  ( 5.586714778762236360E-16, 65.93750000136559208, 3.041265875000000118 ) ) ;
#1909 = DIRECTION ( 'NONE',  ( 0.000000000000000000, 1.000000000000000000, 0.000000000000000000 ) ) ;
#1910 = CARTESIAN_POINT ( 'NONE',  ( 0.000000000000000000, 2.571758278209445408E-16, 0.000000000000000000 ) ) ;
#1911 = CARTESIAN_POINT ( 'NONE',  ( 0.4361710909504409317, 98.75555209262682865, -21.50000000000001066 ) ) ;
#1912 = CYLINDRICAL_SURFACE ( 'NONE', #2316, 6.850000000000000533 ) ;
#1913 = VECTOR ( 'NONE', #4009, 1000.000000000000114 ) ;
#1914 = CARTESIAN_POINT ( 'NONE',  ( 4.592425496802573972E-16, 78.25000000000000000, 2.500000000000000000 ) ) ;
#1915 = CIRCLE ( 'NONE', #1422, 9.000000000000000000 ) ;
#1916 = ORIENTED_EDGE ( 'NONE', *, *, #6230, .F. ) ;
#1917 = ORIENTED_EDGE ( 'NONE', *, *, #3998, .F. ) ;
#1918 = DIRECTION ( 'NONE',  ( -0.9606447433647359313, -0.2777799075629852621, 0.000000000000000000 ) ) ;
#1919 = EDGE_CURVE ( 'NONE', #685, #5780, #7708, .T. ) ;
#1920 = CARTESIAN_POINT ( 'NONE',  ( 3.041265874999999674, 77.25000000136559208, -1.259733572207478280 ) ) ;
#1921 = VECTOR ( 'NONE', #2417, 1000.000000000000000 ) ;
#1922 = DATE_AND_TIME ( #442, #2117 ) ;
#1923 = DIRECTION ( 'NONE',  ( -3.885780586188047891E-16, 1.000000000000000000, 2.603240987229339518E-29 ) ) ;
#1924 = VECTOR ( 'NONE', #3390, 1000.000000000000000 ) ;
#1925 = CARTESIAN_POINT ( 'NONE',  ( 1.767766952966369320, 65.62500000273119838, 1.767766952966368654 ) ) ;
#1926 = ORIENTED_EDGE ( 'NONE', *, *, #8479, .F. ) ;
#1927 = DIRECTION ( 'NONE',  ( 0.000000000000000000, 0.000000000000000000, 1.000000000000000000 ) ) ;
#1928 = DIRECTION ( 'NONE',  ( 0.000000000000000000, -1.000000000000000000, 0.000000000000000000 ) ) ;
#1929 = ADVANCED_FACE ( 'NONE', ( #1599 ), #1083, .T. ) ;
#1930 = LINE ( 'NONE', #4065, #8720 ) ;
#1931 = ORIENTED_EDGE ( 'NONE', *, *, #548, .T. ) ;
#1932 = EDGE_LOOP ( 'NONE', ( #3270, #9668, #8421, #1792 ) ) ;
#1933 = CARTESIAN_POINT ( 'NONE',  ( 4.592425496802573972E-16, 69.50000000273119838, 2.500000000000000000 ) ) ;
#1934 = DIRECTION ( 'NONE',  ( -8.011868568650901149E-32, 1.000000000000000000, -8.773937619163357272E-17 ) ) ;
#1935 = ORIENTED_EDGE ( 'NONE', *, *, #4048, .F. ) ;
#1936 = FACE_OUTER_BOUND ( 'NONE', #3000, .T. ) ;
#1937 = CARTESIAN_POINT ( 'NONE',  ( 3.041265875000001007, 65.12500000136559208, 1.259733572207477836 ) ) ;
#1938 = DIRECTION ( 'NONE',  ( -1.665334536937734071E-16, 4.229157726022815470E-17, 1.000000000000000000 ) ) ;
#1939 = EDGE_CURVE ( 'NONE', #3194, #3774, #7982, .T. ) ;
#1940 = EDGE_CURVE ( 'NONE', #3453, #7848, #8315, .T. ) ;
#1941 = CARTESIAN_POINT ( 'NONE',  ( -6.580416492048424715, 97.09720763319364778, -16.29999999999999716 ) ) ;
#1942 = ORIENTED_EDGE ( 'NONE', *, *, #10, .T. ) ;
#1943 = CARTESIAN_POINT ( 'NONE',  ( 3.041265874999999674, 65.12500000136559208, -1.259733572207478280 ) ) ;
#1944 = EDGE_CURVE ( 'NONE', #149, #389, #4735, .T. ) ;
#1945 = PLANE ( 'NONE',  #1906 ) ;
#1946 = CARTESIAN_POINT ( 'NONE',  ( 2.150499723603739533, 71.93750000136559208, 2.150499723603738644 ) ) ;
#1947 = ORIENTED_EDGE ( 'NONE', *, *, #9717, .F. ) ;
#1948 = AXIS2_PLACEMENT_3D ( 'NONE', #5252, #665, #718 ) ;
#1949 = LINE ( 'NONE', #1141, #5335 ) ;
#1950 = EDGE_LOOP ( 'NONE', ( #4016, #1522, #5682, #4622 ) ) ;
#1951 = CARTESIAN_POINT ( 'NONE',  ( -2.150499723603738200, 76.81250000136559208, 2.150499723603739533 ) ) ;
#1952 = CARTESIAN_POINT ( 'NONE',  ( 1.259733572207479835, 66.00000000136559208, 3.041265874999999230 ) ) ;
#1953 = ORIENTED_EDGE ( 'NONE', *, *, #7099, .T. ) ;
#1954 = CARTESIAN_POINT ( 'NONE',  ( -2.150499723603738200, 77.81250000136559208, 2.150499723603739533 ) ) ;
#1955 = CARTESIAN_POINT ( 'NONE',  ( 1.259733572207479835, 76.87500000136559208, 3.041265874999999230 ) ) ;
#1956 = PLANE ( 'NONE',  #3031 ) ;
#1957 = CIRCLE ( 'NONE', #1312, 4.799999999999998046 ) ;
#1958 = DIRECTION ( 'NONE',  ( 2.771172519036345232E-16, -8.684692346097759303E-17, -1.000000000000000000 ) ) ;
#1959 = CARTESIAN_POINT ( 'NONE',  ( -1.530808498934191571E-16, 68.75000000000000000, -2.500000000000000000 ) ) ;
#1960 = DIRECTION ( 'NONE',  ( 0.000000000000000000, -8.773937619163356039E-17, -1.000000000000000000 ) ) ;
#1961 = AXIS2_PLACEMENT_3D ( 'NONE', #4004, #4624, #9450 ) ;
#1962 = CARTESIAN_POINT ( 'NONE',  ( -2.500000000000000000, 73.00000000000000000, 0.000000000000000000 ) ) ;
#1963 = ORIENTED_EDGE ( 'NONE', *, *, #3803, .T. ) ;
#1964 = EDGE_LOOP ( 'NONE', ( #5390, #4221, #8859, #4621 ) ) ;
#1965 = DIRECTION ( 'NONE',  ( -0.000000000000000000, -1.000000000000000000, -0.000000000000000000 ) ) ;
#1966 = VECTOR ( 'NONE', #5931, 1000.000000000000000 ) ;
#1967 = CARTESIAN_POINT ( 'NONE',  ( -1.259733572207478058, 75.50000000136560629, -3.041265874999999674 ) ) ;
#1968 = PERSON_AND_ORGANIZATION_ROLE ( 'classification_officer' ) ;
#1969 = CARTESIAN_POINT ( 'NONE',  ( -0.5773502691871220671, 83.55000000000002558, 1.000000000001442402 ) ) ;
#1970 = LINE ( 'NONE', #6752, #7988 ) ;
#1971 = ORIENTED_EDGE ( 'NONE', *, *, #1463, .T. ) ;
#1972 = DIRECTION ( 'NONE',  ( 0.000000000000000000, 1.000000000000000000, 0.000000000000000000 ) ) ;
#1973 = CARTESIAN_POINT ( 'NONE',  ( 1.767766952966368654, 75.87500000273118417, -1.767766952966369098 ) ) ;
#1974 = EDGE_CURVE ( 'NONE', #6926, #745, #1737, .T. ) ;
#1975 = CARTESIAN_POINT ( 'NONE',  ( 11.00000000000001421, 76.75000000000001421, -16.99999999999998934 ) ) ;
#1976 = ORIENTED_EDGE ( 'NONE', *, *, #9404, .F. ) ;
#1977 = ORIENTED_EDGE ( 'NONE', *, *, #5150, .F. ) ;
#1978 = VECTOR ( 'NONE', #5406, 1000.000000000000000 ) ;
#1979 = DIRECTION ( 'NONE',  ( 1.000000000000000000, 0.000000000000000000, 0.000000000000000000 ) ) ;
#1980 = DIRECTION ( 'NONE',  ( -2.771172519036345232E-16, 8.684692346097759303E-17, 1.000000000000000000 ) ) ;
#1981 = DIRECTION ( 'NONE',  ( -1.389837649247941736E-47, 8.573297140604716138E-17, -1.000000000000000000 ) ) ;
#1982 = PLANE ( 'NONE',  #6465 ) ;
#1983 = VERTEX_POINT ( 'NONE', #1257 ) ;
#1984 = CARTESIAN_POINT ( 'NONE',  ( 0.5773502691921315044, 82.51000000000003354, 0.9999999999985562660 ) ) ;
#1985 = AXIS2_PLACEMENT_3D ( 'NONE', #3303, #52, #251 ) ;
#1986 = DIRECTION ( 'NONE',  ( 0.000000000000000000, 1.000000000000000000, 0.000000000000000000 ) ) ;
#1987 = CARTESIAN_POINT ( 'NONE',  ( 1.259733572207478058, 77.25000000136559208, -3.041265874999999674 ) ) ;
#1988 = CIRCLE ( 'NONE', #667, 11.00000000000000000 ) ;
#1989 = CARTESIAN_POINT ( 'NONE',  ( -2.150499723603739088, 65.56250000136559208, -2.150499723603739088 ) ) ;
#1990 = EDGE_LOOP ( 'NONE', ( #3625, #7991, #4208, #3135 ) ) ;
#1991 = DIRECTION ( 'NONE',  ( 0.9634848649536336129, 0.2677627961559976844, 0.000000000000000000 ) ) ;
#1992 = EDGE_CURVE ( 'NONE', #9023, #2046, #6689, .T. ) ;
#1993 = CARTESIAN_POINT ( 'NONE',  ( 1.035533905932749743, 66.31250000000000000, 2.499999999999989342 ) ) ;
#1994 = DIRECTION ( 'NONE',  ( 5.551115123125783935E-17, -6.662983475941639612E-17, -1.000000000000000000 ) ) ;
#1995 = DIRECTION ( 'NONE',  ( -3.885780586188047891E-16, 1.065500303100115213E-16, 1.000000000000000000 ) ) ;
#1996 = CARTESIAN_POINT ( 'NONE',  ( 1.259733572207479835, 71.87500000136559208, 3.041265874999999230 ) ) ;
#1997 = ORIENTED_EDGE ( 'NONE', *, *, #7023, .T. ) ;
#1998 = ORIENTED_EDGE ( 'NONE', *, *, #1691, .F. ) ;
#1999 = CARTESIAN_POINT ( 'NONE',  ( -1.259733572207478502, 74.87500000136559208, 3.041265874999999230 ) ) ;
#2000 = CARTESIAN_POINT ( 'NONE',  ( 1.259733572207478058, 68.37500000136559208, -3.041265875000000563 ) ) ;
#2001 = EDGE_CURVE ( 'NONE', #3953, #1901, #9122, .T. ) ;
#2002 = ORIENTED_EDGE ( 'NONE', *, *, #5707, .F. ) ;
#2003 = EDGE_CURVE ( 'NONE', #9532, #1521, #8800, .T. ) ;
#2004 = CARTESIAN_POINT ( 'NONE',  ( -1.259733572207478058, 77.37500000136562051, -3.041265874999999674 ) ) ;
#2005 = DIRECTION ( 'NONE',  ( -1.665334536937734071E-16, 4.229157726022815470E-17, 1.000000000000000000 ) ) ;
#2006 = ADVANCED_FACE ( 'NONE', ( #3543 ), #2112, .T. ) ;
#2007 = LINE ( 'NONE', #3477, #8211 ) ;
#2008 = DIRECTION ( 'NONE',  ( 2.771172519036345232E-16, -8.684692346097759303E-17, -1.000000000000000000 ) ) ;
#2009 = DIRECTION ( 'NONE',  ( -3.885780586188047891E-16, 1.000000000000000000, 2.603240987229339518E-29 ) ) ;
#2010 = PRODUCT_RELATED_PRODUCT_CATEGORY ( 'detail', '', ( #6062 ) ) ;
#2011 = VECTOR ( 'NONE', #8645, 1000.000000000000000 ) ;
#2012 = CARTESIAN_POINT ( 'NONE',  ( 1.767766952966368654, 75.62500000000000000, -1.767766952966369098 ) ) ;
#2013 = ORIENTED_EDGE ( 'NONE', *, *, #6305, .T. ) ;
#2014 = ORIENTED_EDGE ( 'NONE', *, *, #8969, .F. ) ;
#2015 = DIRECTION ( 'NONE',  ( 0.000000000000000000, 0.000000000000000000, 1.000000000000000000 ) ) ;
#2016 = CARTESIAN_POINT ( 'NONE',  ( 3.041265875000000118, 74.18750000136559208, -3.724476519174824240E-16 ) ) ;
#2017 = DIRECTION ( 'NONE',  ( -1.000000000000000000, -3.885780586188047891E-16, 2.499336080926311959E-12 ) ) ;
#2018 = CARTESIAN_POINT ( 'NONE',  ( -0.1599655505260100252, 92.12194689548945803, 21.39999999999999858 ) ) ;
#2019 = ORIENTED_EDGE ( 'NONE', *, *, #9337, .F. ) ;
#2020 = CARTESIAN_POINT ( 'NONE',  ( -10.99999999999998401, 79.50000000000001421, 4.151706924254815494E-15 ) ) ;
#2021 = DIRECTION ( 'NONE',  ( 3.654459117618455439E-16, -1.199456548643360156E-16, -1.000000000000000000 ) ) ;
#2022 = PLANE ( 'NONE',  #4330 ) ;
#2023 = ORIENTED_EDGE ( 'NONE', *, *, #138, .T. ) ;
#2024 = EDGE_LOOP ( 'NONE', ( #461, #1462, #3283, #5695, #9200, #1124, #83, #636, #1481, #9210, #7761, #10009, #9669, #3699, #6949, #2338, #9745, #1580, #1086, #5341, #2373 ) ) ;
#2025 = CARTESIAN_POINT ( 'NONE',  ( -1.035533905932706222, 73.06250000273118417, -2.500000000000031974 ) ) ;
#2026 = CARTESIAN_POINT ( 'NONE',  ( 3.291061867471974075E-15, 79.18050000000000921, -2.204814954133893879E-28 ) ) ;
#2027 = AXIS2_PLACEMENT_3D ( 'NONE', #1609, #3946, #3839 ) ;
#2028 = CARTESIAN_POINT ( 'NONE',  ( 4.799937807795221723, 98.97556557145537681, -21.40000000000000213 ) ) ;
#2029 = CARTESIAN_POINT ( 'NONE',  ( -3.749418510461538529E-12, 79.18050000000000921, -1.499999999999992006 ) ) ;
#2030 = ORIENTED_EDGE ( 'NONE', *, *, #1940, .F. ) ;
#2031 = DIRECTION ( 'NONE',  ( 2.501589552824417682E-12, 0.000000000000000000, 1.000000000000000000 ) ) ;
#2032 = CARTESIAN_POINT ( 'NONE',  ( -1.530808498934191571E-16, 78.00000000273118417, -2.500000000000000000 ) ) ;
#2033 = CARTESIAN_POINT ( 'NONE',  ( 6.685091259270936170, 100.6256562801042520, 21.40000000000000213 ) ) ;
#2034 = CARTESIAN_POINT ( 'NONE',  ( 3.041265874999999674, 72.12500000136559208, -1.259733572207478280 ) ) ;
#2035 = ORIENTED_EDGE ( 'NONE', *, *, #5715, .F. ) ;
#2036 = EDGE_CURVE ( 'NONE', #6886, #310, #8183, .T. ) ;
#2037 = LINE ( 'NONE', #4234, #9521 ) ;
#2038 = DIRECTION ( 'NONE',  ( -3.885780586188047891E-16, 1.065500303100115213E-16, 1.000000000000000000 ) ) ;
#2039 = DIRECTION ( 'NONE',  ( 3.654459117618455439E-16, -1.199456548643360156E-16, -1.000000000000000000 ) ) ;
#2040 = CARTESIAN_POINT ( 'NONE',  ( -10.99999999999998401, 80.50000000000002842, 15.49999999999999467 ) ) ;
#2041 = CARTESIAN_POINT ( 'NONE',  ( 2.500000000000000444, 75.68750000273118417, 1.035533905932737309 ) ) ;
#2042 = CARTESIAN_POINT ( 'NONE',  ( -1.259733572207478058, 70.37500000136559208, -3.041265875000000563 ) ) ;
#2043 = ORIENTED_EDGE ( 'NONE', *, *, #8905, .T. ) ;
#2044 = AXIS2_PLACEMENT_3D ( 'NONE', #8388, #5943, #5088 ) ;
#2045 = EDGE_CURVE ( 'NONE', #1051, #4656, #6035, .T. ) ;
#2046 = VERTEX_POINT ( 'NONE', #1212 ) ;
#2047 = CARTESIAN_POINT ( 'NONE',  ( -3.041265874999999230, 75.75000000136560629, 1.259733572207480057 ) ) ;
#2048 = CARTESIAN_POINT ( 'NONE',  ( 2.150499723603738644, 68.31250000136560629, -2.150499723603739088 ) ) ;
#2049 = VERTEX_POINT ( 'NONE', #6656 ) ;
#2050 = CARTESIAN_POINT ( 'NONE',  ( 3.041265875000001007, 74.00000000136559208, 1.259733572207477836 ) ) ;
#2051 = FACE_OUTER_BOUND ( 'NONE', #1423, .T. ) ;
#2052 = DIRECTION ( 'NONE',  ( -5.665246594868401485E-32, 0.7071067811865462405, -0.7071067811865489050 ) ) ;
#2053 = DIRECTION ( 'NONE',  ( 0.9999870432906645679, -0.005090505946795629254, 0.000000000000000000 ) ) ;
#2054 =( BOUNDED_CURVE ( )  B_SPLINE_CURVE ( 2, ( #6769, #3417, #2947, #7584, #1327 ),
 .UNSPECIFIED., .F., .F. ) 
 B_SPLINE_CURVE_WITH_KNOTS ( ( 3, 2, 3 ),
 ( 0.9833333333333331705, 0.9916666666666666963, 1.000000000000000000 ),
 .UNSPECIFIED. ) 
 CURVE ( )  GEOMETRIC_REPRESENTATION_ITEM ( )  RATIONAL_B_SPLINE_CURVE ( ( 1.000000000000001110, 0.9238795325112857393, 1.000000000000000000, 0.9238795325112867385, 1.000000000000000000 ) ) 
 REPRESENTATION_ITEM ( '' )  );
#2055 = EDGE_CURVE ( 'NONE', #4279, #2980, #5389, .T. ) ;
#2056 = CARTESIAN_POINT ( 'NONE',  ( 2.500000000000000444, 73.56250000000001421, -1.035533905932737975 ) ) ;
#2057 = EDGE_LOOP ( 'NONE', ( #7731, #7936, #2035, #624 ) ) ;
#2058 = ORIENTED_EDGE ( 'NONE', *, *, #1641, .F. ) ;
#2059 = ADVANCED_FACE ( 'NONE', ( #5181 ), #1161, .T. ) ;
#2060 = CARTESIAN_POINT ( 'NONE',  ( -2.500000000000000000, 67.25000000273119838, 0.000000000000000000 ) ) ;
#2061 = CARTESIAN_POINT ( 'NONE',  ( 2.150499723603738644, 72.31250000136559208, -2.150499723603739088 ) ) ;
#2062 = ADVANCED_FACE ( 'NONE', ( #4363, #4408 ), #8133, .F. ) ;
#2063 = DIRECTION ( 'NONE',  ( -3.885780586188047891E-16, 1.000000000000000000, 2.603240987229339518E-29 ) ) ;
#2064 = DIRECTION ( 'NONE',  ( 1.000000000000000000, 9.398538128609710963E-32, -8.246218725174991248E-48 ) ) ;
#2065 = EDGE_LOOP ( 'NONE', ( #6127, #9961, #9085, #2746 ) ) ;
#2066 = LINE ( 'NONE', #8998, #5019 ) ;
#2067 = CARTESIAN_POINT ( 'NONE',  ( 11.00000000000001421, 99.00000000000001421, 15.49999999999999289 ) ) ;
#2068 = AXIS2_PLACEMENT_3D ( 'NONE', #2506, #4797, #9527 ) ;
#2069 = CIRCLE ( 'NONE', #7764, 9.000000000000000000 ) ;
#2070 = DIRECTION ( 'NONE',  ( 3.885780586188047891E-16, -1.065500303100115213E-16, -1.000000000000000000 ) ) ;
#2071 = VERTEX_POINT ( 'NONE', #9761 ) ;
#2072 = ORIENTED_EDGE ( 'NONE', *, *, #10034, .F. ) ;
#2073 = ADVANCED_FACE ( 'NONE', ( #5891 ), #4457, .T. ) ;
#2074 = LINE ( 'NONE', #5900, #6832 ) ;
#2075 = CIRCLE ( 'NONE', #5334, 7.904347826086998374 ) ;
#2076 = AXIS2_PLACEMENT_3D ( 'NONE', #9920, #9973, #5821 ) ;
#2077 = CARTESIAN_POINT ( 'NONE',  ( 10.50000000000001421, 80.50000000000002842, 14.99999999999999467 ) ) ;
#2078 = CARTESIAN_POINT ( 'NONE',  ( 3.696544490476026646E-14, 99.00000000000001421, -16.00000000000000355 ) ) ;
#2079 = ORIENTED_EDGE ( 'NONE', *, *, #6050, .F. ) ;
#2080 = CARTESIAN_POINT ( 'NONE',  ( 6.835470466734252071, 92.11155240797442900, -20.29999999999999716 ) ) ;
#2081 = CARTESIAN_POINT ( 'NONE',  ( 6.599871324932393257, 100.8341751536686104, 68.00000000000000000 ) ) ;
#2082 = CARTESIAN_POINT ( 'NONE',  ( -1.259733572207478058, 73.37500000136562051, -3.041265874999999674 ) ) ;
#2083 = ORIENTED_EDGE ( 'NONE', *, *, #9334, .F. ) ;
#2084 = DIRECTION ( 'NONE',  ( 3.126313675089213528E-17, 9.172147645215891396E-17, 1.000000000000000000 ) ) ;
#2085 = CARTESIAN_POINT ( 'NONE',  ( 1.794230600916719709, 105.5623527345562849, -20.30000000000000071 ) ) ;
#2086 = PLANE ( 'NONE',  #7983 ) ;
#2087 = CARTESIAN_POINT ( 'NONE',  ( 9.750000000000015987, 99.00000000000001421, -19.19999999999999929 ) ) ;
#2088 = PLANE ( 'NONE',  #4500 ) ;
#2089 = CARTESIAN_POINT ( 'NONE',  ( 4.592425496802573972E-16, 77.50000000273118417, 2.500000000000000000 ) ) ;
#2090 = CARTESIAN_POINT ( 'NONE',  ( 5.586714778762236360E-16, 70.81250000136560629, 3.041265875000000118 ) ) ;
#2091 = ORIENTED_EDGE ( 'NONE', *, *, #4737, .F. ) ;
#2092 = EDGE_CURVE ( 'NONE', #2430, #8442, #3744, .T. ) ;
#2093 = ORIENTED_EDGE ( 'NONE', *, *, #7213, .T. ) ;
#2094 = CARTESIAN_POINT ( 'NONE',  ( -2.150499723603739088, 77.56250000136559208, -2.150499723603739088 ) ) ;
#2095 = CARTESIAN_POINT ( 'NONE',  ( 3.041265875000001007, 69.12500000136559208, 1.259733572207477836 ) ) ;
#2096 = ORIENTED_EDGE ( 'NONE', *, *, #6340, .F. ) ;
#2097 = CARTESIAN_POINT ( 'NONE',  ( 3.041265875000001007, 76.00000000136559208, 1.259733572207477836 ) ) ;
#2098 = DIRECTION ( 'NONE',  ( -0.9256659661250536963, -0.3783418020226825829, -2.775557561562891844E-16 ) ) ;
#2099 = EDGE_CURVE ( 'NONE', #702, #1142, #2928, .T. ) ;
#2100 = CARTESIAN_POINT ( 'NONE',  ( 1.767766952966368654, 74.62500000000000000, -1.767766952966369098 ) ) ;
#2101 = VECTOR ( 'NONE', #1047, 1000.000000000000000 ) ;
#2102 = CARTESIAN_POINT ( 'NONE',  ( -2.488814212820116341E-16, 98.99999999999998579, 21.49999999999998579 ) ) ;
#2103 = CARTESIAN_POINT ( 'NONE',  ( -1.767766952966368432, 75.12500000000000000, 1.767766952966369320 ) ) ;
#2104 = ORIENTED_EDGE ( 'NONE', *, *, #8479, .T. ) ;
#2105 = ORIENTED_EDGE ( 'NONE', *, *, #386, .T. ) ;
#2106 = DIRECTION ( 'NONE',  ( 0.000000000000000000, 0.000000000000000000, -1.000000000000000000 ) ) ;
#2107 = AXIS2_PLACEMENT_3D ( 'NONE', #4120, #8291, #6102 ) ;
#2108 = CARTESIAN_POINT ( 'NONE',  ( 5.586714778762236360E-16, 73.93750000136559208, 3.041265875000000118 ) ) ;
#2109 = EDGE_CURVE ( 'NONE', #7062, #3742, #1970, .T. ) ;
#2110 =( BOUNDED_CURVE ( )  B_SPLINE_CURVE ( 2, ( #4350, #1246, #2100, #5217, #7559, #6591, #6744, #4254, #9646 ),
 .UNSPECIFIED., .F., .T. ) 
 B_SPLINE_CURVE_WITH_KNOTS ( ( 3, 2, 2, 2, 3 ),
 ( 0.3500000000000003109, 0.3583333333333336701, 0.3666666666666669738, 0.3750000000000003331, 0.3833333333333336923 ),
 .UNSPECIFIED. ) 
 CURVE ( )  GEOMETRIC_REPRESENTATION_ITEM ( )  RATIONAL_B_SPLINE_CURVE ( ( 0.9999999999999970024, 0.9238795325112897361, 1.000000000000000000, 0.9238795325112867385, 1.000000000000000000, 0.9238795325112867385, 1.000000000000000000, 0.9238795325112837409, 1.000000000000003109 ) ) 
 REPRESENTATION_ITEM ( '' )  );
#2111 = CARTESIAN_POINT ( 'NONE',  ( 3.968626966596887851, 76.25000000000000000, -4.500000000000000000 ) ) ;
#2112 = CYLINDRICAL_SURFACE ( 'NONE', #5708, 9.750000000000001776 ) ;
#2113 = ORIENTED_EDGE ( 'NONE', *, *, #733, .F. ) ;
#2114 = CARTESIAN_POINT ( 'NONE',  ( -1.530808498934191571E-16, 65.75000000000000000, -2.500000000000000000 ) ) ;
#2115 = EDGE_CURVE ( 'NONE', #1142, #6560, #2882, .T. ) ;
#2116 = CARTESIAN_POINT ( 'NONE',  ( 6.580416492048501986, 100.9027923668063949, -67.99999999999998579 ) ) ;
#2117 = LOCAL_TIME ( 5, 30, 20.00000000000000000, #8131 ) ;
#2118 = DIRECTION ( 'NONE',  ( 1.000000000000000000, 9.398538128609710963E-32, 0.000000000000000000 ) ) ;
#2119 = EDGE_LOOP ( 'NONE', ( #3079, #8233, #4938, #6664 ) ) ;
#2120 = EDGE_CURVE ( 'NONE', #7368, #837, #7815, .T. ) ;
#2121 = ORIENTED_EDGE ( 'NONE', *, *, #5460, .F. ) ;
#2122 = ADVANCED_FACE ( 'NONE', ( #3027 ), #9192, .F. ) ;
#2123 = CARTESIAN_POINT ( 'NONE',  ( -1.767766952966369098, 76.87500000000000000, -1.767766952966369098 ) ) ;
#2124 = CARTESIAN_POINT ( 'NONE',  ( 0.000000000000000000, 70.00000000000000000, 2.500000000000000000 ) ) ;
#2125 = DIRECTION ( 'NONE',  ( 4.632792164159807407E-48, -1.455634920575271343E-16, -1.000000000000000000 ) ) ;
#2126 = EDGE_CURVE ( 'NONE', #6914, #10003, #6248, .T. ) ;
#2127 = EDGE_LOOP ( 'NONE', ( #4458, #4501, #543, #4490 ) ) ;
#2128 = CARTESIAN_POINT ( 'NONE',  ( -1.035533905932736420, 79.81250000000000000, -2.500000000000001332 ) ) ;
#2129 = TOROIDAL_SURFACE ( 'NONE', #3853, 8.800000000000000711, 0.2000000000000350109 ) ;
#2130 = CARTESIAN_POINT ( 'NONE',  ( 2.500000000000000444, 65.43750000000000000, 1.035533905932737309 ) ) ;
#2131 = CARTESIAN_POINT ( 'NONE',  ( -2.500000000000000000, 64.25000000273119838, 0.000000000000000000 ) ) ;
#2132 = CARTESIAN_POINT ( 'NONE',  ( 1.259733572207479835, 71.87500000136559208, 3.041265874999999230 ) ) ;
#2133 = CARTESIAN_POINT ( 'NONE',  ( 3.196701218707491687, 106.2290950937223499, -21.40000000000000213 ) ) ;
#2134 = VECTOR ( 'NONE', #3004, 1000.000000000000000 ) ;
#2135 = VERTEX_POINT ( 'NONE', #7671 ) ;
#2136 = CARTESIAN_POINT ( 'NONE',  ( -3.041265874999999230, 77.75000000136560629, 1.259733572207480057 ) ) ;
#2137 = CARTESIAN_POINT ( 'NONE',  ( 3.061616997868383141E-16, 70.00000000000000000, -2.500000000000000000 ) ) ;
#2138 = FACE_OUTER_BOUND ( 'NONE', #673, .T. ) ;
#2139 = AXIS2_PLACEMENT_3D ( 'NONE', #3915, #6175, #2907 ) ;
#2140 = CARTESIAN_POINT ( 'NONE',  ( 2.789297643080071723E-15, 99.00000000000001421, 68.00000000000000000 ) ) ;
#2141 = FACE_OUTER_BOUND ( 'NONE', #259, .T. ) ;
#2142 = FACE_OUTER_BOUND ( 'NONE', #2623, .T. ) ;
#2143 = AXIS2_PLACEMENT_3D ( 'NONE', #1606, #3785, #9244 ) ;
#2144 = CARTESIAN_POINT ( 'NONE',  ( 2.500000000000000444, 78.68750000273119838, 1.035533905932737309 ) ) ;
#2145 = CARTESIAN_POINT ( 'NONE',  ( 2.150499723603739533, 64.93750000136559208, 2.150499723603738644 ) ) ;
#2146 = ORIENTED_EDGE ( 'NONE', *, *, #2183, .T. ) ;
#2147 = AXIS2_PLACEMENT_3D ( 'NONE', #5421, #787, #8473 ) ;
#2148 = AXIS2_PLACEMENT_3D ( 'NONE', #6307, #2378, #8743 ) ;
#2149 = CARTESIAN_POINT ( 'NONE',  ( -1.862238259587412120E-16, 71.43750000136559208, -3.041265875000000118 ) ) ;
#2150 = CARTESIAN_POINT ( 'NONE',  ( 1.259733572207478058, 67.37500000136559208, -3.041265875000000563 ) ) ;
#2151 = EDGE_LOOP ( 'NONE', ( #5529, #6490 ) ) ;
#2152 = CARTESIAN_POINT ( 'NONE',  ( -2.150499723603739088, 76.43750000136559208, -2.150499723603739088 ) ) ;
#2153 = CARTESIAN_POINT ( 'NONE',  ( -10.99999999999998401, 79.50000000000001421, -14.50000000000000355 ) ) ;
#2154 = EDGE_CURVE ( 'NONE', #6140, #9358, #1560, .T. ) ;
#2155 = CARTESIAN_POINT ( 'NONE',  ( 2.150499723603739533, 76.93750000136559208, 2.150499723603738644 ) ) ;
#2156 = CARTESIAN_POINT ( 'NONE',  ( 5.955997395131218397, 100.7222354229202494, -16.00000000000000000 ) ) ;
#2157 = CARTESIAN_POINT ( 'NONE',  ( 1.265917165546949441, 103.6300597976671583, -21.40000000000000213 ) ) ;
#2158 = CARTESIAN_POINT ( 'NONE',  ( -1.035533905932737753, 75.81250000000000000, -2.500000000000000444 ) ) ;
#2159 = EDGE_LOOP ( 'NONE', ( #5440, #1404, #2091, #7870 ) ) ;
#2160 = ORIENTED_EDGE ( 'NONE', *, *, #9957, .T. ) ;
#2161 = CARTESIAN_POINT ( 'NONE',  ( -1.727327086636849529, 105.5802794771783653, -20.30000000000000071 ) ) ;
#2162 = CARTESIAN_POINT ( 'NONE',  ( -3.041265874999999230, 73.75000000136559208, 1.259733572207480057 ) ) ;
#2163 = DIRECTION ( 'NONE',  ( -3.885780586188047891E-16, 1.000000000000000000, 2.603240987229339518E-29 ) ) ;
#2164 = DIRECTION ( 'NONE',  ( 0.9256659661250541404, 0.3783418020226818057, 0.000000000000000000 ) ) ;
#2165 = ORIENTED_EDGE ( 'NONE', *, *, #1992, .F. ) ;
#2166 = CYLINDRICAL_SURFACE ( 'NONE', #2433, 9.704347826086955564 ) ;
#2167 = DIRECTION ( 'NONE',  ( -2.771172519036344738E-16, 8.684692346097760535E-17, 1.000000000000000000 ) ) ;
#2168 = CARTESIAN_POINT ( 'NONE',  ( 4.153311931459126249, 80.00000000000001421, 4.999999999999936939 ) ) ;
#2169 = ORIENTED_EDGE ( 'NONE', *, *, #9901, .T. ) ;
#2170 = ORIENTED_EDGE ( 'NONE', *, *, #9589, .T. ) ;
#2171 = AXIS2_PLACEMENT_3D ( 'NONE', #3125, #793, #3884 ) ;
#2172 = CARTESIAN_POINT ( 'NONE',  ( 0.7458814743014315907, 101.3535973064702773, -12.50000000000001243 ) ) ;
#2173 = CARTESIAN_POINT ( 'NONE',  ( 2.904144476039273393, 95.17822752347940707, 20.29999999999999716 ) ) ;
#2174 = CARTESIAN_POINT ( 'NONE',  ( -1.902792366806345337, 105.5804164920484851, -16.30000000000000071 ) ) ;
#2175 =( BOUNDED_CURVE ( )  B_SPLINE_CURVE ( 2, ( #2807, #3513, #7542, #2702, #9878, #9830, #7393, #1993, #5055 ),
 .UNSPECIFIED., .F., .T. ) 
 B_SPLINE_CURVE_WITH_KNOTS ( ( 3, 2, 2, 2, 3 ),
 ( 0.8833333333333331927, 0.8916666666666666075, 0.8999999999999999112, 0.9083333333333332149, 0.9166666666666665186 ),
 .UNSPECIFIED. ) 
 CURVE ( )  GEOMETRIC_REPRESENTATION_ITEM ( )  RATIONAL_B_SPLINE_CURVE ( ( 1.000000000000001110, 0.9238795325112857393, 1.000000000000000000, 0.9238795325112867385, 1.000000000000000000, 0.9238795325112867385, 1.000000000000000000, 0.9238795325112877377, 0.9999999999999990008 ) ) 
 REPRESENTATION_ITEM ( '' )  );
#2176 = ORIENTED_EDGE ( 'NONE', *, *, #5224, .T. ) ;
#2177 = DIRECTION ( 'NONE',  ( -1.000000000000000000, 0.000000000000000000, 0.000000000000000000 ) ) ;
#2178 = FACE_OUTER_BOUND ( 'NONE', #9145, .T. ) ;
#2179 = CARTESIAN_POINT ( 'NONE',  ( 5.666165022321639100, 93.48880335175881839, 21.40000000000000213 ) ) ;
#2180 = ADVANCED_FACE ( 'NONE', ( #9295 ), #9954, .T. ) ;
#2181 = CARTESIAN_POINT ( 'NONE',  ( -3.041265875000000118, 72.56250000136559208, 0.000000000000000000 ) ) ;
#2182 = CARTESIAN_POINT ( 'NONE',  ( 1.561251128379126385E-14, 109.5000000000000142, 20.00000000000000000 ) ) ;
#2183 = EDGE_CURVE ( 'NONE', #5176, #6528, #1461, .T. ) ;
#2184 = VERTEX_POINT ( 'NONE', #4507 ) ;
#2185 = EDGE_CURVE ( 'NONE', #2488, #5126, #3789, .T. ) ;
#2186 = CARTESIAN_POINT ( 'NONE',  ( -2.150499723603738200, 73.81250000136559208, 2.150499723603739533 ) ) ;
#2187 = LINE ( 'NONE', #9214, #1140 ) ;
#2188 = CARTESIAN_POINT ( 'NONE',  ( 8.982984506048365958, 102.6715604439766878, 21.40000000000000213 ) ) ;
#2189 = DIRECTION ( 'NONE',  ( 0.9606447433647388179, 0.2777799075629752701, -5.551115123125782702E-17 ) ) ;
#2190 = DIRECTION ( 'NONE',  ( -0.000000000000000000, -1.000000000000000000, -0.000000000000000000 ) ) ;
#2191 = PLANE ( 'NONE',  #9379 ) ;
#2192 = CARTESIAN_POINT ( 'NONE',  ( 1.767766952966369320, 78.62500000273118417, 1.767766952966368654 ) ) ;
#2193 = EDGE_CURVE ( 'NONE', #2738, #4389, #4663, .T. ) ;
#2194 = CARTESIAN_POINT ( 'NONE',  ( 2.150499723603739533, 66.93750000136559208, 2.150499723603738644 ) ) ;
#2195 = ORIENTED_EDGE ( 'NONE', *, *, #5926, .T. ) ;
#2196 = CARTESIAN_POINT ( 'NONE',  ( -3.041265875000000118, 71.68750000136559208, 0.000000000000000000 ) ) ;
#2197 = ORIENTED_EDGE ( 'NONE', *, *, #2619, .T. ) ;
#2198 = EDGE_LOOP ( 'NONE', ( #9051, #3365, #6088, #7262 ) ) ;
#2199 = CARTESIAN_POINT ( 'NONE',  ( 3.041265874999999674, 72.12500000136559208, -1.259733572207478280 ) ) ;
#2200 = CARTESIAN_POINT ( 'NONE',  ( 9.000000000000014211, 99.00000000000001421, 14.99999999999999467 ) ) ;
#2201 = AXIS2_PLACEMENT_3D ( 'NONE', #1029, #926, #8819 ) ;
#2202 = CARTESIAN_POINT ( 'NONE',  ( -3.122936995344877342, 106.2612656664573620, -20.30000000000000071 ) ) ;
#2203 = CARTESIAN_POINT ( 'NONE',  ( -1.862238259587412120E-16, 79.31250000136559208, -3.041265875000000118 ) ) ;
#2204 = DIRECTION ( 'NONE',  ( 0.000000000000000000, 0.000000000000000000, 1.000000000000000000 ) ) ;
#2205 = CARTESIAN_POINT ( 'NONE',  ( -1.035533905932738197, 68.18750000000000000, 2.500000000000000000 ) ) ;
#2206 = EDGE_LOOP ( 'NONE', ( #5157, #3639, #6032, #3091, #815, #7344, #2236, #695, #9962, #802, #2832, #6702 ) ) ;
#2207 = ORIENTED_EDGE ( 'NONE', *, *, #3300, .F. ) ;
#2208 = AXIS2_PLACEMENT_3D ( 'NONE', #4831, #8036, #8089 ) ;
#2209 = DIRECTION ( 'NONE',  ( 0.000000000000000000, 1.000000000000000000, 0.000000000000000000 ) ) ;
#2210 = CARTESIAN_POINT ( 'NONE',  ( 1.259733572207479835, 72.00000000136559208, 3.041265874999999230 ) ) ;
#2211 = CARTESIAN_POINT ( 'NONE',  ( 3.061616997868380183E-16, 8.497848452431096433, 2.499999999999997335 ) ) ;
#2212 = APPROVAL_DATE_TIME ( #5275, #9974 ) ;
#2213 = CARTESIAN_POINT ( 'NONE',  ( -1.530808498934191571E-16, 75.00000000273118417, -2.500000000000000000 ) ) ;
#2214 = DIRECTION ( 'NONE',  ( 0.000000000000000000, 1.000000000000000000, 0.000000000000000000 ) ) ;
#2215 = ORIENTED_EDGE ( 'NONE', *, *, #4998, .T. ) ;
#2216 = CARTESIAN_POINT ( 'NONE',  ( -3.968626966596887851, 5.000000000000000000, 4.500000000000000000 ) ) ;
#2217 = DIRECTION ( 'NONE',  ( -2.771172519036345232E-16, 8.684692346097759303E-17, 1.000000000000000000 ) ) ;
#2218 = VECTOR ( 'NONE', #1057, 1000.000000000000114 ) ;
#2219 = LINE ( 'NONE', #1564, #9365 ) ;
#2220 = EDGE_CURVE ( 'NONE', #4233, #1475, #77, .T. ) ;
#2221 = EDGE_LOOP ( 'NONE', ( #9106, #8591, #5528, #4553, #3909 ) ) ;
#2222 = ORIENTED_EDGE ( 'NONE', *, *, #8705, .T. ) ;
#2223 = VERTEX_POINT ( 'NONE', #5478 ) ;
#2224 = CARTESIAN_POINT ( 'NONE',  ( -2.500000000000000000, 77.00000000000000000, 0.000000000000000000 ) ) ;
#2225 = AXIS2_PLACEMENT_3D ( 'NONE', #8108, #5056, #472 ) ;
#2226 = DIRECTION ( 'NONE',  ( -3.885780586188047891E-16, 1.065500303100115213E-16, 1.000000000000000000 ) ) ;
#2227 = CARTESIAN_POINT ( 'NONE',  ( 4.592425496802573972E-16, 68.50000000273119838, 2.500000000000000000 ) ) ;
#2228 = AXIS2_PLACEMENT_3D ( 'NONE', #8771, #7147, #168 ) ;
#2229 = ORIENTED_EDGE ( 'NONE', *, *, #881, .T. ) ;
#2230 = EDGE_CURVE ( 'NONE', #2487, #3545, #3151, .T. ) ;
#2231 = DIRECTION ( 'NONE',  ( 0.1786590974811275989, 0.9839110360633368524, -3.594012831985013489E-17 ) ) ;
#2232 = CARTESIAN_POINT ( 'NONE',  ( -1.530808498934191571E-16, 75.75000000000000000, -2.500000000000000000 ) ) ;
#2233 = CARTESIAN_POINT ( 'NONE',  ( 2.150499723603738644, 72.18750000136559208, -2.150499723603739088 ) ) ;
#2234 = DIRECTION ( 'NONE',  ( 1.000000000000000000, 3.885780586188047398E-16, -2.501467088144503124E-12 ) ) ;
#2235 = TOROIDAL_SURFACE ( 'NONE', #7927, 1.599999999999991429, 0.1000000000000000056 ) ;
#2236 = ORIENTED_EDGE ( 'NONE', *, *, #4482, .F. ) ;
#2237 = CIRCLE ( 'NONE', #8425, 8.099999999999999645 ) ;
#2238 = CIRCLE ( 'NONE', #9234, 6.000000000000000888 ) ;
#2239 = CARTESIAN_POINT ( 'NONE',  ( -2.150499723603739088, 75.56250000136559208, -2.150499723603739088 ) ) ;
#2240 = DIRECTION ( 'NONE',  ( 0.000000000000000000, 1.000000000000000000, 0.000000000000000000 ) ) ;
#2241 = CARTESIAN_POINT ( 'NONE',  ( 6.297504757564041711, 101.5739406928798587, 21.40000000000000213 ) ) ;
#2242 = FACE_OUTER_BOUND ( 'NONE', #337, .T. ) ;
#2243 = CARTESIAN_POINT ( 'NONE',  ( 5.973606148941748906, 100.6601293323401478, 16.00000000000000711 ) ) ;
#2244 = CARTESIAN_POINT ( 'NONE',  ( 7.633375672046535776, 101.0132427818111438, 21.40000000000000213 ) ) ;
#2245 = EDGE_CURVE ( 'NONE', #2263, #6170, #3643, .T. ) ;
#2246 = CARTESIAN_POINT ( 'NONE',  ( -1.530808498934191571E-16, 78.00000000273118417, -2.500000000000000000 ) ) ;
#2247 = AXIS2_PLACEMENT_3D ( 'NONE', #5789, #344, #495 ) ;
#2248 = CARTESIAN_POINT ( 'NONE',  ( -3.041265874999999230, 68.62500000136559208, 1.259733572207480057 ) ) ;
#2249 = VERTEX_POINT ( 'NONE', #6294 ) ;
#2250 = VECTOR ( 'NONE', #6339, 1000.000000000000000 ) ;
#2251 = EDGE_CURVE ( 'NONE', #10063, #8688, #7325, .T. ) ;
#2252 = CARTESIAN_POINT ( 'NONE',  ( -2.150499723603739088, 74.56250000136559208, -2.150499723603739088 ) ) ;
#2253 = ORIENTED_EDGE ( 'NONE', *, *, #5707, .T. ) ;
#2254 = VERTEX_POINT ( 'NONE', #641 ) ;
#2255 = ADVANCED_FACE ( 'NONE', ( #3736, #6199 ), #2979, .T. ) ;
#2256 = CARTESIAN_POINT ( 'NONE',  ( -3.041265875000000118, 72.56250000136559208, 0.000000000000000000 ) ) ;
#2257 = DIRECTION ( 'NONE',  ( -0.9606447433647388179, -0.2777799075629757142, 0.000000000000000000 ) ) ;
#2258 = DIRECTION ( 'NONE',  ( -1.647214991701264181E-47, 1.178574802204324542E-16, -1.000000000000000000 ) ) ;
#2259 = CARTESIAN_POINT ( 'NONE',  ( -1.259733572207478058, 79.37500000136562051, -3.041265874999999674 ) ) ;
#2260 = CARTESIAN_POINT ( 'NONE',  ( 0.000000000000000000, 80.00000000000000000, 2.500000000000000000 ) ) ;
#2261 = CARTESIAN_POINT ( 'NONE',  ( 1.035533905932739085, 69.31250000000000000, 2.500000000000000000 ) ) ;
#2262 = VERTEX_POINT ( 'NONE', #5523 ) ;
#2263 = VERTEX_POINT ( 'NONE', #8020 ) ;
#2264 = PLANE ( 'NONE',  #5828 ) ;
#2265 = CARTESIAN_POINT ( 'NONE',  ( -2.150499723603739088, 66.56250000136559208, -2.150499723603739088 ) ) ;
#2266 = DIRECTION ( 'NONE',  ( -0.7071067811865474617, -6.204110788218166501E-17, -0.7071067811865474617 ) ) ;
#2267 = CARTESIAN_POINT ( 'NONE',  ( -1.530808498934191571E-16, 67.00000000273119838, -2.500000000000000000 ) ) ;
#2268 = CARTESIAN_POINT ( 'NONE',  ( 1.767766952966369320, 67.62500000273119838, 1.767766952966368654 ) ) ;
#2269 = ORIENTED_EDGE ( 'NONE', *, *, #5861, .T. ) ;
#2270 = CARTESIAN_POINT ( 'NONE',  ( 0.000000000000000000, 76.25000000000000000, -6.000000000000000888 ) ) ;
#2271 = DIRECTION ( 'NONE',  ( 0.000000000000000000, 0.000000000000000000, 1.000000000000000000 ) ) ;
#2272 = AXIS2_PLACEMENT_3D ( 'NONE', #6824, #6172, #612 ) ;
#2273 = CARTESIAN_POINT ( 'NONE',  ( 4.592425496802573972E-16, 65.50000000273119838, 2.500000000000000000 ) ) ;
#2274 = ORIENTED_EDGE ( 'NONE', *, *, #8157, .T. ) ;
#2275 = EDGE_LOOP ( 'NONE', ( #3133, #8802, #9955, #3951 ) ) ;
#2276 = VERTEX_POINT ( 'NONE', #6494 ) ;
#2277 = PLANE ( 'NONE',  #5060 ) ;
#2278 = CARTESIAN_POINT ( 'NONE',  ( 10.50000000000001421, 79.25000000000001421, -20.00000000000000711 ) ) ;
#2279 = CARTESIAN_POINT ( 'NONE',  ( -2.500000000000000444, 71.18750000273119838, -1.035533905932737753 ) ) ;
#2280 = AXIS2_PLACEMENT_3D ( 'NONE', #8508, #5546, #1630 ) ;
#2281 = EDGE_CURVE ( 'NONE', #8117, #8441, #3812, .T. ) ;
#2282 = ORIENTED_EDGE ( 'NONE', *, *, #128, .T. ) ;
#2283 = CARTESIAN_POINT ( 'NONE',  ( 0.5773502691871282844, 82.51000000000003354, -1.000000000001444178 ) ) ;
#2284 = CARTESIAN_POINT ( 'NONE',  ( 2.904144476039272948, 95.17822752347940707, 21.39999999999999858 ) ) ;
#2285 = CARTESIAN_POINT ( 'NONE',  ( -1.862238259587412120E-16, 68.31250000136560629, -3.041265875000000118 ) ) ;
#2286 = CYLINDRICAL_SURFACE ( 'NONE', #1732, 8.099999999999999645 ) ;
#2287 = ORIENTED_EDGE ( 'NONE', *, *, #5236, .F. ) ;
#2288 = AXIS2_PLACEMENT_3D ( 'NONE', #2140, #8922, #1332 ) ;
#2289 = ORIENTED_EDGE ( 'NONE', *, *, #2683, .F. ) ;
#2290 = CARTESIAN_POINT ( 'NONE',  ( 3.041265875000000563, 75.25000000136560629, -1.259733572207478502 ) ) ;
#2291 = PLANE ( 'NONE',  #1948 ) ;
#2292 = CARTESIAN_POINT ( 'NONE',  ( 4.592425496802573972E-16, 70.25000000000000000, 2.500000000000000000 ) ) ;
#2293 = AXIS2_PLACEMENT_3D ( 'NONE', #8996, #2064, #542 ) ;
#2294 = CARTESIAN_POINT ( 'NONE',  ( 5.955997408861418485, 100.7222354268904638, -19.79999999999996874 ) ) ;
#2295 = DIRECTION ( 'NONE',  ( 5.551115123125783935E-17, -6.662983475941639612E-17, -1.000000000000000000 ) ) ;
#2296 = DIRECTION ( 'NONE',  ( -1.665334536937734071E-16, 4.229157726022815470E-17, 1.000000000000000000 ) ) ;
#2297 = CARTESIAN_POINT ( 'NONE',  ( 1.767766952966368654, 72.87500000273118417, -1.767766952966369098 ) ) ;
#2298 = CARTESIAN_POINT ( 'NONE',  ( -3.041265874999999230, 65.62500000136559208, 1.259733572207480057 ) ) ;
#2299 = VECTOR ( 'NONE', #5597, 1000.000000000000000 ) ;
#2300 = CARTESIAN_POINT ( 'NONE',  ( -1.259733572207478502, 70.87500000136559208, 3.041265874999999230 ) ) ;
#2301 = VERTEX_POINT ( 'NONE', #5726 ) ;
#2302 = ORIENTED_EDGE ( 'NONE', *, *, #7426, .T. ) ;
#2303 = EDGE_CURVE ( 'NONE', #9149, #2460, #9736, .T. ) ;
#2304 = CIRCLE ( 'NONE', #8000, 9.750000000000000000 ) ;
#2305 = CARTESIAN_POINT ( 'NONE',  ( 1.259733572207479835, 69.87500000136559208, 3.041265874999999230 ) ) ;
#2306 = DIRECTION ( 'NONE',  ( -8.011868568650901149E-32, 1.000000000000000000, -8.773937619163357272E-17 ) ) ;
#2307 = DIRECTION ( 'NONE',  ( 0.000000000000000000, -1.000000000000000000, 0.000000000000000000 ) ) ;
#2308 = AXIS2_PLACEMENT_3D ( 'NONE', #9517, #9568, #5548 ) ;
#2309 = CYLINDRICAL_SURFACE ( 'NONE', #2147, 7.904347826086997486 ) ;
#2310 = EDGE_CURVE ( 'NONE', #1080, #3113, #7307, .T. ) ;
#2311 = FACE_OUTER_BOUND ( 'NONE', #8649, .T. ) ;
#2312 = CARTESIAN_POINT ( 'NONE',  ( -1.035533905932737753, 70.81250000000000000, -2.500000000000000444 ) ) ;
#2313 = EDGE_LOOP ( 'NONE', ( #4678, #2423, #6328, #6899 ) ) ;
#2314 = VERTEX_POINT ( 'NONE', #3278 ) ;
#2315 = EDGE_CURVE ( 'NONE', #8599, #6170, #2835, .T. ) ;
#2316 = AXIS2_PLACEMENT_3D ( 'NONE', #5025, #229, #9546 ) ;
#2317 = DIRECTION ( 'NONE',  ( -0.000000000000000000, -1.000000000000000000, -0.000000000000000000 ) ) ;
#2318 = EDGE_CURVE ( 'NONE', #5665, #5417, #331, .T. ) ;
#2319 = CARTESIAN_POINT ( 'NONE',  ( -1.259733572207478058, 68.50000000136559208, -3.041265874999999674 ) ) ;
#2320 = CARTESIAN_POINT ( 'NONE',  ( 1.767766952966368654, 75.62500000000000000, -1.767766952966369098 ) ) ;
#2321 = CARTESIAN_POINT ( 'NONE',  ( 4.592425496802573972E-16, 76.25000000000000000, 2.500000000000000000 ) ) ;
#2322 = DIRECTION ( 'NONE',  ( 8.011868568650901149E-32, -1.000000000000000000, -8.573297140604716138E-17 ) ) ;
#2323 = ORIENTED_EDGE ( 'NONE', *, *, #4239, .F. ) ;
#2324 = CARTESIAN_POINT ( 'NONE',  ( -1.530808498934191571E-16, 74.00000000273118417, -2.500000000000000000 ) ) ;
#2325 = DIRECTION ( 'NONE',  ( -2.771172519036345232E-16, 8.684692346097759303E-17, 1.000000000000000000 ) ) ;
#2326 = LINE ( 'NONE', #9397, #1726 ) ;
#2327 = ORIENTED_EDGE ( 'NONE', *, *, #6984, .T. ) ;
#2328 = ORIENTED_EDGE ( 'NONE', *, *, #3238, .F. ) ;
#2329 = ORIENTED_EDGE ( 'NONE', *, *, #8166, .F. ) ;
#2330 = DIRECTION ( 'NONE',  ( -8.011868568650901149E-32, 1.000000000000000000, 8.573297140604716138E-17 ) ) ;
#2331 = CARTESIAN_POINT ( 'NONE',  ( 0.6041766542499337200, 94.23817570982936331, 21.39999999999999858 ) ) ;
#2332 = CARTESIAN_POINT ( 'NONE',  ( -2.500000000000000000, 68.25000000273119838, 0.000000000000000000 ) ) ;
#2333 = ORIENTED_EDGE ( 'NONE', *, *, #5651, .T. ) ;
#2334 = CARTESIAN_POINT ( 'NONE',  ( -1.530808498934191571E-16, 74.00000000273118417, -2.500000000000000000 ) ) ;
#2335 = CYLINDRICAL_SURFACE ( 'NONE', #551, 9.000000000000000000 ) ;
#2336 = CARTESIAN_POINT ( 'NONE',  ( 3.041265874999999674, 70.12500000136559208, -1.259733572207478280 ) ) ;
#2337 = CARTESIAN_POINT ( 'NONE',  ( 3.968626966596900729, 76.25000000000001421, 4.500000000000005329 ) ) ;
#2338 = ORIENTED_EDGE ( 'NONE', *, *, #1003, .T. ) ;
#2339 = AXIS2_PLACEMENT_3D ( 'NONE', #1874, #4881, #2635 ) ;
#2340 = ORIENTED_EDGE ( 'NONE', *, *, #5293, .F. ) ;
#2341 = EDGE_CURVE ( 'NONE', #2949, #1866, #1046, .T. ) ;
#2342 = CARTESIAN_POINT ( 'NONE',  ( 1.561251128379126385E-14, 99.00000000000001421, -19.19999999999999929 ) ) ;
#2343 = CARTESIAN_POINT ( 'NONE',  ( -8.671363784582705847, 96.59013483459602867, 16.20000000000001350 ) ) ;
#2344 = DIRECTION ( 'NONE',  ( -0.9606447433647389289, -0.2777799075629750480, 0.000000000000000000 ) ) ;
#2345 = CARTESIAN_POINT ( 'NONE',  ( -1.035533905932759291, 75.43750000273119838, 2.499999999999978684 ) ) ;
#2346 = CARTESIAN_POINT ( 'NONE',  ( -1.035533905932737753, 73.06250000273118417, -2.500000000000000444 ) ) ;
#2347 = CARTESIAN_POINT ( 'NONE',  ( -2.150499723603739088, 68.43750000136560629, -2.150499723603739088 ) ) ;
#2348 = VECTOR ( 'NONE', #5434, 1000.000000000000000 ) ;
#2349 = CARTESIAN_POINT ( 'NONE',  ( 5.586714778762236360E-16, 71.93750000136559208, 3.041265875000000118 ) ) ;
#2350 = ORIENTED_EDGE ( 'NONE', *, *, #7545, .T. ) ;
#2351 = ADVANCED_FACE ( 'NONE', ( #4967 ), #6443, .T. ) ;
#2352 = CARTESIAN_POINT ( 'NONE',  ( -1.259733572207478058, 71.37500000136560629, -3.041265874999999674 ) ) ;
#2353 = DIRECTION ( 'NONE',  ( 0.9999870432906646789, -0.005090505946802467534, 0.000000000000000000 ) ) ;
#2354 = DIRECTION ( 'NONE',  ( -2.771172519036345232E-16, 8.684692346097759303E-17, 1.000000000000000000 ) ) ;
#2355 = CARTESIAN_POINT ( 'NONE',  ( 2.150499723603739533, 78.93750000136559208, 2.150499723603738644 ) ) ;
#2356 = EDGE_CURVE ( 'NONE', #8506, #2587, #2468, .T. ) ;
#2357 = LINE ( 'NONE', #3069, #6540 ) ;
#2358 = DIRECTION ( 'NONE',  ( 0.000000000000000000, 1.000000000000000000, 0.000000000000000000 ) ) ;
#2359 = CARTESIAN_POINT ( 'NONE',  ( 1.035533905932737531, 71.68750000000000000, -2.500000000000000444 ) ) ;
#2360 = ORIENTED_EDGE ( 'NONE', *, *, #9845, .F. ) ;
#2361 = PLANE ( 'NONE',  #4781 ) ;
#2362 = CARTESIAN_POINT ( 'NONE',  ( 5.586714778762236360E-16, 69.93750000136560629, 3.041265875000000118 ) ) ;
#2363 = DIRECTION ( 'NONE',  ( 0.8660254037844408170, -0.4999999999999961697, 0.000000000000000000 ) ) ;
#2364 = CARTESIAN_POINT ( 'NONE',  ( 1.767766952966369320, 72.37500000000000000, 1.767766952966368654 ) ) ;
#2365 = CARTESIAN_POINT ( 'NONE',  ( 4.592425496802573972E-16, 67.50000000273119838, 2.500000000000000000 ) ) ;
#2366 = EDGE_LOOP ( 'NONE', ( #8368, #8276, #3034, #767 ) ) ;
#2367 = FACE_BOUND ( 'NONE', #7150, .T. ) ;
#2368 = EDGE_CURVE ( 'NONE', #6639, #2911, #7967, .T. ) ;
#2369 = LINE ( 'NONE', #8586, #179 ) ;
#2370 = EDGE_CURVE ( 'NONE', #4541, #9563, #4794, .T. ) ;
#2371 = VECTOR ( 'NONE', #7292, 1000.000000000000000 ) ;
#2372 = CARTESIAN_POINT ( 'NONE',  ( 3.968626966596900729, 79.50000000000002842, -4.499999999999997335 ) ) ;
#2373 = ORIENTED_EDGE ( 'NONE', *, *, #7778, .T. ) ;
#2374 = VERTEX_POINT ( 'NONE', #3226 ) ;
#2375 = ORIENTED_EDGE ( 'NONE', *, *, #7916, .F. ) ;
#2376 = EDGE_CURVE ( 'NONE', #4696, #9023, #7721, .T. ) ;
#2377 = CARTESIAN_POINT ( 'NONE',  ( 3.968626966596900729, 79.50000000000002842, 4.500000000000003553 ) ) ;
#2378 = DIRECTION ( 'NONE',  ( 3.885780586188047891E-16, -1.065500303100115213E-16, -1.000000000000000000 ) ) ;
#2379 = CARTESIAN_POINT ( 'NONE',  ( -1.035533905932738197, 68.43750000273118417, 2.500000000000000000 ) ) ;
#2380 = CIRCLE ( 'NONE', #4825, 3.351416843938793466 ) ;
#2381 = EDGE_LOOP ( 'NONE', ( #538, #5209, #4521, #7723 ) ) ;
#2382 = CARTESIAN_POINT ( 'NONE',  ( -10.99999999999998401, 78.75000000000001421, -19.50000000000000711 ) ) ;
#2383 = DIRECTION ( 'NONE',  ( 0.000000000000000000, 1.000000000000000000, 1.652117596168388495E-16 ) ) ;
#2384 = CARTESIAN_POINT ( 'NONE',  ( -2.150499723603738200, 67.68750000136560629, 2.150499723603739533 ) ) ;
#2385 =( BOUNDED_CURVE ( )  B_SPLINE_CURVE ( 2, ( #6641, #4914, #3474, #3422, #6587, #5773, #5672, #5020, #9746, #8933, #7356, #1042, #9695, #4963, #8017, #9588, #2765, #4198, #4144, #8776, #2714, #5251, #428, #5827, #5722, #8064, #9112, #1194, #1094, #6008, #1954, #2136, #7304, #7252, #5069, #8830, #1379, #326, #1146, #4476, #611, #272, #9923, #6538, #1807, #8879, #9643, #7402, #3374, #8168, #3525, #6491, #1857, #2664, #4250, #1905, #8118, #6114, #4583, #6222, #664, #7738, #2950, #9212, #8405, #3052, #2239, #3759, #6875, #9976, #8454, #2290, #5353, #10026, #6928, #3002, #4637, #7690, #1482, #10078, #6980, #6171, #3101, #5403, #9266, #717, #8507, #3813, #1535, #6066, #769, #1431, #9165, #3865, #2186, #5297, #4530, #7637, #9485, #9641, #7149, #5719, #4142, #7904, #7250, #1754, #4805, #6388, #2661, #990, #937, #5566, #6488, #7353, #170, #3472, #4247, #323, #8116, #3371, #7961, #5771, #9585, #3419, #4090, #1702, #270, #2512, #6535, #4861, #8015, #8877, #1903, #5618, #2609, #4961, #6585, #8726, #4040, #5016, #7302, #1854, #1144, #1092, #376, #9537, #1039, #2459, #3269, #220, #8828, #8674, #7201, #3321, #6437, #2562, #5669, #8062, #8774, #1805, #4911, #4194, #529, #1292, #5972, #9795, #9124, #9887, #478, #2095, #6638, #4343, #9078, #8267, #5213, #623, #426, #4294, #9027, #3667, #9744, #2000, #2048, #8317, #2712, #6738, #1191, #3718, #5824, #4393, #5923, #7503, #3624, #2817, #9839, #1342, #5162, #2150, #2913, #3574, #4442, #7456, #7554, #2863, #574, #9693, #3523, #7400, #6784, #6021, #2763, #5262, #8367, #5114, #8981, #1393, #7599, #4489, #8931, #1952, #5066, #8165, #5876, #8214, #1241, #6691, #3508, #8812, #4230, #5098, #2594, #4946, #2646, #1937, #359, #3353, #1126, #5857, #9676, #1887, #6521 ),
 .UNSPECIFIED., .F., .T. ) 
 B_SPLINE_CURVE_WITH_KNOTS ( ( 3, 2, 2, 2, 2, 2, 2, 2, 2, 2, 2, 2, 2, 2, 2, 2, 2, 2, 2, 2, 2, 2, 2, 2, 2, 2, 2, 2, 2, 2, 2, 2, 2, 2, 2, 2, 2, 2, 2, 2, 2, 2, 2, 2, 2, 2, 2, 2, 2, 2, 2, 2, 2, 2, 2, 2, 2, 2, 2, 2, 2, 2, 2, 2, 2, 2, 2, 2, 2, 2, 2, 2, 2, 2, 2, 2, 2, 2, 2, 2, 2, 2, 2, 2, 2, 2, 2, 2, 2, 2, 2, 2, 2, 2, 2, 2, 2, 2, 2, 2, 2, 2, 2, 2, 2, 2, 2, 2, 2, 2, 2, 2, 2, 2, 2, 2, 2, 2, 2, 2, 3 ),
 ( 0.000000000000000000, 0.008333333333333333218, 0.01666666666666666644, 0.02500000000000000139, 0.03333333333333333287, 0.04166666666666666435, 0.05000000000000000278, 0.05833333333333333426, 0.06666666666666666574, 0.07499999999999999722, 0.08333333333333332871, 0.09166666666666666019, 0.1000000000000000056, 0.1083333333333333370, 0.1166666666666666685, 0.1250000000000000000, 0.1333333333333333315, 0.1416666666666666630, 0.1499999999999999944, 0.1583333333333333259, 0.1666666666666666574, 0.1749999999999999889, 0.1833333333333333204, 0.1916666666666666796, 0.2000000000000000111, 0.2083333333333333426, 0.2166666666666666741, 0.2250000000000000056, 0.2333333333333333370, 0.2416666666666666685, 0.2500000000000000000, 0.2583333333333333592, 0.2666666666666666630, 0.2750000000000000222, 0.2833333333333333259, 0.2916666666666666852, 0.2999999999999999889, 0.3083333333333333481, 0.3166666666666666519, 0.3250000000000000111, 0.3333333333333333148, 0.3416666666666666741, 0.3499999999999999778, 0.3583333333333333370, 0.3666666666666666408, 0.3750000000000000000, 0.3833333333333333592, 0.3916666666666666630, 0.4000000000000000222, 0.4083333333333333259, 0.4166666666666666852, 0.4249999999999999889, 0.4333333333333333481, 0.4416666666666666519, 0.4500000000000000111, 0.4583333333333333148, 0.4666666666666666741, 0.4749999999999999778, 0.4833333333333333370, 0.4916666666666666408, 0.5000000000000000000, 0.5083333333333333037, 0.5166666666666667185, 0.5250000000000000222, 0.5333333333333333259, 0.5416666666666666297, 0.5500000000000000444, 0.5583333333333333481, 0.5666666666666666519, 0.5749999999999999556, 0.5833333333333333703, 0.5916666666666666741, 0.5999999999999999778, 0.6083333333333332815, 0.6166666666666666963, 0.6250000000000000000, 0.6333333333333333037, 0.6416666666666667185, 0.6500000000000000222, 0.6583333333333333259, 0.6666666666666666297, 0.6750000000000000444, 0.6833333333333333481, 0.6916666666666666519, 0.6999999999999999556, 0.7083333333333333703, 0.7166666666666666741, 0.7249999999999999778, 0.7333333333333332815, 0.7416666666666666963, 0.7500000000000000000, 0.7583333333333333037, 0.7666666666666667185, 0.7750000000000000222, 0.7833333333333333259, 0.7916666666666666297, 0.8000000000000000444, 0.8083333333333333481, 0.8166666666666666519, 0.8249999999999999556, 0.8333333333333333703, 0.8416666666666666741, 0.8499999999999999778, 0.8583333333333332815, 0.8666666666666666963, 0.8750000000000000000, 0.8833333333333333037, 0.8916666666666667185, 0.9000000000000000222, 0.9083333333333333259, 0.9166666666666666297, 0.9250000000000000444, 0.9333333333333333481, 0.9416666666666666519, 0.9499999999999999556, 0.9583333333333333703, 0.9666666666666666741, 0.9749999999999999778, 0.9833333333333332815, 0.9916666666666666963, 1.000000000000000000 ),
 .UNSPECIFIED. ) 
 CURVE ( )  GEOMETRIC_REPRESENTATION_ITEM ( )  RATIONAL_B_SPLINE_CURVE ( ( 1.000000000000000000, 0.9238795325112867385, 1.000000000000000000, 0.9238795325112867385, 1.000000000000000000, 0.9238795325112867385, 1.000000000000000000, 0.9238795325112867385, 1.000000000000000000, 0.9238795325112867385, 1.000000000000000000, 0.9238795325112867385, 1.000000000000000000, 0.9238795325112867385, 1.000000000000000000, 0.9238795325112867385, 1.000000000000000000, 0.9238795325112867385, 1.000000000000000000, 0.9238795325112867385, 1.000000000000000000, 0.9238795325112867385, 1.000000000000000000, 0.9238795325112867385, 1.000000000000000000, 0.9238795325112867385, 1.000000000000000000, 0.9238795325112867385, 1.000000000000000000, 0.9238795325112867385, 1.000000000000000000, 0.9238795325112867385, 1.000000000000000000, 0.9238795325112867385, 1.000000000000000000, 0.9238795325112867385, 1.000000000000000000, 0.9238795325112867385, 1.000000000000000000, 0.9238795325112867385, 1.000000000000000000, 0.9238795325112867385, 1.000000000000000000, 0.9238795325112867385, 1.000000000000000000, 0.9238795325112867385, 1.000000000000000000, 0.9238795325112867385, 1.000000000000000000, 0.9238795325112867385, 1.000000000000000000, 0.9238795325112867385, 1.000000000000000000, 0.9238795325112867385, 1.000000000000000000, 0.9238795325112867385, 1.000000000000000000, 0.9238795325112867385, 1.000000000000000000, 0.9238795325112867385, 1.000000000000000000, 0.9238795325112867385, 1.000000000000000000, 0.9238795325112867385, 1.000000000000000000, 0.9238795325112867385, 1.000000000000000000, 0.9238795325112867385, 1.000000000000000000, 0.9238795325112867385, 1.000000000000000000, 0.9238795325112867385, 1.000000000000000000, 0.9238795325112867385, 1.000000000000000000, 0.9238795325112867385, 1.000000000000000000, 0.9238795325112867385, 1.000000000000000000, 0.9238795325112867385, 1.000000000000000000, 0.9238795325112867385, 1.000000000000000000, 0.9238795325112867385, 1.000000000000000000, 0.9238795325112867385, 1.000000000000000000, 0.9238795325112867385, 1.000000000000000000, 0.9238795325112867385, 1.000000000000000000, 0.9238795325112867385, 1.000000000000000000, 0.9238795325112867385, 1.000000000000000000, 0.9238795325112867385, 1.000000000000000000, 0.9238795325112867385, 1.000000000000000000, 0.9238795325112867385, 1.000000000000000000, 0.9238795325112867385, 1.000000000000000000, 0.9238795325112867385, 1.000000000000000000, 0.9238795325112867385, 1.000000000000000000, 0.9238795325112867385, 1.000000000000000000, 0.9238795325112867385, 1.000000000000000000, 0.9238795325112867385, 1.000000000000000000, 0.9238795325112867385, 1.000000000000000000, 0.9238795325112867385, 1.000000000000000000, 0.9238795325112867385, 1.000000000000000000, 0.9238795325112867385, 1.000000000000000000, 0.9238795325112867385, 1.000000000000000000, 0.9238795325112867385, 1.000000000000000000, 0.9238795325112867385, 1.000000000000000000, 0.9238795325112867385, 1.000000000000000000, 0.9238795325112867385, 1.000000000000000000, 0.9238795325112867385, 1.000000000000000000, 0.9238795325112867385, 1.000000000000000000, 0.9238795325112867385, 1.000000000000000000, 0.9238795325112867385, 1.000000000000000000, 0.9238795325112867385, 1.000000000000000000, 0.9238795325112867385, 1.000000000000000000, 0.9238795325112867385, 1.000000000000000000, 0.9238795325112867385, 1.000000000000000000, 0.9238795325112867385, 1.000000000000000000, 0.9238795325112867385, 1.000000000000000000, 0.9238795325112867385, 1.000000000000000000, 0.9238795325112867385, 1.000000000000000000, 0.9238795325112867385, 1.000000000000000000, 0.9238795325112867385, 1.000000000000000000, 0.9238795325112867385, 1.000000000000000000, 0.9238795325112867385, 1.000000000000000000, 0.9238795325112867385, 1.000000000000000000, 0.9238795325112867385, 1.000000000000000000, 0.9238795325112867385, 1.000000000000000000, 0.9238795325112867385, 1.000000000000000000, 0.9238795325112867385, 1.000000000000000000, 0.9238795325112867385, 1.000000000000000000, 0.9238795325112867385, 1.000000000000000000, 0.9238795325112867385, 1.000000000000000000, 0.9238795325112867385, 1.000000000000000000, 0.9238795325112867385, 1.000000000000000000, 0.9238795325112867385, 1.000000000000000000, 0.9238795325112867385, 1.000000000000000000, 0.9238795325112867385, 1.000000000000000000, 0.9238795325112867385, 1.000000000000000000, 0.9238795325112867385, 1.000000000000000000, 0.9238795325112867385, 1.000000000000000000, 0.9238795325112867385, 1.000000000000000000, 0.9238795325112867385, 1.000000000000000000, 0.9238795325112867385, 1.000000000000000000, 0.9238795325112867385, 1.000000000000000000, 0.9238795325112867385, 1.000000000000000000, 0.9238795325112867385, 1.000000000000000000, 0.9238795325112867385, 1.000000000000000000, 0.9238795325112867385, 1.000000000000000000, 0.9238795325112867385, 1.000000000000000000, 0.9238795325112867385, 1.000000000000000000, 0.9238795325112867385, 1.000000000000000000, 0.9238795325112867385, 1.000000000000000000, 0.9238795325112867385, 1.000000000000000000, 0.9238795325112867385, 1.000000000000000000, 0.9238795325112867385, 1.000000000000000000, 0.9238795325112867385, 1.000000000000000000, 0.9238795325112867385, 1.000000000000000000, 0.9238795325112867385, 1.000000000000000000, 0.9238795325112867385, 1.000000000000000000, 0.9238795325112867385, 1.000000000000000000, 0.9238795325112867385, 1.000000000000000000, 0.9238795325112867385, 1.000000000000000000, 0.9238795325112867385, 1.000000000000000000 ) ) 
 REPRESENTATION_ITEM ( '' )  );
#2386 = LINE ( 'NONE', #4683, #4845 ) ;
#2387 = ORIENTED_EDGE ( 'NONE', *, *, #7462, .F. ) ;
#2388 = ADVANCED_FACE ( 'NONE', ( #4149 ), #1710, .T. ) ;
#2389 = ORIENTED_EDGE ( 'NONE', *, *, #8843, .T. ) ;
#2390 = VECTOR ( 'NONE', #6201, 1000.000000000000000 ) ;
#2391 = CONICAL_SURFACE ( 'NONE', #439, 10.49999999999999822, 0.7853981633974482790 ) ;
#2392 = CARTESIAN_POINT ( 'NONE',  ( 6.000000000000015987, 76.25000000000001421, 4.407947838944677424E-15 ) ) ;
#2393 = DIRECTION ( 'NONE',  ( -1.665334536937734071E-16, 4.229157726022815470E-17, 1.000000000000000000 ) ) ;
#2394 = CARTESIAN_POINT ( 'NONE',  ( 1.767766952966368654, 74.87500000273118417, -1.767766952966369098 ) ) ;
#2395 = FACE_OUTER_BOUND ( 'NONE', #4508, .T. ) ;
#2396 = CARTESIAN_POINT ( 'NONE',  ( 1.767766952966368654, 74.87500000273118417, -1.767766952966369098 ) ) ;
#2397 = DIRECTION ( 'NONE',  ( -0.7071067811865463515, -0.7071067811865487940, 6.204110788218172664E-17 ) ) ;
#2398 = AXIS2_PLACEMENT_3D ( 'NONE', #683, #8475, #4551 ) ;
#2399 = CARTESIAN_POINT ( 'NONE',  ( -3.041265874999999230, 69.75000000136559208, 1.259733572207480057 ) ) ;
#2400 = ORIENTED_EDGE ( 'NONE', *, *, #4463, .F. ) ;
#2401 = DIRECTION ( 'NONE',  ( 0.9256659661250540294, 0.3783418020226824163, 0.000000000000000000 ) ) ;
#2402 = CARTESIAN_POINT ( 'NONE',  ( 1.259733572207478058, 73.25000000136559208, -3.041265874999999674 ) ) ;
#2403 = AXIS2_PLACEMENT_3D ( 'NONE', #5396, #2994, #2231 ) ;
#2404 = FACE_BOUND ( 'NONE', #8365, .T. ) ;
#2405 = DIRECTION ( 'NONE',  ( 0.9256659661250538074, 0.3783418020226824163, 0.000000000000000000 ) ) ;
#2406 = CARTESIAN_POINT ( 'NONE',  ( 2.150499723603739533, 73.93750000136559208, 2.150499723603738644 ) ) ;
#2407 = EDGE_CURVE ( 'NONE', #7568, #8865, #7256, .T. ) ;
#2408 = PLANE ( 'NONE',  #849 ) ;
#2409 = FACE_OUTER_BOUND ( 'NONE', #750, .T. ) ;
#2410 = CLOSED_SHELL ( 'NONE', ( #6419, #610, #6924, #2750, #6516, #9218, #8596, #3114, #8272, #312, #1815, #7048, #5612, #6122, #4360, #395, #4973, #6954, #860, #7856, #7821, #6915, #4497 ) ) ;
#2411 = CARTESIAN_POINT ( 'NONE',  ( 1.767766952966368654, 69.62500000000000000, -1.767766952966369098 ) ) ;
#2412 = ORIENTED_EDGE ( 'NONE', *, *, #6276, .F. ) ;
#2413 = CARTESIAN_POINT ( 'NONE',  ( -10.99999999999998401, 99.00000000000001421, 19.49999999999999645 ) ) ;
#2414 = EDGE_CURVE ( 'NONE', #2573, #8134, #9846, .T. ) ;
#2415 = CARTESIAN_POINT ( 'NONE',  ( 5.586714778762236360E-16, 66.93750000136559208, 3.041265875000000118 ) ) ;
#2416 = CARTESIAN_POINT ( 'NONE',  ( 2.500000000000000000, 65.75000000273119838, -3.061616997868383141E-16 ) ) ;
#2417 = DIRECTION ( 'NONE',  ( -1.665334536937734071E-16, 4.229157726022815470E-17, 1.000000000000000000 ) ) ;
#2418 = CARTESIAN_POINT ( 'NONE',  ( 1.035533905932706000, 68.93750000273118417, -2.500000000000031974 ) ) ;
#2419 = DIRECTION ( 'NONE',  ( 2.771172519036345232E-16, -8.684692346097759303E-17, -1.000000000000000000 ) ) ;
#2420 = PLANE ( 'NONE',  #3748 ) ;
#2421 = CARTESIAN_POINT ( 'NONE',  ( 7.781222421254421207, 101.2500172512601182, -16.00000000000000355 ) ) ;
#2422 = ORIENTED_EDGE ( 'NONE', *, *, #6663, .F. ) ;
#2423 = ORIENTED_EDGE ( 'NONE', *, *, #8915, .F. ) ;
#2424 = CARTESIAN_POINT ( 'NONE',  ( -1.035533905932685572, 72.18750000000001421, 2.500000000000052403 ) ) ;
#2425 = EDGE_CURVE ( 'NONE', #5910, #1206, #5776, .T. ) ;
#2426 = LINE ( 'NONE', #2377, #6686 ) ;
#2427 = EDGE_CURVE ( 'NONE', #8865, #8488, #1150, .T. ) ;
#2428 = CARTESIAN_POINT ( 'NONE',  ( -6.819974481572343095, 102.9225593302338666, 21.39999999999999503 ) ) ;
#2429 = CARTESIAN_POINT ( 'NONE',  ( -1.530808498934191571E-16, 69.00000000273119838, -2.500000000000000000 ) ) ;
#2430 = VERTEX_POINT ( 'NONE', #8173 ) ;
#2431 = CARTESIAN_POINT ( 'NONE',  ( 1.035533905932738863, 79.68750000000001421, -2.499999999999998224 ) ) ;
#2432 = DIRECTION ( 'NONE',  ( 0.6785983445458475538, 0.2810846377148173425, 0.6785983445458476648 ) ) ;
#2433 = AXIS2_PLACEMENT_3D ( 'NONE', #6959, #6908, #1358 ) ;
#2434 = CARTESIAN_POINT ( 'NONE',  ( 3.041265875000000118, 67.06250000136560629, -3.724476519174824240E-16 ) ) ;
#2435 = DIRECTION ( 'NONE',  ( -0.9606447433647389289, -0.2777799075629750480, 0.000000000000000000 ) ) ;
#2436 = EDGE_CURVE ( 'NONE', #2135, #1080, #2110, .T. ) ;
#2437 = ORIENTED_EDGE ( 'NONE', *, *, #7924, .F. ) ;
#2438 = EDGE_LOOP ( 'NONE', ( #1665, #9897, #7075, #955 ) ) ;
#2439 = DIRECTION ( 'NONE',  ( -3.885780586188047891E-16, 1.065500303100115213E-16, 1.000000000000000000 ) ) ;
#2440 = AXIS2_PLACEMENT_3D ( 'NONE', #7680, #3747, #7528 ) ;
#2441 = DIRECTION ( 'NONE',  ( -1.665334536937734318E-16, 4.229157726022816087E-17, 1.000000000000000000 ) ) ;
#2442 = EDGE_CURVE ( 'NONE', #2837, #7312, #5168, .T. ) ;
#2443 = CARTESIAN_POINT ( 'NONE',  ( 1.091613018333621279E-14, 99.00000000000001421, 19.20000000000001350 ) ) ;
#2444 = DIRECTION ( 'NONE',  ( 0.3783418020226833045, -0.9256659661250534743, 2.498001805406602216E-16 ) ) ;
#2445 =( BOUNDED_CURVE ( )  B_SPLINE_CURVE ( 2, ( #4425, #5291, #3653, #4472, #4524, #658, #6767, #7582, #2945 ),
 .UNSPECIFIED., .F., .T. ) 
 B_SPLINE_CURVE_WITH_KNOTS ( ( 3, 2, 2, 2, 3 ),
 ( 0.5500000000000004885, 0.5583333333333337922, 0.5666666666666670960, 0.5750000000000003997, 0.5833333333333338144 ),
 .UNSPECIFIED. ) 
 CURVE ( )  GEOMETRIC_REPRESENTATION_ITEM ( )  RATIONAL_B_SPLINE_CURVE ( ( 0.9999999999999958922, 0.9238795325112908463, 1.000000000000000000, 0.9238795325112867385, 1.000000000000000000, 0.9238795325112867385, 1.000000000000000000, 0.9238795325112826307, 1.000000000000003997 ) ) 
 REPRESENTATION_ITEM ( '' )  );
#2446 = CARTESIAN_POINT ( 'NONE',  ( 1.035533905932739085, 72.56250000273118417, 2.500000000000000000 ) ) ;
#2447 = LINE ( 'NONE', #3255, #562 ) ;
#2448 = PRODUCT_DEFINITION ( 'UNKNOWN', '', #334, #3923 ) ;
#2449 = CARTESIAN_POINT ( 'NONE',  ( -2.150499723603738200, 66.81250000136559208, 2.150499723603739533 ) ) ;
#2450 = ORIENTED_EDGE ( 'NONE', *, *, #1264, .T. ) ;
#2451 = FACE_OUTER_BOUND ( 'NONE', #6208, .T. ) ;
#2452 = CARTESIAN_POINT ( 'NONE',  ( 5.586714778762236360E-16, 65.81250000136559208, 3.041265875000000118 ) ) ;
#2453 = CYLINDRICAL_SURFACE ( 'NONE', #930, 9.704347826086955564 ) ;
#2454 = CYLINDRICAL_SURFACE ( 'NONE', #5911, 9.000000000000000000 ) ;
#2455 = CARTESIAN_POINT ( 'NONE',  ( 1.259733572207479835, 75.87500000136560629, 3.041265874999999230 ) ) ;
#2456 = CARTESIAN_POINT ( 'NONE',  ( -2.150499723603738200, 75.68750000136559208, 2.150499723603739533 ) ) ;
#2457 = DIRECTION ( 'NONE',  ( 0.9969173337329316764, 3.873802021453797173E-16, -0.07845909573033950368 ) ) ;
#2458 = CARTESIAN_POINT ( 'NONE',  ( -3.041265875000000118, 78.68750000136559208, 0.000000000000000000 ) ) ;
#2459 = CARTESIAN_POINT ( 'NONE',  ( -1.259733572207478058, 70.50000000136559208, -3.041265875000000563 ) ) ;
#2460 = VERTEX_POINT ( 'NONE', #3530 ) ;
#2461 = VECTOR ( 'NONE', #9617, 1000.000000000000000 ) ;
#2462 = DIRECTION ( 'NONE',  ( -0.9606447433647389289, -0.2777799075629747705, 0.000000000000000000 ) ) ;
#2463 = EDGE_CURVE ( 'NONE', #6112, #3028, #6910, .T. ) ;
#2464 = CARTESIAN_POINT ( 'NONE',  ( -3.041265874999999674, 68.62500000136560629, -1.259733572207478058 ) ) ;
#2465 = CARTESIAN_POINT ( 'NONE',  ( 11.00000000000001421, 79.50000000000001421, 14.49999999999999467 ) ) ;
#2466 = AXIS2_PLACEMENT_3D ( 'NONE', #2443, #7079, #7234 ) ;
#2467 = LINE ( 'NONE', #9634, #5158 ) ;
#2468 = LINE ( 'NONE', #8069, #9506 ) ;
#2469 = PLANE ( 'NONE',  #6188 ) ;
#2470 = DIRECTION ( 'NONE',  ( 2.501589552824417682E-12, 9.460304020253028666E-28, 1.000000000000000000 ) ) ;
#2471 = AXIS2_PLACEMENT_3D ( 'NONE', #10005, #3029, #5384 ) ;
#2472 = CARTESIAN_POINT ( 'NONE',  ( -1.530808498934191571E-16, 76.75000000000000000, -2.500000000000000000 ) ) ;
#2473 = ORIENTED_EDGE ( 'NONE', *, *, #915, .F. ) ;
#2474 = ORIENTED_EDGE ( 'NONE', *, *, #1136, .F. ) ;
#2475 = VECTOR ( 'NONE', #10067, 1000.000000000000114 ) ;
#2476 = VERTEX_POINT ( 'NONE', #381 ) ;
#2477 = CARTESIAN_POINT ( 'NONE',  ( -1.035533905932742194, 79.18750000000001421, 2.499999999999995559 ) ) ;
#2478 = DIRECTION ( 'NONE',  ( 0.9256659661250522531, 0.3783418020226862466, 0.000000000000000000 ) ) ;
#2479 = DIRECTION ( 'NONE',  ( 0.9634848649536337239, 0.2677627961559977399, 0.000000000000000000 ) ) ;
#2480 = CARTESIAN_POINT ( 'NONE',  ( 2.500000000000000444, 65.68750000273118417, 1.035533905932737309 ) ) ;
#2481 = ORIENTED_EDGE ( 'NONE', *, *, #138, .F. ) ;
#2482 = DIRECTION ( 'NONE',  ( -3.885780586188047891E-16, 1.000000000000000000, 2.603240987229339518E-29 ) ) ;
#2483 = DIRECTION ( 'NONE',  ( 5.551115123125783935E-17, -6.662983475941639612E-17, -1.000000000000000000 ) ) ;
#2484 = CARTESIAN_POINT ( 'NONE',  ( 2.150499723603739533, 67.93750000136560629, 2.150499723603738644 ) ) ;
#2485 = DIRECTION ( 'NONE',  ( -1.665334536937734071E-16, 4.229157726022815470E-17, 1.000000000000000000 ) ) ;
#2486 = ORIENTED_EDGE ( 'NONE', *, *, #9658, .F. ) ;
#2487 = VERTEX_POINT ( 'NONE', #3628 ) ;
#2488 = VERTEX_POINT ( 'NONE', #6696 ) ;
#2489 = DIRECTION ( 'NONE',  ( -1.000000000000000000, 0.000000000000000000, 0.000000000000000000 ) ) ;
#2490 = CARTESIAN_POINT ( 'NONE',  ( -1.530808498934191571E-16, 66.00000000273119838, -2.500000000000000000 ) ) ;
#2491 = PLANE ( 'NONE',  #3605 ) ;
#2492 = EDGE_CURVE ( 'NONE', #7652, #4951, #1378, .T. ) ;
#2493 = CIRCLE ( 'NONE', #5104, 11.00000000000000000 ) ;
#2494 = CARTESIAN_POINT ( 'NONE',  ( -3.968626966596887851, 5.000000000000000000, -4.500000000000000000 ) ) ;
#2495 = CARTESIAN_POINT ( 'NONE',  ( -2.500000000000000000, 73.31250000273122680, 1.035533905932739307 ) ) ;
#2496 = DIRECTION ( 'NONE',  ( -1.665334536937734071E-16, 4.229157726022815470E-17, 1.000000000000000000 ) ) ;
#2497 = EDGE_CURVE ( 'NONE', #1468, #6633, #9698, .T. ) ;
#2498 = AXIS2_PLACEMENT_3D ( 'NONE', #5085, #4412, #5942 ) ;
#2499 = ADVANCED_FACE ( 'NONE', ( #483 ), #5447, .T. ) ;
#2500 = CARTESIAN_POINT ( 'NONE',  ( -1.259733572207478502, 66.87500000136559208, 3.041265874999999230 ) ) ;
#2501 = VERTEX_POINT ( 'NONE', #7362 ) ;
#2502 = FACE_OUTER_BOUND ( 'NONE', #9642, .T. ) ;
#2503 = CARTESIAN_POINT ( 'NONE',  ( -1.862238259587412120E-16, 68.31250000136560629, -3.041265875000000118 ) ) ;
#2504 = CIRCLE ( 'NONE', #3798, 5.999999999999999112 ) ;
#2505 = EDGE_CURVE ( 'NONE', #4421, #5359, #5127, .T. ) ;
#2506 = CARTESIAN_POINT ( 'NONE',  ( 0.000000000000000000, 70.00000000000000000, 0.000000000000000000 ) ) ;
#2507 = CARTESIAN_POINT ( 'NONE',  ( 1.767766952966368654, 73.62500000000000000, -1.767766952966369098 ) ) ;
#2508 = CARTESIAN_POINT ( 'NONE',  ( 2.150499723603739533, 75.93750000136559208, 2.150499723603738644 ) ) ;
#2509 = CARTESIAN_POINT ( 'NONE',  ( 1.259733572207479835, 77.87500000136559208, 3.041265874999999230 ) ) ;
#2510 = DIRECTION ( 'NONE',  ( -2.501589552824417682E-12, -9.460304020253028666E-28, -1.000000000000000000 ) ) ;
#2511 = CARTESIAN_POINT ( 'NONE',  ( -2.500000000000000000, 65.00000000000000000, 0.000000000000000000 ) ) ;
#2512 = CARTESIAN_POINT ( 'NONE',  ( -3.041265874999999230, 71.75000000136559208, 1.259733572207480057 ) ) ;
#2513 = ORIENTED_EDGE ( 'NONE', *, *, #1793, .F. ) ;
#2514 = DIRECTION ( 'NONE',  ( 0.9634848649536336129, 0.2677627961559977954, 0.000000000000000000 ) ) ;
#2515 = AXIS2_PLACEMENT_3D ( 'NONE', #4299, #8884, #2822 ) ;
#2516 = CARTESIAN_POINT ( 'NONE',  ( -1.862238259587412120E-16, 66.43750000136559208, -3.041265875000000118 ) ) ;
#2517 = CARTESIAN_POINT ( 'NONE',  ( -6.797912146996572424, 100.0590533166648157, -21.40000000000000213 ) ) ;
#2518 = DIRECTION ( 'NONE',  ( -0.4888958147463141057, -0.8723421819008512212, -1.855174205273593835E-16 ) ) ;
#2519 = FACE_OUTER_BOUND ( 'NONE', #9600, .T. ) ;
#2520 = CARTESIAN_POINT ( 'NONE',  ( 1.035533905932739085, 78.31250000000000000, 2.500000000000000000 ) ) ;
#2521 = ORIENTED_EDGE ( 'NONE', *, *, #295, .F. ) ;
#2522 = ORIENTED_EDGE ( 'NONE', *, *, #2310, .T. ) ;
#2523 = ORIENTED_EDGE ( 'NONE', *, *, #1443, .F. ) ;
#2524 = CARTESIAN_POINT ( 'NONE',  ( 1.259733572207479835, 78.00000000136559208, 3.041265874999999230 ) ) ;
#2525 = CARTESIAN_POINT ( 'NONE',  ( 11.00000000000001421, 99.00000000000001421, -19.50000000000000355 ) ) ;
#2526 = DIRECTION ( 'NONE',  ( 0.5000000000021651569, 1.942890293102211582E-16, 0.8660254037831885965 ) ) ;
#2527 = CARTESIAN_POINT ( 'NONE',  ( 1.035533905932737531, 64.93750000273118417, -2.500000000000000444 ) ) ;
#2528 = EDGE_LOOP ( 'NONE', ( #8846, #9679, #8650, #58 ) ) ;
#2529 = CARTESIAN_POINT ( 'NONE',  ( 0.6041766542499337200, 94.23817570982936331, 21.39999999999999858 ) ) ;
#2530 = CARTESIAN_POINT ( 'NONE',  ( 6.808341929702590001, 99.98978970194519889, -21.39999999999999858 ) ) ;
#2531 = VECTOR ( 'NONE', #4849, 1000.000000000000114 ) ;
#2532 = EDGE_CURVE ( 'NONE', #5630, #2135, #692, .T. ) ;
#2533 = CARTESIAN_POINT ( 'NONE',  ( 1.259733572207479835, 64.87500000136559208, 3.041265874999999230 ) ) ;
#2534 = PLANE ( 'NONE',  #2698 ) ;
#2535 = ORIENTED_EDGE ( 'NONE', *, *, #6340, .T. ) ;
#2536 = ORIENTED_EDGE ( 'NONE', *, *, #2376, .T. ) ;
#2537 = EDGE_LOOP ( 'NONE', ( #887, #9711, #7992, #1565 ) ) ;
#2538 = VECTOR ( 'NONE', #4884, 1000.000000000000000 ) ;
#2539 = CARTESIAN_POINT ( 'NONE',  ( 1.083286345648932762E-14, 99.00000000000001421, 19.70000000000001350 ) ) ;
#2540 = CARTESIAN_POINT ( 'NONE',  ( -3.398024313164283547E-12, 78.90000000000001990, -1.219500000000000028 ) ) ;
#2541 = EDGE_CURVE ( 'NONE', #10015, #7337, #2007, .T. ) ;
#2542 = CARTESIAN_POINT ( 'NONE',  ( 2.500000000000000444, 78.56250000000002842, -1.035533905932737975 ) ) ;
#2543 = CARTESIAN_POINT ( 'NONE',  ( -5.034382250536990202E-15, 80.51662401574805017, 1.934234859304755356E-26 ) ) ;
#2544 = CARTESIAN_POINT ( 'NONE',  ( -1.154700538379245911, 82.51000000000003354, 2.888699731742787646E-12 ) ) ;
#2545 = DIRECTION ( 'NONE',  ( 0.000000000000000000, 0.000000000000000000, 1.000000000000000000 ) ) ;
#2546 = VECTOR ( 'NONE', #945, 1000.000000000000000 ) ;
#2547 = AXIS2_PLACEMENT_3D ( 'NONE', #6837, #2306, #8470 ) ;
#2548 = CARTESIAN_POINT ( 'NONE',  ( -2.150499723603739088, 70.56250000136560629, -2.150499723603739088 ) ) ;
#2549 = ORIENTED_EDGE ( 'NONE', *, *, #9785, .T. ) ;
#2550 = CARTESIAN_POINT ( 'NONE',  ( -2.488814212820116341E-16, 98.99999999999998579, 21.49999999999998579 ) ) ;
#2551 = EDGE_CURVE ( 'NONE', #5872, #4207, #1052, .T. ) ;
#2552 = CARTESIAN_POINT ( 'NONE',  ( -1.862238259587412120E-16, 67.31250000136560629, -3.041265875000000118 ) ) ;
#2553 = DIRECTION ( 'NONE',  ( -1.665334536937734071E-16, 4.229157726022815470E-17, 1.000000000000000000 ) ) ;
#2554 = DIRECTION ( 'NONE',  ( -1.665334536937734071E-16, 4.229157726022815470E-17, 1.000000000000000000 ) ) ;
#2555 = EDGE_CURVE ( 'NONE', #8025, #1051, #731, .T. ) ;
#2556 = CARTESIAN_POINT ( 'NONE',  ( 1.259733572207479835, 74.87500000136560629, 3.041265874999999230 ) ) ;
#2557 = ORIENTED_EDGE ( 'NONE', *, *, #5673, .F. ) ;
#2558 = CARTESIAN_POINT ( 'NONE',  ( 3.041265875000000118, 76.06250000136559208, -3.724476519174824240E-16 ) ) ;
#2559 = DIRECTION ( 'NONE',  ( -3.654459117618455439E-16, 1.199456548643360156E-16, 1.000000000000000000 ) ) ;
#2560 = EDGE_CURVE ( 'NONE', #8543, #6861, #4636, .T. ) ;
#2561 = CARTESIAN_POINT ( 'NONE',  ( -2.500000000000000000, 67.06250000000000000, 1.035533905932739307 ) ) ;
#2562 = CARTESIAN_POINT ( 'NONE',  ( 1.259733572207479835, 70.00000000136557787, 3.041265874999999230 ) ) ;
#2563 = VERTEX_POINT ( 'NONE', #2202 ) ;
#2564 = CIRCLE ( 'NONE', #5980, 8.999999999999994671 ) ;
#2565 = CARTESIAN_POINT ( 'NONE',  ( 10.50000000000001421, 80.00000000000001421, 14.49999999999999467 ) ) ;
#2566 = CIRCLE ( 'NONE', #4354, 0.1000000000000000472 ) ;
#2567 = CARTESIAN_POINT ( 'NONE',  ( 3.041265874999999674, 65.25000000136559208, -1.259733572207478280 ) ) ;
#2568 = CARTESIAN_POINT ( 'NONE',  ( -6.143273330438597911E-16, 98.99999999999998579, 22.49999999999998579 ) ) ;
#2569 = CARTESIAN_POINT ( 'NONE',  ( 3.211632350503328181E-14, 99.00000000000000000, -21.40000000000000213 ) ) ;
#2570 = DIRECTION ( 'NONE',  ( 0.9634848649536335019, 0.2677627961559984060, 0.000000000000000000 ) ) ;
#2571 = CARTESIAN_POINT ( 'NONE',  ( -2.500000000000000000, 69.06250000000000000, 1.035533905932739307 ) ) ;
#2572 = CARTESIAN_POINT ( 'NONE',  ( 1.035533905932737531, 79.68750000000001421, -2.500000000000000444 ) ) ;
#2573 = VERTEX_POINT ( 'NONE', #629 ) ;
#2574 = EDGE_LOOP ( 'NONE', ( #4356, #5714, #6583, #469 ) ) ;
#2575 = ORIENTED_EDGE ( 'NONE', *, *, #2624, .T. ) ;
#2576 = CARTESIAN_POINT ( 'NONE',  ( 5.586714778762236360E-16, 75.93750000136559208, 3.041265875000000118 ) ) ;
#2577 = APPROVAL_ROLE ( '' ) ;
#2578 = CARTESIAN_POINT ( 'NONE',  ( -2.933374888477885190, 93.76594690859488423, 21.49999999999998579 ) ) ;
#2579 = CARTESIAN_POINT ( 'NONE',  ( -1.767766952966369098, 66.12500000273119838, -1.767766952966369098 ) ) ;
#2580 = ORIENTED_EDGE ( 'NONE', *, *, #5027, .F. ) ;
#2581 = CARTESIAN_POINT ( 'NONE',  ( 2.487000723523302259, 104.4602955415613366, -21.50000000000001066 ) ) ;
#2582 = CARTESIAN_POINT ( 'NONE',  ( -7.804227406124428335, 96.83112135113643149, 68.00000000000000000 ) ) ;
#2583 = CARTESIAN_POINT ( 'NONE',  ( -2.500000000000000000, 79.25000000273118417, 0.000000000000000000 ) ) ;
#2584 = CARTESIAN_POINT ( 'NONE',  ( 10.50000000000001421, 76.25000000000001421, 16.99999999999999645 ) ) ;
#2585 = ORIENTED_EDGE ( 'NONE', *, *, #8389, .T. ) ;
#2586 = ORIENTED_EDGE ( 'NONE', *, *, #4529, .F. ) ;
#2587 = VERTEX_POINT ( 'NONE', #732 ) ;
#2588 = DIRECTION ( 'NONE',  ( 5.551115123125783935E-17, -6.662983475941639612E-17, -1.000000000000000000 ) ) ;
#2589 = EDGE_CURVE ( 'NONE', #7677, #8869, #7558, .T. ) ;
#2590 = CARTESIAN_POINT ( 'NONE',  ( 1.561251128379126385E-14, 99.00000000000001421, 19.20000000000000639 ) ) ;
#2591 = CARTESIAN_POINT ( 'NONE',  ( -1.530808498934191571E-16, 75.00000000273118417, -2.500000000000000000 ) ) ;
#2592 = VECTOR ( 'NONE', #9699, 1000.000000000000000 ) ;
#2593 = CARTESIAN_POINT ( 'NONE',  ( -1.035533905932748411, 66.81250000000000000, -2.499999999999989786 ) ) ;
#2594 = CARTESIAN_POINT ( 'NONE',  ( 2.150499723603738644, 65.31250000136559208, -2.150499723603739088 ) ) ;
#2595 = CARTESIAN_POINT ( 'NONE',  ( 0.000000000000000000, 70.00000000000000000, 2.500000000000000000 ) ) ;
#2596 = CARTESIAN_POINT ( 'NONE',  ( 3.041265875000000118, 70.18750000136560629, -3.724476519174824240E-16 ) ) ;
#2597 = VECTOR ( 'NONE', #3694, 1000.000000000000000 ) ;
#2598 = ORIENTED_EDGE ( 'NONE', *, *, #2616, .F. ) ;
#2599 = CARTESIAN_POINT ( 'NONE',  ( 1.896536728322030728E-16, 98.99999999999998579, 20.29999999999998295 ) ) ;
#2600 = CARTESIAN_POINT ( 'NONE',  ( 1.259733572207479835, 68.87500000136559208, 3.041265874999999230 ) ) ;
#2601 = FACE_OUTER_BOUND ( 'NONE', #6254, .T. ) ;
#2602 = CARTESIAN_POINT ( 'NONE',  ( 2.150499723603739533, 74.93750000136559208, 2.150499723603738644 ) ) ;
#2603 = AXIS2_PLACEMENT_3D ( 'NONE', #2294, #9979, #5408 ) ;
#2604 = ORIENTED_EDGE ( 'NONE', *, *, #3482, .F. ) ;
#2605 = CARTESIAN_POINT ( 'NONE',  ( 3.041265874999999674, 77.12500000136559208, -1.259733572207478280 ) ) ;
#2606 = AXIS2_PLACEMENT_3D ( 'NONE', #645, #5280, #1563 ) ;
#2607 = CARTESIAN_POINT ( 'NONE',  ( 4.592425496802573972E-16, 67.50000000273119838, 2.500000000000000000 ) ) ;
#2608 = CARTESIAN_POINT ( 'NONE',  ( 4.592425496802573972E-16, 65.25000000000000000, 2.500000000000000000 ) ) ;
#2609 = CARTESIAN_POINT ( 'NONE',  ( 2.150499723603738644, 71.31250000136560629, -2.150499723603739088 ) ) ;
#2610 = ORIENTED_EDGE ( 'NONE', *, *, #9035, .F. ) ;
#2611 = DIRECTION ( 'NONE',  ( 2.501589552824417278E-12, 0.000000000000000000, 1.000000000000000000 ) ) ;
#2612 = AXIS2_PLACEMENT_3D ( 'NONE', #6879, #1538, #4822 ) ;
#2613 = CARTESIAN_POINT ( 'NONE',  ( 1.259733572207479835, 78.87500000136560629, 3.041265874999999230 ) ) ;
#2614 = DIRECTION ( 'NONE',  ( 0.000000000000000000, 0.000000000000000000, 1.000000000000000000 ) ) ;
#2615 = CARTESIAN_POINT ( 'NONE',  ( -1.530808498934191571E-16, 72.00000000273118417, -2.500000000000000000 ) ) ;
#2616 = EDGE_CURVE ( 'NONE', #265, #9136, #680, .T. ) ;
#2617 = CARTESIAN_POINT ( 'NONE',  ( 8.982984506048362405, 102.6715604439766878, 20.30000000000000071 ) ) ;
#2618 = LINE ( 'NONE', #4204, #4570 ) ;
#2619 = EDGE_CURVE ( 'NONE', #4962, #3145, #8472, .T. ) ;
#2620 = AXIS2_PLACEMENT_3D ( 'NONE', #8509, #9318, #6011 ) ;
#2621 = CARTESIAN_POINT ( 'NONE',  ( -1.767766952966369098, 78.87500000000000000, -1.767766952966369098 ) ) ;
#2622 = ORIENTED_EDGE ( 'NONE', *, *, #3716, .T. ) ;
#2623 = EDGE_LOOP ( 'NONE', ( #4935, #2557 ) ) ;
#2624 = EDGE_CURVE ( 'NONE', #3953, #143, #8372, .T. ) ;
#2625 = CARTESIAN_POINT ( 'NONE',  ( 1.618223656202282701, 100.8647014917239630, -12.50000000000001243 ) ) ;
#2626 = VECTOR ( 'NONE', #3749, 1000.000000000000000 ) ;
#2627 = CARTESIAN_POINT ( 'NONE',  ( 5.586714778762236360E-16, 76.93750000136559208, 3.041265875000000118 ) ) ;
#2628 = APPROVAL_ROLE ( '' ) ;
#2629 = CC_DESIGN_DATE_AND_TIME_ASSIGNMENT ( #1005, #2780, ( #2448 ) ) ;
#2630 = AXIS2_PLACEMENT_3D ( 'NONE', #3274, #8019, #2666 ) ;
#2631 = CYLINDRICAL_SURFACE ( 'NONE', #5474, 2.849999999999996980 ) ;
#2632 = CARTESIAN_POINT ( 'NONE',  ( -2.500000000000000444, 67.18750000273118417, -1.035533905932737753 ) ) ;
#2633 = ORIENTED_EDGE ( 'NONE', *, *, #2120, .T. ) ;
#2634 = CARTESIAN_POINT ( 'NONE',  ( 1.985792177107727192E-14, 99.00000000000002842, 20.29999999999999716 ) ) ;
#2635 = DIRECTION ( 'NONE',  ( -2.501589552824417682E-12, -9.460304020253028666E-28, -1.000000000000000000 ) ) ;
#2636 = CARTESIAN_POINT ( 'NONE',  ( -3.041265874999999674, 65.50000000136559208, -1.259733572207478058 ) ) ;
#2637 = AXIS2_PLACEMENT_3D ( 'NONE', #6103, #6864, #9965 ) ;
#2638 = DIRECTION ( 'NONE',  ( 1.000000000000000000, 3.885780586188047891E-16, -2.501589552824417682E-12 ) ) ;
#2639 = EDGE_LOOP ( 'NONE', ( #5311, #3633, #9050, #2838 ) ) ;
#2640 = VERTEX_POINT ( 'NONE', #1450 ) ;
#2641 = DIRECTION ( 'NONE',  ( -0.9606447433647388179, -0.2777799075629753811, 0.000000000000000000 ) ) ;
#2642 = CARTESIAN_POINT ( 'NONE',  ( -0.5773502691871216230, 82.51000000000003354, 1.000000000001442402 ) ) ;
#2643 = CARTESIAN_POINT ( 'NONE',  ( 1.583073869623919082E-14, 98.99999999999998579, -22.50000000000001421 ) ) ;
#2644 = ORIENTED_EDGE ( 'NONE', *, *, #6299, .F. ) ;
#2645 = CARTESIAN_POINT ( 'NONE',  ( 1.561251128379126385E-14, 99.00000000000001421, -15.00000000000000533 ) ) ;
#2646 = CARTESIAN_POINT ( 'NONE',  ( 3.041265875000000118, 65.18750000136559208, -3.724476519174824240E-16 ) ) ;
#2647 = CARTESIAN_POINT ( 'NONE',  ( 0.7458814743014315907, 101.3535973064702773, -12.50000000000001243 ) ) ;
#2648 = EDGE_CURVE ( 'NONE', #1050, #4528, #4140, .T. ) ;
#2649 = CARTESIAN_POINT ( 'NONE',  ( 1.259733572207479835, 65.00000000136559208, 3.041265874999999230 ) ) ;
#2650 = ORIENTED_EDGE ( 'NONE', *, *, #4555, .T. ) ;
#2651 = DIRECTION ( 'NONE',  ( 0.000000000000000000, 1.000000000000000000, 0.000000000000000000 ) ) ;
#2652 = CARTESIAN_POINT ( 'NONE',  ( -3.041265874999999674, 67.50000000136559208, -1.259733572207478058 ) ) ;
#2653 = CARTESIAN_POINT ( 'NONE',  ( 3.718748950968529777E-14, 99.00000000000001421, -20.00000000000000000 ) ) ;
#2654 = ORIENTED_EDGE ( 'NONE', *, *, #3297, .T. ) ;
#2655 = CARTESIAN_POINT ( 'NONE',  ( -1.530808498934191571E-16, 72.75000000000000000, -2.500000000000000000 ) ) ;
#2656 = CARTESIAN_POINT ( 'NONE',  ( -2.150499723603739088, 71.43750000136559208, -2.150499723603739088 ) ) ;
#2657 = ORIENTED_EDGE ( 'NONE', *, *, #6356, .F. ) ;
#2658 = EDGE_CURVE ( 'NONE', #1469, #5425, #3001, .T. ) ;
#2659 = DIRECTION ( 'NONE',  ( -2.501467088144501508E-12, 0.000000000000000000, -1.000000000000000000 ) ) ;
#2660 = CARTESIAN_POINT ( 'NONE',  ( -1.035533905932738197, 66.18749999999998579, 2.500000000000000000 ) ) ;
#2661 = CARTESIAN_POINT ( 'NONE',  ( 5.586714778762236360E-16, 72.93750000136559208, 3.041265875000000118 ) ) ;
#2662 = ORIENTED_EDGE ( 'NONE', *, *, #3787, .F. ) ;
#2663 = CIRCLE ( 'NONE', #8684, 6.850000000000000533 ) ;
#2664 = CARTESIAN_POINT ( 'NONE',  ( 1.259733572207478058, 76.37500000136562051, -3.041265875000000563 ) ) ;
#2665 = CARTESIAN_POINT ( 'NONE',  ( -1.862238259587412120E-16, 65.43750000136559208, -3.041265875000000118 ) ) ;
#2666 = DIRECTION ( 'NONE',  ( 0.9634848649536335019, 0.2677627961559984060, 0.000000000000000000 ) ) ;
#2667 = EDGE_CURVE ( 'NONE', #8693, #7636, #2447, .T. ) ;
#2668 = DIRECTION ( 'NONE',  ( 0.9634848649536335019, 0.2677627961559984060, 0.000000000000000000 ) ) ;
#2669 = DIRECTION ( 'NONE',  ( 1.000000000000000000, 0.000000000000000000, -0.000000000000000000 ) ) ;
#2670 = LINE ( 'NONE', #5778, #4270 ) ;
#2671 = CARTESIAN_POINT ( 'NONE',  ( -2.500000000000000000, 78.00000000000000000, 0.000000000000000000 ) ) ;
#2672 = ORIENTED_EDGE ( 'NONE', *, *, #2720, .T. ) ;
#2673 = ORIENTED_EDGE ( 'NONE', *, *, #576, .F. ) ;
#2674 = VECTOR ( 'NONE', #4763, 1000.000000000000000 ) ;
#2675 = DIRECTION ( 'NONE',  ( -0.9999870432906647899, 0.005090505946798766501, 0.000000000000000000 ) ) ;
#2676 = CARTESIAN_POINT ( 'NONE',  ( 1.259733572207478058, 78.37500000136562051, -3.041265874999999674 ) ) ;
#2677 =( NAMED_UNIT ( * ) SI_UNIT ( $, .STERADIAN. ) SOLID_ANGLE_UNIT ( ) );
#2678 = ADVANCED_FACE ( 'NONE', ( #7946 ), #5653, .F. ) ;
#2679 = CARTESIAN_POINT ( 'NONE',  ( 2.904144476039273393, 95.17822752347940707, 20.29999999999999716 ) ) ;
#2680 = CARTESIAN_POINT ( 'NONE',  ( -1.767766952966368432, 64.37500000273119838, 1.767766952966369320 ) ) ;
#2681 = ORIENTED_EDGE ( 'NONE', *, *, #5847, .F. ) ;
#2682 = CARTESIAN_POINT ( 'NONE',  ( 3.968626966596887851, 80.00000000000000000, 4.500000000000000000 ) ) ;
#2683 = EDGE_CURVE ( 'NONE', #4233, #9915, #7999, .T. ) ;
#2684 = DIRECTION ( 'NONE',  ( 0.7071067811865474617, -6.204110788218154175E-17, -0.7071067811865474617 ) ) ;
#2685 = CARTESIAN_POINT ( 'NONE',  ( -0.1599655505260096089, 92.12194689548945803, 20.29999999999999716 ) ) ;
#2686 = ORIENTED_EDGE ( 'NONE', *, *, #1616, .T. ) ;
#2687 = ADVANCED_FACE ( 'NONE', ( #7238 ), #9371, .T. ) ;
#2688 = ORIENTED_EDGE ( 'NONE', *, *, #9372, .T. ) ;
#2689 = AXIS2_PLACEMENT_3D ( 'NONE', #888, #8728, #3169 ) ;
#2690 = CYLINDRICAL_SURFACE ( 'NONE', #5526, 2.500000000000000000 ) ;
#2691 = DIRECTION ( 'NONE',  ( 1.000000000000000000, 0.000000000000000000, 0.000000000000000000 ) ) ;
#2692 = AXIS2_PLACEMENT_3D ( 'NONE', #9049, #2070, #5187 ) ;
#2693 = CARTESIAN_POINT ( 'NONE',  ( -10.99999999999998401, 110.0000000000000142, -15.00000000000000355 ) ) ;
#2694 = ORIENTED_EDGE ( 'NONE', *, *, #9765, .F. ) ;
#2695 = CARTESIAN_POINT ( 'NONE',  ( 2.500000000000000444, 77.56250000000001421, -1.035533905932737975 ) ) ;
#2696 = DIRECTION ( 'NONE',  ( -0.5000000000021653790, -1.942890293102212322E-16, -0.8660254037831884855 ) ) ;
#2697 = CARTESIAN_POINT ( 'NONE',  ( 2.500000000000000444, 78.81250000273119838, -1.035533905932737975 ) ) ;
#2698 = AXIS2_PLACEMENT_3D ( 'NONE', #8751, #7989, #1165 ) ;
#2699 = CARTESIAN_POINT ( 'NONE',  ( 2.150499723603738644, 66.31250000136559208, -2.150499723603739088 ) ) ;
#2700 = ORIENTED_EDGE ( 'NONE', *, *, #7479, .F. ) ;
#2701 = CYLINDRICAL_SURFACE ( 'NONE', #9452, 2.500000000000000000 ) ;
#2702 = CARTESIAN_POINT ( 'NONE',  ( 2.500000000000000444, 66.56250000000000000, -1.035533905932737975 ) ) ;
#2703 = CARTESIAN_POINT ( 'NONE',  ( 4.093034312038458467, 79.83309882937317070, -4.833098829373135175 ) ) ;
#2704 = VERTEX_POINT ( 'NONE', #9473 ) ;
#2705 = DIRECTION ( 'NONE',  ( -1.000000000000000000, -9.398538128609710963E-32, -0.000000000000000000 ) ) ;
#2706 = CARTESIAN_POINT ( 'NONE',  ( 3.041265875000000118, 71.06250000136560629, -3.724476519174824240E-16 ) ) ;
#2707 = ORIENTED_EDGE ( 'NONE', *, *, #432, .T. ) ;
#2708 = VECTOR ( 'NONE', #2063, 1000.000000000000000 ) ;
#2709 = CARTESIAN_POINT ( 'NONE',  ( 3.359342905424154146, 103.9713997268150223, -21.50000000000001066 ) ) ;
#2710 = ORIENTED_EDGE ( 'NONE', *, *, #6243, .F. ) ;
#2711 = CARTESIAN_POINT ( 'NONE',  ( -2.150499723603738200, 74.81250000136559208, 2.150499723603739533 ) ) ;
#2712 = CARTESIAN_POINT ( 'NONE',  ( 3.041265875000000118, 68.18750000136560629, -3.724476519174824240E-16 ) ) ;
#2713 = ORIENTED_EDGE ( 'NONE', *, *, #5521, .T. ) ;
#2714 = CARTESIAN_POINT ( 'NONE',  ( -1.862238259587412120E-16, 78.43750000136559208, -3.041265875000000118 ) ) ;
#2715 = CIRCLE ( 'NONE', #4017, 0.9999999999999997780 ) ;
#2716 = AXIS2_PLACEMENT_3D ( 'NONE', #7143, #1085, #3213 ) ;
#2717 = CARTESIAN_POINT ( 'NONE',  ( 1.259733572207478058, 74.25000000136559208, -3.041265874999999674 ) ) ;
#2718 = CARTESIAN_POINT ( 'NONE',  ( 4.592425496802573972E-16, 75.25000000000000000, 2.500000000000000000 ) ) ;
#2719 = AXIS2_PLACEMENT_3D ( 'NONE', #1368, #8343, #6055 ) ;
#2720 = EDGE_CURVE ( 'NONE', #9302, #4002, #7069, .T. ) ;
#2721 = CARTESIAN_POINT ( 'NONE',  ( -3.968626966596887851, 80.00000000000000000, 4.500000000000000000 ) ) ;
#2722 = FACE_OUTER_BOUND ( 'NONE', #6192, .T. ) ;
#2723 = LINE ( 'NONE', #6745, #6382 ) ;
#2724 = CIRCLE ( 'NONE', #1593, 0.9999999999999997780 ) ;
#2725 = CARTESIAN_POINT ( 'NONE',  ( -1.530808498934191571E-16, 73.75000000000000000, -2.500000000000000000 ) ) ;
#2726 = AXIS2_PLACEMENT_3D ( 'NONE', #5451, #7833, #7025 ) ;
#2727 = ORIENTED_EDGE ( 'NONE', *, *, #3233, .F. ) ;
#2728 = ORIENTED_EDGE ( 'NONE', *, *, #7699, .T. ) ;
#2729 = ADVANCED_FACE ( 'NONE', ( #6273 ), #1026, .F. ) ;
#2730 = CARTESIAN_POINT ( 'NONE',  ( 3.041265875000001007, 76.12500000136559208, 1.259733572207477836 ) ) ;
#2731 = DIRECTION ( 'NONE',  ( -0.9606447433647388179, -0.2777799075629752701, 5.551115123125782702E-17 ) ) ;
#2732 = VECTOR ( 'NONE', #3240, 1000.000000000000114 ) ;
#2733 = DIRECTION ( 'NONE',  ( -3.885780586188047891E-16, 1.065500303100115213E-16, 1.000000000000000000 ) ) ;
#2734 = ORIENTED_EDGE ( 'NONE', *, *, #2872, .T. ) ;
#2735 = CARTESIAN_POINT ( 'NONE',  ( -10.49999999999998401, 99.00000000000001421, -20.00000000000000355 ) ) ;
#2736 = CARTESIAN_POINT ( 'NONE',  ( 2.500000000000000444, 75.68750000273119838, 1.035533905932737309 ) ) ;
#2737 = DIRECTION ( 'NONE',  ( 5.551115123125783935E-17, -6.662983475941639612E-17, -1.000000000000000000 ) ) ;
#2738 = VERTEX_POINT ( 'NONE', #1789 ) ;
#2739 = EDGE_CURVE ( 'NONE', #5631, #4238, #7877, .T. ) ;
#2740 = VERTEX_POINT ( 'NONE', #3153 ) ;
#2741 = ADVANCED_FACE ( 'NONE', ( #871 ), #4894, .T. ) ;
#2742 = CYLINDRICAL_SURFACE ( 'NONE', #329, 9.750000000000000000 ) ;
#2743 = CARTESIAN_POINT ( 'NONE',  ( 11.00000000000001421, 99.00000000000001421, 20.00000000000000000 ) ) ;
#2744 = DIRECTION ( 'NONE',  ( -2.771172519036345232E-16, 8.684692346097759303E-17, 1.000000000000000000 ) ) ;
#2745 = CARTESIAN_POINT ( 'NONE',  ( 1.035533905932716436, 67.68750000000000000, -2.500000000000020872 ) ) ;
#2746 = ORIENTED_EDGE ( 'NONE', *, *, #548, .F. ) ;
#2747 = DIRECTION ( 'NONE',  ( 0.9999870432906646789, -0.005090505946802467534, 0.000000000000000000 ) ) ;
#2748 = CYLINDRICAL_SURFACE ( 'NONE', #1365, 2.500000000000000000 ) ;
#2749 = DIRECTION ( 'NONE',  ( 0.9634848649536335019, 0.2677627961559984060, 0.000000000000000000 ) ) ;
#2750 = ADVANCED_FACE ( 'NONE', ( #4076 ), #7188, .F. ) ;
#2751 = ADVANCED_FACE ( 'NONE', ( #7082 ), #7797, .F. ) ;
#2752 = LINE ( 'NONE', #5862, #2531 ) ;
#2753 = ORIENTED_EDGE ( 'NONE', *, *, #8604, .F. ) ;
#2754 = ADVANCED_FACE ( 'NONE', ( #7889 ), #102, .T. ) ;
#2755 = CYLINDRICAL_SURFACE ( 'NONE', #7505, 2.500000000000000000 ) ;
#2756 = DIRECTION ( 'NONE',  ( 5.551115123125783935E-17, -6.662983475941639612E-17, -1.000000000000000000 ) ) ;
#2757 = LINE ( 'NONE', #4385, #7917 ) ;
#2758 = DIRECTION ( 'NONE',  ( -8.011868568650901149E-32, 1.000000000000000000, -2.991526032573998647E-17 ) ) ;
#2759 = CARTESIAN_POINT ( 'NONE',  ( -3.041265875000000563, 71.50000000136559208, -1.259733572207478058 ) ) ;
#2760 = VERTEX_POINT ( 'NONE', #254 ) ;
#2761 = ORIENTED_EDGE ( 'NONE', *, *, #7545, .F. ) ;
#2762 = CARTESIAN_POINT ( 'NONE',  ( 3.041265875000000118, 75.18750000136559208, -3.724476519174824240E-16 ) ) ;
#2763 = CARTESIAN_POINT ( 'NONE',  ( -2.150499723603739088, 66.56250000136559208, -2.150499723603739088 ) ) ;
#2764 = ORIENTED_EDGE ( 'NONE', *, *, #2903, .F. ) ;
#2765 = CARTESIAN_POINT ( 'NONE',  ( -3.041265875000000118, 78.68750000136559208, 0.000000000000000000 ) ) ;
#2766 = CARTESIAN_POINT ( 'NONE',  ( -1.259733572207478502, 76.75000000136559208, 3.041265874999999230 ) ) ;
#2767 = DIRECTION ( 'NONE',  ( 0.3783418020226826384, -0.9256659661250538074, 2.498001805406601230E-16 ) ) ;
#2768 = VECTOR ( 'NONE', #6322, 1000.000000000000114 ) ;
#2769 = DIRECTION ( 'NONE',  ( -1.665334536937734071E-16, 4.229157726022815470E-17, 1.000000000000000000 ) ) ;
#2770 = DIRECTION ( 'NONE',  ( -0.4888958147463142723, -0.8723421819008511102, 0.000000000000000000 ) ) ;
#2771 = CARTESIAN_POINT ( 'NONE',  ( 0.000000000000000000, 5.000000000000000000, -6.000000000000000888 ) ) ;
#2772 =( BOUNDED_CURVE ( )  B_SPLINE_CURVE ( 2, ( #8350, #1375, #9362, #8504, #7735, #1676, #3963, #765, #5540 ),
 .UNSPECIFIED., .F., .T. ) 
 B_SPLINE_CURVE_WITH_KNOTS ( ( 3, 2, 2, 2, 3 ),
 ( 0.7166666666666663410, 0.7249999999999996447, 0.7333333333333329485, 0.7416666666666664742, 0.7499999999999997780 ),
 .UNSPECIFIED. ) 
 CURVE ( )  GEOMETRIC_REPRESENTATION_ITEM ( )  RATIONAL_B_SPLINE_CURVE ( ( 1.000000000000003109, 0.9238795325112837409, 1.000000000000000000, 0.9238795325112867385, 1.000000000000000000, 0.9238795325112867385, 1.000000000000000000, 0.9238795325112887369, 0.9999999999999980016 ) ) 
 REPRESENTATION_ITEM ( '' )  );
#2773 = CARTESIAN_POINT ( 'NONE',  ( 1.767766952966369320, 74.37500000000000000, 1.767766952966368654 ) ) ;
#2774 = EDGE_CURVE ( 'NONE', #9762, #8344, #1588, .T. ) ;
#2775 = ORIENTED_EDGE ( 'NONE', *, *, #6740, .T. ) ;
#2776 = VERTEX_POINT ( 'NONE', #823 ) ;
#2777 = CARTESIAN_POINT ( 'NONE',  ( 3.061616997868383141E-16, 70.00000000000000000, -2.500000000000000000 ) ) ;
#2778 = AXIS2_PLACEMENT_3D ( 'NONE', #7806, #3120, #9285 ) ;
#2779 = CARTESIAN_POINT ( 'NONE',  ( 2.150499723603738644, 74.31250000136559208, -2.150499723603739088 ) ) ;
#2780 = DATE_TIME_ROLE ( 'creation_date' ) ;
#2781 = CYLINDRICAL_SURFACE ( 'NONE', #7101, 2.500000000000000000 ) ;
#2782 = DIRECTION ( 'NONE',  ( 5.551115123125783935E-17, -6.662983475941639612E-17, -1.000000000000000000 ) ) ;
#2783 = EDGE_LOOP ( 'NONE', ( #1028, #1507, #1554, #6734 ) ) ;
#2784 = DIRECTION ( 'NONE',  ( -2.771172519036345232E-16, 8.684692346097759303E-17, 1.000000000000000000 ) ) ;
#2785 = AXIS2_PLACEMENT_3D ( 'NONE', #51, #6269, #3252 ) ;
#2786 = DIRECTION ( 'NONE',  ( 0.4888958147463142723, 0.8723421819008511102, 0.000000000000000000 ) ) ;
#2787 = LINE ( 'NONE', #4369, #8066 ) ;
#2788 = EDGE_CURVE ( 'NONE', #7953, #2776, #4124, .T. ) ;
#2789 = ORIENTED_EDGE ( 'NONE', *, *, #4908, .F. ) ;
#2790 =( BOUNDED_CURVE ( )  B_SPLINE_CURVE ( 2, ( #5700, #1882, #2794, #8043, #8856 ),
 .UNSPECIFIED., .F., .T. ) 
 B_SPLINE_CURVE_WITH_KNOTS ( ( 3, 2, 3 ),
 ( 0.6499999999999996891, 0.6583333333333329929, 0.6666666666666662966 ),
 .UNSPECIFIED. ) 
 CURVE ( )  GEOMETRIC_REPRESENTATION_ITEM ( )  RATIONAL_B_SPLINE_CURVE ( ( 1.000000000000003109, 0.9238795325112837409, 1.000000000000000000, 0.9238795325112897361, 0.9999999999999970024 ) ) 
 REPRESENTATION_ITEM ( '' )  );
#2791 = ORIENTED_EDGE ( 'NONE', *, *, #4349, .T. ) ;
#2792 = CIRCLE ( 'NONE', #2630, 8.099999999999999645 ) ;
#2793 = CARTESIAN_POINT ( 'NONE',  ( -2.500000000000000444, 76.93750000000000000, -1.035533905932737753 ) ) ;
#2794 = CARTESIAN_POINT ( 'NONE',  ( -1.767766952966368432, 70.12500000000000000, 1.767766952966369320 ) ) ;
#2795 = LINE ( 'NONE', #2028, #1175 ) ;
#2796 = CARTESIAN_POINT ( 'NONE',  ( -1.530808498934191571E-16, 67.75000000000000000, -2.500000000000000000 ) ) ;
#2797 = ORIENTED_EDGE ( 'NONE', *, *, #3489, .T. ) ;
#2798 = CARTESIAN_POINT ( 'NONE',  ( 2.273181642920010541E-15, 81.80000000000002558, -1.522895977529165398E-28 ) ) ;
#2799 = CIRCLE ( 'NONE', #5717, 8.999999999999994671 ) ;
#2800 = FACE_OUTER_BOUND ( 'NONE', #8701, .T. ) ;
#2801 = DIRECTION ( 'NONE',  ( 0.000000000000000000, 0.000000000000000000, -1.000000000000000000 ) ) ;
#2802 = CARTESIAN_POINT ( 'NONE',  ( -3.041265874999999674, 73.50000000136560629, -1.259733572207478058 ) ) ;
#2803 = AXIS2_PLACEMENT_3D ( 'NONE', #9132, #8938, #2871 ) ;
#2804 = ORIENTED_EDGE ( 'NONE', *, *, #6429, .T. ) ;
#2805 = EDGE_CURVE ( 'NONE', #10038, #3416, #6722, .T. ) ;
#2806 = DIRECTION ( 'NONE',  ( -1.665334536937734071E-16, 4.229157726022815470E-17, 1.000000000000000000 ) ) ;
#2807 = CARTESIAN_POINT ( 'NONE',  ( -1.530808498934191571E-16, 66.75000000000000000, -2.500000000000000000 ) ) ;
#2808 = CARTESIAN_POINT ( 'NONE',  ( -1.530808498934191571E-16, 68.75000000000000000, -2.500000000000000000 ) ) ;
#2809 = CYLINDRICAL_SURFACE ( 'NONE', #7110, 5.249999999999999112 ) ;
#2810 = ADVANCED_FACE ( 'NONE', ( #7335 ), #9326, .T. ) ;
#2811 = CARTESIAN_POINT ( 'NONE',  ( -2.500000000000000444, 77.18750000273121259, -1.035533905932737753 ) ) ;
#2812 = CARTESIAN_POINT ( 'NONE',  ( 1.259733572207479835, 70.87500000136559208, 3.041265874999999230 ) ) ;
#2813 = ORIENTED_EDGE ( 'NONE', *, *, #4196, .T. ) ;
#2814 = EDGE_CURVE ( 'NONE', #4381, #1567, #5146, .T. ) ;
#2815 = ORIENTED_EDGE ( 'NONE', *, *, #8714, .T. ) ;
#2816 = CARTESIAN_POINT ( 'NONE',  ( -2.150499723603739088, 76.56250000136559208, -2.150499723603739088 ) ) ;
#2817 = CARTESIAN_POINT ( 'NONE',  ( -3.041265875000000563, 67.62500000136559208, -1.259733572207478058 ) ) ;
#2818 = ORIENTED_EDGE ( 'NONE', *, *, #5679, .T. ) ;
#2819 = EDGE_CURVE ( 'NONE', #6401, #4832, #9814, .T. ) ;
#2820 = CARTESIAN_POINT ( 'NONE',  ( -3.041265874999999230, 74.62500000136560629, 1.259733572207480057 ) ) ;
#2821 = CARTESIAN_POINT ( 'NONE',  ( 1.144903723515628919E-14, 99.00000000000001421, 16.00000000000000711 ) ) ;
#2822 = DIRECTION ( 'NONE',  ( 0.000000000000000000, 0.000000000000000000, -1.000000000000000000 ) ) ;
#2823 = AXIS2_PLACEMENT_3D ( 'NONE', #1177, #5099, #3607 ) ;
#2824 = CARTESIAN_POINT ( 'NONE',  ( 4.592425496802573972E-16, 69.25000000000000000, 2.500000000000000000 ) ) ;
#2825 = CARTESIAN_POINT ( 'NONE',  ( 4.592425496802573972E-16, 74.25000000000000000, 2.500000000000000000 ) ) ;
#2826 = ORIENTED_EDGE ( 'NONE', *, *, #4179, .F. ) ;
#2827 = ORIENTED_EDGE ( 'NONE', *, *, #10022, .T. ) ;
#2828 = CARTESIAN_POINT ( 'NONE',  ( -2.500000000000000000, 67.31250000273118417, 1.035533905932739307 ) ) ;
#2829 = CARTESIAN_POINT ( 'NONE',  ( 5.586714778762236360E-16, 71.93750000136559208, 3.041265875000000118 ) ) ;
#2830 = DIRECTION ( 'NONE',  ( -8.011868568650901149E-32, 1.000000000000000000, -2.991526032573998647E-17 ) ) ;
#2831 = CARTESIAN_POINT ( 'NONE',  ( -8.453673741609666337, 96.55553681344584049, -16.20000000000003837 ) ) ;
#2832 = ORIENTED_EDGE ( 'NONE', *, *, #4469, .T. ) ;
#2833 = DIRECTION ( 'NONE',  ( 3.885780586188047891E-16, -1.065500303100115213E-16, -1.000000000000000000 ) ) ;
#2834 = CARTESIAN_POINT ( 'NONE',  ( 0.000000000000000000, 76.25000000000000000, 0.000000000000000000 ) ) ;
#2835 = CIRCLE ( 'NONE', #8045, 6.199999971414617228 ) ;
#2836 = CARTESIAN_POINT ( 'NONE',  ( 1.561251128379274375E-14, 114.9249999999999687, 5.637851296925531825E-15 ) ) ;
#2837 = VERTEX_POINT ( 'NONE', #9731 ) ;
#2838 = ORIENTED_EDGE ( 'NONE', *, *, #2865, .F. ) ;
#2839 = CARTESIAN_POINT ( 'NONE',  ( 4.592425496802573972E-16, 68.50000000273119838, 2.500000000000000000 ) ) ;
#2840 = AXIS2_PLACEMENT_3D ( 'NONE', #2569, #5676, #8780 ) ;
#2841 = DIRECTION ( 'NONE',  ( 0.000000000000000000, -8.773937619163356039E-17, -1.000000000000000000 ) ) ;
#2842 = CARTESIAN_POINT ( 'NONE',  ( 0.8660254037856930376, 82.51000000000003354, 0.4999999999978320675 ) ) ;
#2843 = EDGE_CURVE ( 'NONE', #2922, #6926, #8306, .T. ) ;
#2844 = ORIENTED_EDGE ( 'NONE', *, *, #3990, .T. ) ;
#2845 = DIRECTION ( 'NONE',  ( 0.6050300991748447377, -0.7962025992751327053, 3.131251615669747695E-16 ) ) ;
#2846 = DIRECTION ( 'NONE',  ( 4.199509984885302464E-16, -2.269162886183642352E-17, -1.000000000000000000 ) ) ;
#2847 = CARTESIAN_POINT ( 'NONE',  ( 1.767766952966369320, 76.37500000000000000, 1.767766952966368654 ) ) ;
#2848 = CARTESIAN_POINT ( 'NONE',  ( -3.041265875000000118, 73.56250000136559208, 0.000000000000000000 ) ) ;
#2849 =( BOUNDED_CURVE ( )  B_SPLINE_CURVE ( 2, ( #6903, #1654, #2320, #5328, #4560, #4708, #7813, #7668, #3944 ),
 .UNSPECIFIED., .F., .F. ) 
 B_SPLINE_CURVE_WITH_KNOTS ( ( 3, 2, 2, 2, 3 ),
 ( 0.2833333333333335480, 0.2916666666666669627, 0.3000000000000002665, 0.3083333333333336812, 0.3166666666666669849 ),
 .UNSPECIFIED. ) 
 CURVE ( )  GEOMETRIC_REPRESENTATION_ITEM ( )  RATIONAL_B_SPLINE_CURVE ( ( 0.9999999999999980016, 0.9238795325112887369, 1.000000000000000000, 0.9238795325112867385, 1.000000000000000000, 0.9238795325112867385, 1.000000000000000000, 0.9238795325112837409, 1.000000000000003109 ) ) 
 REPRESENTATION_ITEM ( '' )  );
#2850 = ORIENTED_EDGE ( 'NONE', *, *, #8107, .F. ) ;
#2851 = EDGE_CURVE ( 'NONE', #1166, #1603, #7702, .T. ) ;
#2852 = FACE_OUTER_BOUND ( 'NONE', #1281, .T. ) ;
#2853 = DIRECTION ( 'NONE',  ( 2.771172519036345232E-16, -8.684692346097759303E-17, -1.000000000000000000 ) ) ;
#2854 = CARTESIAN_POINT ( 'NONE',  ( 3.985202476878567978E-14, 99.00000000000001421, -67.99999999999998579 ) ) ;
#2855 = CARTESIAN_POINT ( 'NONE',  ( 4.153311931459125361, 80.00000000000001421, -4.999999999999992006 ) ) ;
#2856 = CARTESIAN_POINT ( 'NONE',  ( -10.49999999999998401, 110.0000000000000142, 14.99999999999999289 ) ) ;
#2857 = CARTESIAN_POINT ( 'NONE',  ( 1.767766952966368654, 75.87500000273118417, -1.767766952966369098 ) ) ;
#2858 = CARTESIAN_POINT ( 'NONE',  ( -2.150499723603738200, 70.68750000136559208, 2.150499723603739533 ) ) ;
#2859 = ORIENTED_EDGE ( 'NONE', *, *, #3173, .T. ) ;
#2860 = AXIS2_PLACEMENT_3D ( 'NONE', #8765, #3976, #7193 ) ;
#2861 = ORIENTED_EDGE ( 'NONE', *, *, #2560, .F. ) ;
#2862 = CARTESIAN_POINT ( 'NONE',  ( -1.862238259587412120E-16, 78.43750000136559208, -3.041265875000000118 ) ) ;
#2863 = CARTESIAN_POINT ( 'NONE',  ( 1.259733572207479835, 67.00000000136559208, 3.041265874999999230 ) ) ;
#2864 = ORIENTED_EDGE ( 'NONE', *, *, #3459, .F. ) ;
#2865 = EDGE_CURVE ( 'NONE', #4613, #4793, #9402, .T. ) ;
#2866 = EDGE_CURVE ( 'NONE', #3679, #8403, #217, .T. ) ;
#2867 = CARTESIAN_POINT ( 'NONE',  ( 3.041265875000001007, 75.00000000136559208, 1.259733572207477836 ) ) ;
#2868 = FACE_OUTER_BOUND ( 'NONE', #9574, .T. ) ;
#2869 = CIRCLE ( 'NONE', #8896, 0.2000000000000362876 ) ;
#2870 = DIRECTION ( 'NONE',  ( -3.654459117618455439E-16, 1.199456548643360156E-16, 1.000000000000000000 ) ) ;
#2871 = DIRECTION ( 'NONE',  ( 0.9634848649536246201, 0.2677627961560299918, 0.000000000000000000 ) ) ;
#2872 = EDGE_CURVE ( 'NONE', #5886, #8040, #8188, .T. ) ;
#2873 = EDGE_CURVE ( 'NONE', #3144, #6633, #2493, .T. ) ;
#2874 = CARTESIAN_POINT ( 'NONE',  ( -2.500000000000000000, 72.06250000000000000, 1.035533905932739307 ) ) ;
#2875 = AXIS2_PLACEMENT_3D ( 'NONE', #9739, #419, #6014 ) ;
#2876 = ORIENTED_EDGE ( 'NONE', *, *, #2036, .T. ) ;
#2877 = ORIENTED_EDGE ( 'NONE', *, *, #1821, .T. ) ;
#2878 = CIRCLE ( 'NONE', #4503, 8.099999999999999645 ) ;
#2879 = CARTESIAN_POINT ( 'NONE',  ( 0.000000000000000000, 8.497848452431096433, 0.000000000000000000 ) ) ;
#2880 = CARTESIAN_POINT ( 'NONE',  ( 2.150499723603739533, 72.06250000136560629, 2.150499723603738644 ) ) ;
#2881 = CARTESIAN_POINT ( 'NONE',  ( 1.767766952966368654, 77.87500000273118417, -1.767766952966369098 ) ) ;
#2882 = LINE ( 'NONE', #9092, #1323 ) ;
#2883 = VERTEX_POINT ( 'NONE', #4231 ) ;
#2884 = LINE ( 'NONE', #4459, #5692 ) ;
#2885 = FACE_OUTER_BOUND ( 'NONE', #2024, .T. ) ;
#2886 = CIRCLE ( 'NONE', #8252, 6.850000000000000533 ) ;
#2887 = DIRECTION ( 'NONE',  ( 0.000000000000000000, -8.773937619163356039E-17, -1.000000000000000000 ) ) ;
#2888 = ORIENTED_EDGE ( 'NONE', *, *, #12, .F. ) ;
#2889 = VERTEX_POINT ( 'NONE', #464 ) ;
#2890 = FACE_OUTER_BOUND ( 'NONE', #2057, .T. ) ;
#2891 = AXIS2_PLACEMENT_3D ( 'NONE', #2543, #918, #5702 ) ;
#2892 = AXIS2_PLACEMENT_3D ( 'NONE', #3584, #488, #8128 ) ;
#2893 = CARTESIAN_POINT ( 'NONE',  ( -2.602085213965210642E-15, 9.999999999999998224, 0.000000000000000000 ) ) ;
#2894 = DIRECTION ( 'NONE',  ( 0.9999870432906646789, -0.005090505946798832421, 4.389289323153613957E-16 ) ) ;
#2895 = ORIENTED_EDGE ( 'NONE', *, *, #6893, .F. ) ;
#2896 = CARTESIAN_POINT ( 'NONE',  ( -1.530808498934191571E-16, 77.75000000000000000, -2.500000000000000000 ) ) ;
#2897 = CARTESIAN_POINT ( 'NONE',  ( -10.49999999999998401, 79.25000000000001421, -20.00000000000000711 ) ) ;
#2898 = FACE_OUTER_BOUND ( 'NONE', #7026, .T. ) ;
#2899 = CARTESIAN_POINT ( 'NONE',  ( -1.259733572207478502, 73.75000000136559208, 3.041265874999999230 ) ) ;
#2900 = CARTESIAN_POINT ( 'NONE',  ( 3.718748950968529777E-14, 99.00000000000001421, -20.00000000000000000 ) ) ;
#2901 = VECTOR ( 'NONE', #8330, 1000.000000000000114 ) ;
#2902 = EDGE_LOOP ( 'NONE', ( #9932, #979, #791, #3903 ) ) ;
#2903 = EDGE_CURVE ( 'NONE', #2254, #1349, #9482, .T. ) ;
#2904 = CYLINDRICAL_SURFACE ( 'NONE', #7001, 1.024434782608710348 ) ;
#2905 = CARTESIAN_POINT ( 'NONE',  ( 2.939900837143794021, 102.7943356556532564, 21.39999999999999858 ) ) ;
#2906 = DIRECTION ( 'NONE',  ( 0.9256659661250540294, 0.3783418020226822498, 0.000000000000000000 ) ) ;
#2907 = DIRECTION ( 'NONE',  ( -1.000000000000000000, 0.000000000000000000, 0.000000000000000000 ) ) ;
#2908 = LINE ( 'NONE', #5257, #6453 ) ;
#2909 = CARTESIAN_POINT ( 'NONE',  ( -1.767766952966368432, 75.37500000273118417, 1.767766952966369320 ) ) ;
#2910 = CARTESIAN_POINT ( 'NONE',  ( 3.041265875000000563, 65.12500000136559208, -1.259733572207478502 ) ) ;
#2911 = VERTEX_POINT ( 'NONE', #6672 ) ;
#2912 = CARTESIAN_POINT ( 'NONE',  ( -3.041265874999999230, 73.75000000136559208, 1.259733572207480057 ) ) ;
#2913 = CARTESIAN_POINT ( 'NONE',  ( 2.150499723603738644, 67.31250000136560629, -2.150499723603739088 ) ) ;
#2914 = VERTEX_POINT ( 'NONE', #8099 ) ;
#2915 = CARTESIAN_POINT ( 'NONE',  ( 2.150499723603738644, 74.18750000136559208, -2.150499723603739088 ) ) ;
#2916 = DIRECTION ( 'NONE',  ( 0.000000000000000000, 8.773937619163356039E-17, 1.000000000000000000 ) ) ;
#2917 = CARTESIAN_POINT ( 'NONE',  ( 3.041265875000001007, 77.00000000136560629, 1.259733572207477836 ) ) ;
#2918 = CIRCLE ( 'NONE', #8615, 6.850000000000000533 ) ;
#2919 = DIRECTION ( 'NONE',  ( -2.771172519036345232E-16, 8.684692346097759303E-17, 1.000000000000000000 ) ) ;
#2920 = CARTESIAN_POINT ( 'NONE',  ( 2.500000000000000444, 66.68750000273118417, 1.035533905932737309 ) ) ;
#2921 = CARTESIAN_POINT ( 'NONE',  ( 2.500000000000000000, 73.50000000000000000, -3.061616997868383141E-16 ) ) ;
#2922 = VERTEX_POINT ( 'NONE', #8150 ) ;
#2923 = ORIENTED_EDGE ( 'NONE', *, *, #5728, .F. ) ;
#2924 = CARTESIAN_POINT ( 'NONE',  ( 3.968626966596887851, 76.25000000000000000, 4.500000000000000000 ) ) ;
#2925 = CARTESIAN_POINT ( 'NONE',  ( 1.259733572207479835, 74.00000000136559208, 3.041265874999999230 ) ) ;
#2926 = EDGE_CURVE ( 'NONE', #9599, #780, #7486, .T. ) ;
#2927 = CARTESIAN_POINT ( 'NONE',  ( 0.2393002419775510370, 114.9249999999999687, 3.040597867885446171 ) ) ;
#2928 = LINE ( 'NONE', #3492, #508 ) ;
#2929 = ORIENTED_EDGE ( 'NONE', *, *, #2251, .F. ) ;
#2930 = CARTESIAN_POINT ( 'NONE',  ( -6.143273330438597911E-16, 98.99999999999998579, 22.49999999999998579 ) ) ;
#2931 = EDGE_CURVE ( 'NONE', #4944, #7350, #5839, .T. ) ;
#2932 = CARTESIAN_POINT ( 'NONE',  ( 1.943048590659658729E-14, 99.00000000000002842, 21.39999999999999858 ) ) ;
#2933 = EDGE_CURVE ( 'NONE', #6966, #1440, #2445, .T. ) ;
#2934 = DIRECTION ( 'NONE',  ( 6.645770043980255151E-32, -0.7071067811865480168, 0.7071067811865470176 ) ) ;
#2935 = VERTEX_POINT ( 'NONE', #9060 ) ;
#2936 = ORIENTED_EDGE ( 'NONE', *, *, #1616, .F. ) ;
#2937 = CC_DESIGN_DATE_AND_TIME_ASSIGNMENT ( #1056, #9604, ( #7819 ) ) ;
#2938 = CARTESIAN_POINT ( 'NONE',  ( -1.035533905932770171, 73.43750000273119838, 2.499999999999968026 ) ) ;
#2939 = FACE_OUTER_BOUND ( 'NONE', #9010, .T. ) ;
#2940 = CARTESIAN_POINT ( 'NONE',  ( 2.500000000000000444, 67.56250000000000000, -1.035533905932737975 ) ) ;
#2941 = VERTEX_POINT ( 'NONE', #3754 ) ;
#2942 = CARTESIAN_POINT ( 'NONE',  ( -9.749999999999984013, 99.00000000000001421, 19.20000000000000639 ) ) ;
#2943 = AXIS2_PLACEMENT_3D ( 'NONE', #4313, #2733, #8334 ) ;
#2944 = DIRECTION ( 'NONE',  ( 5.551115123125783935E-17, -6.662983475941639612E-17, -1.000000000000000000 ) ) ;
#2945 = CARTESIAN_POINT ( 'NONE',  ( 4.592425496802573972E-16, 70.50000000273118417, 2.500000000000000000 ) ) ;
#2946 = CARTESIAN_POINT ( 'NONE',  ( 2.150499723603739533, 71.93750000136559208, 2.150499723603738644 ) ) ;
#2947 = CARTESIAN_POINT ( 'NONE',  ( -1.767766952966368432, 65.12500000000000000, 1.767766952966369320 ) ) ;
#2948 = AXIS2_PLACEMENT_3D ( 'NONE', #4072, #7184, #203 ) ;
#2949 = VERTEX_POINT ( 'NONE', #9159 ) ;
#2950 = CARTESIAN_POINT ( 'NONE',  ( -2.150499723603738200, 75.81250000136559208, 2.150499723603739533 ) ) ;
#2951 = DIRECTION ( 'NONE',  ( -1.000000000000000000, -9.398538128609710963E-32, -0.000000000000000000 ) ) ;
#2952 = CARTESIAN_POINT ( 'NONE',  ( 2.273181642920010541E-15, 81.80000000000002558, -1.522895977529165398E-28 ) ) ;
#2953 = VECTOR ( 'NONE', #4992, 1000.000000000000000 ) ;
#2954 = CARTESIAN_POINT ( 'NONE',  ( -1.154700538379246355, 83.55000000000002558, 2.888699731742787646E-12 ) ) ;
#2955 = DIRECTION ( 'NONE',  ( 0.000000000000000000, 0.000000000000000000, 1.000000000000000000 ) ) ;
#2956 = CARTESIAN_POINT ( 'NONE',  ( 4.592425496802573972E-16, 75.50000000273118417, 2.500000000000000000 ) ) ;
#2957 = CARTESIAN_POINT ( 'NONE',  ( -1.767766952966369098, 77.12500000273118417, -1.767766952966369098 ) ) ;
#2958 = CARTESIAN_POINT ( 'NONE',  ( -1.259733572207478725, 65.75000000136559208, 3.041265874999999230 ) ) ;
#2959 = ORIENTED_EDGE ( 'NONE', *, *, #6735, .T. ) ;
#2960 = AXIS2_PLACEMENT_3D ( 'NONE', #698, #10060, #6909 ) ;
#2961 = VECTOR ( 'NONE', #9554, 1000.000000000000000 ) ;
#2962 = CARTESIAN_POINT ( 'NONE',  ( -3.041265874999999230, 71.75000000136559208, 1.259733572207480057 ) ) ;
#2963 = EDGE_LOOP ( 'NONE', ( #9619, #7226 ) ) ;
#2964 = VERTEX_POINT ( 'NONE', #6004 ) ;
#2965 = CARTESIAN_POINT ( 'NONE',  ( -2.150499723603738200, 69.68750000136560629, 2.150499723603739533 ) ) ;
#2966 = DIRECTION ( 'NONE',  ( -0.9634848649536333909, -0.2677627961559982950, -1.491283511613613163E-16 ) ) ;
#2967 = CARTESIAN_POINT ( 'NONE',  ( 1.259733572207478058, 78.25000000136557787, -3.041265875000000563 ) ) ;
#2968 = EDGE_CURVE ( 'NONE', #438, #8796, #604, .T. ) ;
#2969 = CARTESIAN_POINT ( 'NONE',  ( 1.767766952966369320, 72.62500000273118417, 1.767766952966368654 ) ) ;
#2970 = CARTESIAN_POINT ( 'NONE',  ( 1.561251128379126385E-14, 99.00000000000001421, 19.99999999999999645 ) ) ;
#2971 = CARTESIAN_POINT ( 'NONE',  ( 2.500000000000000444, 69.56250000000001421, -1.035533905932737975 ) ) ;
#2972 = VERTEX_POINT ( 'NONE', #6818 ) ;
#2973 = EDGE_LOOP ( 'NONE', ( #4403, #3621, #8384, #5374 ) ) ;
#2974 = DIRECTION ( 'NONE',  ( 1.647214991701264181E-47, -1.178574802204324542E-16, 1.000000000000000000 ) ) ;
#2975 = ADVANCED_FACE ( 'NONE', ( #2898 ), #9918, .F. ) ;
#2976 = CARTESIAN_POINT ( 'NONE',  ( 3.041265874999999674, 71.25000000136557787, -1.259733572207478280 ) ) ;
#2977 = CARTESIAN_POINT ( 'NONE',  ( 1.035533905932749743, 65.56250000273119838, 2.499999999999989342 ) ) ;
#2978 = CARTESIAN_POINT ( 'NONE',  ( 10.50000000000001421, 99.00000000000001421, -15.00000000000000355 ) ) ;
#2979 = PLANE ( 'NONE',  #7239 ) ;
#2980 = VERTEX_POINT ( 'NONE', #2179 ) ;
#2981 = DIRECTION ( 'NONE',  ( -5.665246594868411338E-32, 0.7071067811865476838, 0.7071067811865474617 ) ) ;
#2982 = DIRECTION ( 'NONE',  ( 0.000000000000000000, 1.000000000000000000, 0.000000000000000000 ) ) ;
#2983 = CIRCLE ( 'NONE', #222, 9.704347826086959117 ) ;
#2984 = FACE_OUTER_BOUND ( 'NONE', #44, .T. ) ;
#2985 = VERTEX_POINT ( 'NONE', #8400 ) ;
#2986 = ORIENTED_EDGE ( 'NONE', *, *, #5744, .F. ) ;
#2987 = VERTEX_POINT ( 'NONE', #1427 ) ;
#2988 = EDGE_CURVE ( 'NONE', #7380, #454, #366, .T. ) ;
#2989 = CARTESIAN_POINT ( 'NONE',  ( -2.500000000000000000, 77.06250000000000000, 1.035533905932739307 ) ) ;
#2990 = EDGE_CURVE ( 'NONE', #898, #7380, #3481, .T. ) ;
#2991 = CARTESIAN_POINT ( 'NONE',  ( 7.781222421254421207, 101.2500172512601182, -19.70000000000000639 ) ) ;
#2992 = CARTESIAN_POINT ( 'NONE',  ( -1.767766952966368432, 70.37500000273119838, 1.767766952966369320 ) ) ;
#2993 = EDGE_LOOP ( 'NONE', ( #3669, #9486, #8755, #3582, #9674, #8063 ) ) ;
#2994 = DIRECTION ( 'NONE',  ( 0.9839110360633368524, -0.1786590974811275989, 2.881747153960805483E-16 ) ) ;
#2995 = LINE ( 'NONE', #7533, #7548 ) ;
#2996 = CARTESIAN_POINT ( 'NONE',  ( 2.500000000000000000, 76.50000000000000000, -3.061616997868383141E-16 ) ) ;
#2997 = CARTESIAN_POINT ( 'NONE',  ( 5.586714778762236360E-16, 74.81250000136559208, 3.041265875000000118 ) ) ;
#2998 = EDGE_CURVE ( 'NONE', #82, #4962, #3304, .T. ) ;
#2999 = DIRECTION ( 'NONE',  ( -0.000000000000000000, 1.000000000000000000, -0.000000000000000000 ) ) ;
#3000 = EDGE_LOOP ( 'NONE', ( #7129, #183, #4169, #3333 ) ) ;
#3001 = CIRCLE ( 'NONE', #1548, 1.499999999999990896 ) ;
#3002 = CARTESIAN_POINT ( 'NONE',  ( 1.259733572207479835, 75.00000000136560629, 3.041265874999999230 ) ) ;
#3003 = CARTESIAN_POINT ( 'NONE',  ( 0.8563216227077116161, 92.25089264120899202, 20.29999999999999716 ) ) ;
#3004 = DIRECTION ( 'NONE',  ( 3.885780586188047891E-16, -1.065500303100115213E-16, -1.000000000000000000 ) ) ;
#3005 = DIRECTION ( 'NONE',  ( -0.9634848649536333909, -0.2677627961559982950, -1.491283511613613163E-16 ) ) ;
#3006 = DIRECTION ( 'NONE',  ( 0.000000000000000000, -1.000000000000000000, 0.000000000000000000 ) ) ;
#3007 = ADVANCED_FACE ( 'NONE', ( #8569 ), #2454, .F. ) ;
#3008 = CARTESIAN_POINT ( 'NONE',  ( 1.035533905932739085, 76.56250000273119838, 2.500000000000000000 ) ) ;
#3009 = CARTESIAN_POINT ( 'NONE',  ( -1.259733572207478725, 68.75000000136559208, 3.041265874999999230 ) ) ;
#3010 = VERTEX_POINT ( 'NONE', #1747 ) ;
#3011 = CARTESIAN_POINT ( 'NONE',  ( -1.259733572207478058, 71.50000000136560629, -3.041265874999999674 ) ) ;
#3012 = ORIENTED_EDGE ( 'NONE', *, *, #3670, .T. ) ;
#3013 = VERTEX_POINT ( 'NONE', #4034 ) ;
#3014 = CARTESIAN_POINT ( 'NONE',  ( 3.041265875000000118, 72.06250000136560629, -3.724476519174824240E-16 ) ) ;
#3015 = CYLINDRICAL_SURFACE ( 'NONE', #2547, 6.000000000000000000 ) ;
#3016 = CARTESIAN_POINT ( 'NONE',  ( 3.041265875000000118, 78.06250000136559208, -3.724476519174824240E-16 ) ) ;
#3017 = CARTESIAN_POINT ( 'NONE',  ( -6.580416492048424715, 97.09720763319364778, -19.70000000000000639 ) ) ;
#3018 = DIRECTION ( 'NONE',  ( -5.665246594868428854E-32, 0.7071067811865499042, -0.7071067811865452413 ) ) ;
#3019 = CARTESIAN_POINT ( 'NONE',  ( 1.767766952966369320, 69.37500000000000000, 1.767766952966368654 ) ) ;
#3020 = ORIENTED_EDGE ( 'NONE', *, *, #5947, .F. ) ;
#3021 = ORIENTED_EDGE ( 'NONE', *, *, #8102, .T. ) ;
#3022 = LINE ( 'NONE', #5376, #2901 ) ;
#3023 = ADVANCED_FACE ( 'NONE', ( #3933 ), #9001, .T. ) ;
#3024 = CARTESIAN_POINT ( 'NONE',  ( 2.150499723603738644, 67.31250000136560629, -2.150499723603739088 ) ) ;
#3025 = CARTESIAN_POINT ( 'NONE',  ( 4.592425496802573972E-16, 65.50000000273119838, 2.500000000000000000 ) ) ;
#3026 = CARTESIAN_POINT ( 'NONE',  ( -1.530808498934191571E-16, 78.00000000273118417, -2.500000000000000000 ) ) ;
#3027 = FACE_OUTER_BOUND ( 'NONE', #1932, .T. ) ;
#3028 = VERTEX_POINT ( 'NONE', #5560 ) ;
#3029 = DIRECTION ( 'NONE',  ( -3.885780586188047891E-16, 1.000000000000000000, 2.603240987229339518E-29 ) ) ;
#3030 = CONICAL_SURFACE ( 'NONE', #8729, 1732.050807568857181, 1.047197551196592746 ) ;
#3031 = AXIS2_PLACEMENT_3D ( 'NONE', #5830, #2767, #2098 ) ;
#3032 = CYLINDRICAL_SURFACE ( 'NONE', #4649, 2.500000000000000000 ) ;
#3033 = EDGE_LOOP ( 'NONE', ( #2229, #9336, #2043, #9413, #5485 ) ) ;
#3034 = ORIENTED_EDGE ( 'NONE', *, *, #2126, .T. ) ;
#3035 = ORIENTED_EDGE ( 'NONE', *, *, #1635, .F. ) ;
#3036 = LINE ( 'NONE', #854, #8795 ) ;
#3037 = AXIS2_PLACEMENT_3D ( 'NONE', #9831, #3462, #6777 ) ;
#3038 = FACE_OUTER_BOUND ( 'NONE', #2902, .T. ) ;
#3039 = EDGE_CURVE ( 'NONE', #4267, #2301, #6878, .T. ) ;
#3040 = CARTESIAN_POINT ( 'NONE',  ( 1.767766952966368654, 70.87500000273119838, -1.767766952966369098 ) ) ;
#3041 = CIRCLE ( 'NONE', #8578, 8.800000000000002487 ) ;
#3042 = ORIENTED_EDGE ( 'NONE', *, *, #3922, .F. ) ;
#3043 = DIRECTION ( 'NONE',  ( 0.8660254037844408170, 0.4999999999999961697, -0.000000000000000000 ) ) ;
#3044 = CARTESIAN_POINT ( 'NONE',  ( 3.041265875000001007, 71.00000000136559208, 1.259733572207477836 ) ) ;
#3045 = EDGE_CURVE ( 'NONE', #2049, #702, #547, .T. ) ;
#3046 = CARTESIAN_POINT ( 'NONE',  ( 1.141573054441753481E-14, 99.00000000000001421, 16.20000000000001350 ) ) ;
#3047 = EDGE_LOOP ( 'NONE', ( #1338, #7777 ) ) ;
#3048 = CIRCLE ( 'NONE', #120, 9.750000000000000000 ) ;
#3049 = ORIENTED_EDGE ( 'NONE', *, *, #4156, .F. ) ;
#3050 = CIRCLE ( 'NONE', #3535, 8.999999999999994671 ) ;
#3051 = AXIS2_PLACEMENT_3D ( 'NONE', #3635, #9139, #9187 ) ;
#3052 = CARTESIAN_POINT ( 'NONE',  ( -3.041265875000000563, 75.62500000136560629, -1.259733572207478058 ) ) ;
#3053 = FACE_OUTER_BOUND ( 'NONE', #5499, .T. ) ;
#3054 = DIRECTION ( 'NONE',  ( -0.9606447433647388179, -0.2777799075629752701, 5.551115123125782702E-17 ) ) ;
#3055 = DIRECTION ( 'NONE',  ( 2.501589552824416874E-12, 0.000000000000000000, 1.000000000000000000 ) ) ;
#3056 = CARTESIAN_POINT ( 'NONE',  ( -2.500000000000000444, 67.93750000000000000, -1.035533905932737753 ) ) ;
#3057 = EDGE_CURVE ( 'NONE', #1983, #2587, #5611, .T. ) ;
#3058 = LINE ( 'NONE', #9369, #8568 ) ;
#3059 = CARTESIAN_POINT ( 'NONE',  ( -1.767766952966368432, 72.37500000273118417, 1.767766952966369320 ) ) ;
#3060 = CARTESIAN_POINT ( 'NONE',  ( -1.862238259587412120E-16, 67.31250000136560629, -3.041265875000000118 ) ) ;
#3061 = ADVANCED_FACE ( 'NONE', ( #1644 ), #2129, .T. ) ;
#3062 = EDGE_CURVE ( 'NONE', #702, #5296, #111, .T. ) ;
#3063 = CARTESIAN_POINT ( 'NONE',  ( 1.259733572207478058, 71.37500000136560629, -3.041265874999999674 ) ) ;
#3064 = VERTEX_POINT ( 'NONE', #4751 ) ;
#3065 = ORIENTED_EDGE ( 'NONE', *, *, #7536, .F. ) ;
#3066 = CARTESIAN_POINT ( 'NONE',  ( -1.259733572207478502, 72.75000000136560629, 3.041265874999999230 ) ) ;
#3067 = DIRECTION ( 'NONE',  ( 3.654459117618455439E-16, -1.199456548643360156E-16, -1.000000000000000000 ) ) ;
#3068 = CARTESIAN_POINT ( 'NONE',  ( 3.041265875000000563, 78.12500000136560629, -1.259733572207478502 ) ) ;
#3069 = CARTESIAN_POINT ( 'NONE',  ( 11.00000000000001421, 79.50000000000001421, 14.49999999999999467 ) ) ;
#3070 = FACE_OUTER_BOUND ( 'NONE', #2275, .T. ) ;
#3071 = CARTESIAN_POINT ( 'NONE',  ( -2.500000000000000000, 71.00000000000001421, 0.000000000000000000 ) ) ;
#3072 = ORIENTED_EDGE ( 'NONE', *, *, #6606, .F. ) ;
#3073 = ORIENTED_EDGE ( 'NONE', *, *, #2230, .F. ) ;
#3074 = LINE ( 'NONE', #4453, #7774 ) ;
#3075 = CARTESIAN_POINT ( 'NONE',  ( 3.041265875000001007, 70.12500000136559208, 1.259733572207477836 ) ) ;
#3076 = CARTESIAN_POINT ( 'NONE',  ( 1.561251128379126385E-14, 99.00000000000001421, -19.99999999999999645 ) ) ;
#3077 = CARTESIAN_POINT ( 'NONE',  ( 1.561251128379126385E-14, 99.00000000000001421, -20.00000000000000355 ) ) ;
#3078 = CARTESIAN_POINT ( 'NONE',  ( -1.530808498934191571E-16, 65.75000000000000000, -2.500000000000000000 ) ) ;
#3079 = ORIENTED_EDGE ( 'NONE', *, *, #5053, .F. ) ;
#3080 = DIRECTION ( 'NONE',  ( 5.551115123125783935E-17, -6.662983475941639612E-17, -1.000000000000000000 ) ) ;
#3081 = DIRECTION ( 'NONE',  ( 0.000000000000000000, 1.000000000000000000, 0.000000000000000000 ) ) ;
#3082 = VECTOR ( 'NONE', #9348, 1000.000000000000000 ) ;
#3083 = CARTESIAN_POINT ( 'NONE',  ( 1.593170040337102160E-15, 83.55000000000002558, -1.067328804764031080E-28 ) ) ;
#3084 = ORIENTED_EDGE ( 'NONE', *, *, #8219, .F. ) ;
#3085 = ORIENTED_EDGE ( 'NONE', *, *, #5637, .F. ) ;
#3086 = ORIENTED_EDGE ( 'NONE', *, *, #7167, .F. ) ;
#3087 = CARTESIAN_POINT ( 'NONE',  ( 7.680516632764931018, 100.8677202171599419, 21.40000000000000213 ) ) ;
#3088 = FACE_OUTER_BOUND ( 'NONE', #5864, .T. ) ;
#3089 = CARTESIAN_POINT ( 'NONE',  ( -1.035533905932738197, 67.43750000273118417, 2.500000000000000000 ) ) ;
#3090 = AXIS2_PLACEMENT_3D ( 'NONE', #7279, #7327, #8955 ) ;
#3091 = ORIENTED_EDGE ( 'NONE', *, *, #8784, .T. ) ;
#3092 = CARTESIAN_POINT ( 'NONE',  ( -2.770632937499999837, 64.84375000068278894, 0.000000000000000000 ) ) ;
#3093 = CARTESIAN_POINT ( 'NONE',  ( -2.500000000000000000, 70.25000000273118417, 0.000000000000000000 ) ) ;
#3094 = EDGE_CURVE ( 'NONE', #7466, #8302, #4191, .T. ) ;
#3095 = CARTESIAN_POINT ( 'NONE',  ( 5.586714778762236360E-16, 69.81250000136560629, 3.041265875000000118 ) ) ;
#3096 =( BOUNDED_CURVE ( )  B_SPLINE_CURVE ( 2, ( #6766, #9917, #8297, #6060, #4523, #463, #7632, #5145, #2232 ),
 .UNSPECIFIED., .F., .T. ) 
 B_SPLINE_CURVE_WITH_KNOTS ( ( 3, 2, 2, 2, 3 ),
 ( 0.2500000000000002220, 0.2583333333333335813, 0.2666666666666668850, 0.2750000000000002442, 0.2833333333333335480 ),
 .UNSPECIFIED. ) 
 CURVE ( )  GEOMETRIC_REPRESENTATION_ITEM ( )  RATIONAL_B_SPLINE_CURVE ( ( 0.9999999999999980016, 0.9238795325112887369, 1.000000000000000000, 0.9238795325112867385, 1.000000000000000000, 0.9238795325112867385, 1.000000000000000000, 0.9238795325112847401, 1.000000000000001998 ) ) 
 REPRESENTATION_ITEM ( '' )  );
#3097 = CARTESIAN_POINT ( 'NONE',  ( -7.781222421254346600, 96.74998274873991022, -19.70000000000000639 ) ) ;
#3098 = ORIENTED_EDGE ( 'NONE', *, *, #9095, .F. ) ;
#3099 = CIRCLE ( 'NONE', #4242, 6.499999999999996447 ) ;
#3100 = ORIENTED_EDGE ( 'NONE', *, *, #9637, .F. ) ;
#3101 = CARTESIAN_POINT ( 'NONE',  ( -2.150499723603739088, 74.56250000136559208, -2.150499723603739088 ) ) ;
#3102 = CARTESIAN_POINT ( 'NONE',  ( -2.500000000000000444, 72.18750000273121259, -1.035533905932737753 ) ) ;
#3103 = DIRECTION ( 'NONE',  ( -3.885780586188047891E-16, 1.000000000000000000, 2.603240987229339518E-29 ) ) ;
#3104 = EDGE_CURVE ( 'NONE', #5211, #9229, #408, .T. ) ;
#3105 = CIRCLE ( 'NONE', #3427, 6.850000000000000533 ) ;
#3106 = CARTESIAN_POINT ( 'NONE',  ( 3.985202476878567978E-14, 99.00000000000001421, -67.99999999999998579 ) ) ;
#3107 = LINE ( 'NONE', #6119, #1655 ) ;
#3108 = PLANE ( 'NONE',  #9863 ) ;
#3109 = CARTESIAN_POINT ( 'NONE',  ( 1.767766952966369320, 73.62500000273118417, 1.767766952966368654 ) ) ;
#3110 = CARTESIAN_POINT ( 'NONE',  ( 2.150499723603738644, 65.18750000136559208, -2.150499723603739088 ) ) ;
#3111 = VECTOR ( 'NONE', #3761, 1000.000000000000000 ) ;
#3112 = CARTESIAN_POINT ( 'NONE',  ( -3.041265874999999674, 74.62500000136560629, -1.259733572207478058 ) ) ;
#3113 = VERTEX_POINT ( 'NONE', #3980 ) ;
#3114 = ADVANCED_FACE ( 'NONE', ( #7043 ), #929, .F. ) ;
#3115 = CARTESIAN_POINT ( 'NONE',  ( 3.041265874999999674, 70.12500000136559208, -1.259733572207478280 ) ) ;
#3116 = CYLINDRICAL_SURFACE ( 'NONE', #1582, 5.999999999999999112 ) ;
#3117 = EDGE_CURVE ( 'NONE', #7601, #6414, #4798, .T. ) ;
#3118 = CARTESIAN_POINT ( 'NONE',  ( -1.259733572207478725, 77.75000000136560629, 3.041265874999999230 ) ) ;
#3119 = VECTOR ( 'NONE', #5533, 1000.000000000000000 ) ;
#3120 = DIRECTION ( 'NONE',  ( 5.551115123125783935E-17, -6.662983475941639612E-17, -1.000000000000000000 ) ) ;
#3121 = DIRECTION ( 'NONE',  ( 0.9634848649536336129, 0.2677627961559976844, 0.000000000000000000 ) ) ;
#3122 = EDGE_CURVE ( 'NONE', #6505, #7736, #7265, .T. ) ;
#3123 = CARTESIAN_POINT ( 'NONE',  ( 2.500000000000000000, 69.50000000000000000, -3.061616997868383141E-16 ) ) ;
#3124 = ORIENTED_EDGE ( 'NONE', *, *, #8354, .T. ) ;
#3125 = CARTESIAN_POINT ( 'NONE',  ( 1.561251128379126385E-14, 99.00000000000001421, 19.20000000000000639 ) ) ;
#3126 = CARTESIAN_POINT ( 'NONE',  ( 5.586714778762236360E-16, 67.93750000136560629, 3.041265875000000118 ) ) ;
#3127 = CARTESIAN_POINT ( 'NONE',  ( 2.566703027418150374, 103.5797964549794585, 21.49999999999998579 ) ) ;
#3128 = CARTESIAN_POINT ( 'NONE',  ( 5.973606162712539636, 100.6601293361672020, 16.20000000000004192 ) ) ;
#3129 = ORIENTED_EDGE ( 'NONE', *, *, #3205, .T. ) ;
#3130 = DIRECTION ( 'NONE',  ( -3.885780586188047891E-16, 1.000000000000000000, 2.603240987229339518E-29 ) ) ;
#3131 = LINE ( 'NONE', #6150, #5545 ) ;
#3132 = CARTESIAN_POINT ( 'NONE',  ( 2.086664174782984274E-15, 82.28000000000002956, -1.397940410142157101E-28 ) ) ;
#3133 = ORIENTED_EDGE ( 'NONE', *, *, #7753, .F. ) ;
#3134 = ORIENTED_EDGE ( 'NONE', *, *, #8219, .T. ) ;
#3135 = ORIENTED_EDGE ( 'NONE', *, *, #6852, .T. ) ;
#3136 = CARTESIAN_POINT ( 'NONE',  ( 3.041265875000000118, 79.18750000136559208, -3.724476519174824240E-16 ) ) ;
#3137 = CARTESIAN_POINT ( 'NONE',  ( 1.141573054441753481E-14, 99.00000000000001421, 16.20000000000000995 ) ) ;
#3138 = CARTESIAN_POINT ( 'NONE',  ( -2.500000000000000000, 67.31250000273118417, 1.035533905932739307 ) ) ;
#3139 = VERTEX_POINT ( 'NONE', #505 ) ;
#3140 = CARTESIAN_POINT ( 'NONE',  ( 0.4786004839550864753, 114.9249999999999687, 6.081195735770886124 ) ) ;
#3141 = DIRECTION ( 'NONE',  ( 1.389837649247941979E-47, -8.573297140604717370E-17, 1.000000000000000000 ) ) ;
#3142 = CARTESIAN_POINT ( 'NONE',  ( -1.862238259587412120E-16, 69.31250000136560629, -3.041265875000000118 ) ) ;
#3143 = DIRECTION ( 'NONE',  ( 8.011868568650901149E-32, -1.000000000000000000, -1.178574802204324542E-16 ) ) ;
#3144 = VERTEX_POINT ( 'NONE', #5287 ) ;
#3145 = VERTEX_POINT ( 'NONE', #2029 ) ;
#3146 = PLANE ( 'NONE',  #8785 ) ;
#3147 = EDGE_CURVE ( 'NONE', #7984, #828, #4467, .T. ) ;
#3148 = DIRECTION ( 'NONE',  ( 0.9634848649536333909, 0.2677627961559982950, 1.491283511613613163E-16 ) ) ;
#3149 = CARTESIAN_POINT ( 'NONE',  ( -1.530808498934191571E-16, 78.75000000000000000, -2.500000000000000000 ) ) ;
#3150 = CARTESIAN_POINT ( 'NONE',  ( -1.530808498934191571E-16, 72.75000000000000000, -2.500000000000000000 ) ) ;
#3151 =( BOUNDED_CURVE ( )  B_SPLINE_CURVE ( 2, ( #5381, #6147, #1516, #5330, #8383, #8436, #2268, #4612, #2365 ),
 .UNSPECIFIED., .F., .F. ) 
 B_SPLINE_CURVE_WITH_KNOTS ( ( 3, 2, 2, 2, 3 ),
 ( 0.7499999999999997780, 0.7583333333333330817, 0.7666666666666664964, 0.7749999999999998002, 0.7833333333333331039 ),
 .UNSPECIFIED. ) 
 CURVE ( )  GEOMETRIC_REPRESENTATION_ITEM ( )  RATIONAL_B_SPLINE_CURVE ( ( 1.000000000000001998, 0.9238795325112847401, 1.000000000000000000, 0.9238795325112867385, 1.000000000000000000, 0.9238795325112867385, 1.000000000000000000, 0.9238795325112887369, 0.9999999999999980016 ) ) 
 REPRESENTATION_ITEM ( '' )  );
#3152 = CARTESIAN_POINT ( 'NONE',  ( -1.767766952966369098, 72.12500000273118417, -1.767766952966369098 ) ) ;
#3153 = CARTESIAN_POINT ( 'NONE',  ( 2.904144476039272948, 95.17822752347940707, 21.39999999999999858 ) ) ;
#3154 = VECTOR ( 'NONE', #9129, 1000.000000000000114 ) ;
#3155 = ADVANCED_FACE ( 'NONE', ( #5242, #8293 ), #7578, .F. ) ;
#3156 = CARTESIAN_POINT ( 'NONE',  ( 1.259733572207479835, 68.00000000136559208, 3.041265874999999230 ) ) ;
#3157 = ORIENTED_EDGE ( 'NONE', *, *, #5984, .T. ) ;
#3158 = DIRECTION ( 'NONE',  ( 5.551115123125783935E-17, -6.662983475941639612E-17, -1.000000000000000000 ) ) ;
#3159 = CARTESIAN_POINT ( 'NONE',  ( -2.150499723603739088, 72.43750000136559208, -2.150499723603739088 ) ) ;
#3160 = DIRECTION ( 'NONE',  ( 5.551115123125783935E-17, -6.662983475941639612E-17, -1.000000000000000000 ) ) ;
#3161 = CARTESIAN_POINT ( 'NONE',  ( 2.500000000000000444, 73.43750000000001421, 1.035533905932737309 ) ) ;
#3162 = CARTESIAN_POINT ( 'NONE',  ( 3.041265875000001007, 75.00000000136560629, 1.259733572207477836 ) ) ;
#3163 = DIRECTION ( 'NONE',  ( 0.000000000000000000, -8.773937619163356039E-17, -1.000000000000000000 ) ) ;
#3164 = CARTESIAN_POINT ( 'NONE',  ( 3.968626966596900729, 76.25000000000001421, 4.500000000000005329 ) ) ;
#3165 = EDGE_CURVE ( 'NONE', #9302, #6206, #1589, .T. ) ;
#3166 = CARTESIAN_POINT ( 'NONE',  ( 1.767766952966368654, 70.62500000000001421, -1.767766952966369098 ) ) ;
#3167 = ORIENTED_EDGE ( 'NONE', *, *, #8540, .F. ) ;
#3168 = ADVANCED_FACE ( 'NONE', ( #4324 ), #6000, .T. ) ;
#3169 = DIRECTION ( 'NONE',  ( 0.000000000000000000, -1.000000000000000000, 0.000000000000000000 ) ) ;
#3170 = CARTESIAN_POINT ( 'NONE',  ( -1.259733572207478058, 67.50000000136559208, -3.041265874999999674 ) ) ;
#3171 = AXIS2_PLACEMENT_3D ( 'NONE', #3132, #9350, #700 ) ;
#3172 = DIRECTION ( 'NONE',  ( 0.9256659661250540294, 0.3783418020226824163, 0.000000000000000000 ) ) ;
#3173 = EDGE_CURVE ( 'NONE', #4833, #2223, #3690, .T. ) ;
#3174 = DIRECTION ( 'NONE',  ( -0.000000000000000000, -1.000000000000000000, -0.000000000000000000 ) ) ;
#3175 = DIRECTION ( 'NONE',  ( 0.9634848649536421616, 0.2677627961559667091, 0.000000000000000000 ) ) ;
#3176 = ADVANCED_FACE ( 'NONE', ( #9773 ), #5193, .F. ) ;
#3177 = CARTESIAN_POINT ( 'NONE',  ( -7.804227406124428335, 96.83112135113643149, 68.00000000000000000 ) ) ;
#3178 = CARTESIAN_POINT ( 'NONE',  ( 1.561251128379126385E-14, 79.50000000000002842, 4.122794866321867394E-15 ) ) ;
#3179 = CARTESIAN_POINT ( 'NONE',  ( 1.561251128379126385E-14, 99.00000000000001421, 14.99999999999999467 ) ) ;
#3180 = EDGE_LOOP ( 'NONE', ( #7298, #4826, #2804, #2523, #8942 ) ) ;
#3181 = EDGE_LOOP ( 'NONE', ( #8544, #9315, #8747, #7555, #5479 ) ) ;
#3182 = ADVANCED_FACE ( 'NONE', ( #9155 ), #1982, .T. ) ;
#3183 = ORIENTED_EDGE ( 'NONE', *, *, #8322, .F. ) ;
#3184 = DIRECTION ( 'NONE',  ( 1.000000000000000000, 9.398538128609710963E-32, 0.000000000000000000 ) ) ;
#3185 = CARTESIAN_POINT ( 'NONE',  ( 6.685091259270936170, 100.6256562801042520, 21.40000000000000213 ) ) ;
#3186 = CARTESIAN_POINT ( 'NONE',  ( -1.767766952966369098, 71.12500000273119838, -1.767766952966369098 ) ) ;
#3187 = VECTOR ( 'NONE', #2163, 1000.000000000000000 ) ;
#3188 = EDGE_LOOP ( 'NONE', ( #5486, #2734, #2093, #8824 ) ) ;
#3189 = DIRECTION ( 'NONE',  ( -0.9606447433647389289, -0.2777799075629750480, 0.000000000000000000 ) ) ;
#3190 = DIRECTION ( 'NONE',  ( 1.647214991701264181E-47, -1.178574802204324542E-16, 1.000000000000000000 ) ) ;
#3191 = CARTESIAN_POINT ( 'NONE',  ( 2.150499723603738644, 67.18750000136560629, -2.150499723603739088 ) ) ;
#3192 = FACE_OUTER_BOUND ( 'NONE', #7311, .T. ) ;
#3193 = VERTEX_POINT ( 'NONE', #8395 ) ;
#3194 = VERTEX_POINT ( 'NONE', #7629 ) ;
#3195 = AXIS2_PLACEMENT_3D ( 'NONE', #3077, #6198, #4662 ) ;
#3196 = CIRCLE ( 'NONE', #8730, 6.850000000000000533 ) ;
#3197 = DIRECTION ( 'NONE',  ( 2.771172519036345232E-16, -8.684692346097759303E-17, -1.000000000000000000 ) ) ;
#3198 = CARTESIAN_POINT ( 'NONE',  ( 3.717083616431592294E-14, 99.00000000000001421, -19.70000000000000639 ) ) ;
#3199 = CARTESIAN_POINT ( 'NONE',  ( 11.00000000000001421, 76.25000000000001421, -16.99999999999998934 ) ) ;
#3200 = DIRECTION ( 'NONE',  ( 0.000000000000000000, -8.773937619163356039E-17, -1.000000000000000000 ) ) ;
#3201 = CARTESIAN_POINT ( 'NONE',  ( 2.500000000000000444, 72.81250000273119838, -1.035533905932737975 ) ) ;
#3202 = CARTESIAN_POINT ( 'NONE',  ( -3.968626966596887851, 76.25000000000000000, -4.500000000000000000 ) ) ;
#3203 = AXIS2_PLACEMENT_3D ( 'NONE', #7172, #1060, #9456 ) ;
#3204 = CIRCLE ( 'NONE', #4837, 2.500000000000000000 ) ;
#3205 = EDGE_CURVE ( 'NONE', #9434, #4402, #6143, .T. ) ;
#3206 = UNCERTAINTY_MEASURE_WITH_UNIT (LENGTH_MEASURE( 1.000000000000000082E-05 ), #1209, 'distance_accuracy_value', 'NONE');
#3207 = CARTESIAN_POINT ( 'NONE',  ( 1.259733572207479835, 69.00000000136559208, 3.041265874999999230 ) ) ;
#3208 = ORIENTED_EDGE ( 'NONE', *, *, #4276, .F. ) ;
#3209 = CARTESIAN_POINT ( 'NONE',  ( 2.120015041301501757, 106.5765466970882329, 21.39999999999999858 ) ) ;
#3210 = AXIS2_PLACEMENT_3D ( 'NONE', #7912, #6247, #6344 ) ;
#3211 = CARTESIAN_POINT ( 'NONE',  ( 3.041265875000001007, 66.00000000136559208, 1.259733572207477836 ) ) ;
#3212 = VECTOR ( 'NONE', #4775, 1000.000000000000000 ) ;
#3213 = DIRECTION ( 'NONE',  ( 0.9634848649536336129, 0.2677627961559976844, 0.000000000000000000 ) ) ;
#3214 = VECTOR ( 'NONE', #6703, 1000.000000000000000 ) ;
#3215 = ORIENTED_EDGE ( 'NONE', *, *, #3726, .T. ) ;
#3216 = DIRECTION ( 'NONE',  ( -1.000000000000000000, 0.000000000000000000, 0.000000000000000000 ) ) ;
#3217 = CARTESIAN_POINT ( 'NONE',  ( -1.862238259587412120E-16, 75.31250000136559208, -3.041265875000000118 ) ) ;
#3218 = CARTESIAN_POINT ( 'NONE',  ( -1.862238259587412120E-16, 76.31250000136559208, -3.041265875000000118 ) ) ;
#3219 = FACE_OUTER_BOUND ( 'NONE', #9325, .T. ) ;
#3220 = CARTESIAN_POINT ( 'NONE',  ( 5.586714778762236360E-16, 78.93750000136559208, 3.041265875000000118 ) ) ;
#3221 = ORIENTED_EDGE ( 'NONE', *, *, #9346, .F. ) ;
#3222 = DIRECTION ( 'NONE',  ( -5.665246594868416811E-32, 0.7071067811865484609, 0.7071067811865465735 ) ) ;
#3223 = CARTESIAN_POINT ( 'NONE',  ( 1.259733572207479835, 68.00000000136559208, 3.041265874999999230 ) ) ;
#3224 = CARTESIAN_POINT ( 'NONE',  ( 0.000000000000000000, 0.000000000000000000, 0.000000000000000000 ) ) ;
#3225 = DIRECTION ( 'NONE',  ( 2.501589552824416874E-12, 0.000000000000000000, 1.000000000000000000 ) ) ;
#3226 = CARTESIAN_POINT ( 'NONE',  ( -1.154700538379245911, 82.51000000000003354, 2.888699731742787646E-12 ) ) ;
#3227 = LINE ( 'NONE', #8633, #5202 ) ;
#3228 = CARTESIAN_POINT ( 'NONE',  ( 0.000000000000000000, 76.25000000000000000, 0.000000000000000000 ) ) ;
#3229 = CARTESIAN_POINT ( 'NONE',  ( 2.500000000000000444, 76.43750000000001421, 1.035533905932737309 ) ) ;
#3230 = ORIENTED_EDGE ( 'NONE', *, *, #2933, .F. ) ;
#3231 = VERTEX_POINT ( 'NONE', #599 ) ;
#3232 = CARTESIAN_POINT ( 'NONE',  ( -2.500000000000000444, 71.93750000000000000, -1.035533905932737753 ) ) ;
#3233 = EDGE_CURVE ( 'NONE', #2776, #5472, #3204, .T. ) ;
#3234 = CARTESIAN_POINT ( 'NONE',  ( -10.99999999999998401, 93.12500000000001421, -15.50000000000000533 ) ) ;
#3235 = EDGE_CURVE ( 'NONE', #714, #4832, #2069, .T. ) ;
#3236 = FACE_OUTER_BOUND ( 'NONE', #1000, .T. ) ;
#3237 = CARTESIAN_POINT ( 'NONE',  ( 4.592425496802573972E-16, 78.50000000273118417, 2.500000000000000000 ) ) ;
#3238 = EDGE_CURVE ( 'NONE', #3545, #487, #7435, .T. ) ;
#3239 = VERTEX_POINT ( 'NONE', #2842 ) ;
#3240 = DIRECTION ( 'NONE',  ( -5.665246594868428854E-32, 0.7071067811865499042, -0.7071067811865452413 ) ) ;
#3241 = ADVANCED_FACE ( 'NONE', ( #9866 ), #5903, .F. ) ;
#3242 = LINE ( 'NONE', #5449, #1856 ) ;
#3243 = AXIS2_PLACEMENT_3D ( 'NONE', #6149, #9248, #1562 ) ;
#3244 = CARTESIAN_POINT ( 'NONE',  ( 3.041265875000000118, 70.06250000136560629, -3.724476519174824240E-16 ) ) ;
#3245 = FACE_OUTER_BOUND ( 'NONE', #7725, .T. ) ;
#3246 = VERTEX_POINT ( 'NONE', #5950 ) ;
#3247 = EDGE_CURVE ( 'NONE', #7337, #9358, #9893, .T. ) ;
#3248 = EDGE_LOOP ( 'NONE', ( #2513, #3021, #7140, #135 ) ) ;
#3249 = EDGE_LOOP ( 'NONE', ( #5028, #2672, #3521, #8114 ) ) ;
#3250 = FACE_OUTER_BOUND ( 'NONE', #4066, .T. ) ;
#3251 = AXIS2_PLACEMENT_3D ( 'NONE', #5998, #6863, #5238 ) ;
#3252 = DIRECTION ( 'NONE',  ( 0.9256659661250522531, 0.3783418020226862466, 0.000000000000000000 ) ) ;
#3253 = DIRECTION ( 'NONE',  ( -0.8660254037831887075, -3.365184701166509553E-16, 0.5000000000021651569 ) ) ;
#3254 = CARTESIAN_POINT ( 'NONE',  ( -1.035533905932738197, 72.43750000273119838, 2.500000000000000000 ) ) ;
#3255 = CARTESIAN_POINT ( 'NONE',  ( 1.561251128379126385E-14, 110.0000000000000284, 20.00000000000000000 ) ) ;
#3256 = ADVANCED_FACE ( 'NONE', ( #2311, #6190 ), #8427, .F. ) ;
#3257 = VECTOR ( 'NONE', #9068, 1000.000000000000000 ) ;
#3258 = CARTESIAN_POINT ( 'NONE',  ( -1.862238259587412120E-16, 68.43750000136560629, -3.041265875000000118 ) ) ;
#3259 = ORIENTED_EDGE ( 'NONE', *, *, #2126, .F. ) ;
#3260 = CIRCLE ( 'NONE', #2803, 0.2000000000000346223 ) ;
#3261 = CARTESIAN_POINT ( 'NONE',  ( -10.99999999999998401, 93.12500000000001421, 2.168404344971008868E-15 ) ) ;
#3262 = CARTESIAN_POINT ( 'NONE',  ( -2.150499723603738200, 65.68750000136559208, 2.150499723603739533 ) ) ;
#3263 = CARTESIAN_POINT ( 'NONE',  ( -1.530808498934191571E-16, 69.75000000000000000, -2.500000000000000000 ) ) ;
#3264 = CARTESIAN_POINT ( 'NONE',  ( 2.500000000000000444, 64.81250000273118417, -1.035533905932737975 ) ) ;
#3265 = CARTESIAN_POINT ( 'NONE',  ( 1.259733572207478058, 73.25000000136559208, -3.041265875000000563 ) ) ;
#3266 = CARTESIAN_POINT ( 'NONE',  ( 5.586714778762236360E-16, 78.81250000136559208, 3.041265875000000118 ) ) ;
#3267 = LINE ( 'NONE', #4959, #9723 ) ;
#3268 = CARTESIAN_POINT ( 'NONE',  ( 1.767766952966369320, 65.37500000000000000, 1.767766952966368654 ) ) ;
#3269 = CARTESIAN_POINT ( 'NONE',  ( -1.862238259587412120E-16, 70.43750000136560629, -3.041265875000000118 ) ) ;
#3270 = ORIENTED_EDGE ( 'NONE', *, *, #4743, .F. ) ;
#3271 = CONICAL_SURFACE ( 'NONE', #2948, 10.49999999999999822, 0.7853981633974482790 ) ;
#3272 = DIRECTION ( 'NONE',  ( 3.885780586188047891E-16, -1.065500303100115213E-16, -1.000000000000000000 ) ) ;
#3273 = CARTESIAN_POINT ( 'NONE',  ( 3.041265874999999674, 78.12500000136559208, -1.259733572207478280 ) ) ;
#3274 = CARTESIAN_POINT ( 'NONE',  ( 1.083286345648932762E-14, 99.00000000000001421, 19.70000000000001350 ) ) ;
#3275 = EDGE_CURVE ( 'NONE', #853, #9265, #4498, .T. ) ;
#3276 = AXIS2_PLACEMENT_3D ( 'NONE', #355, #6518, #5093 ) ;
#3277 = CARTESIAN_POINT ( 'NONE',  ( -6.599871324932381711, 97.16582484633143224, 20.00000000000001066 ) ) ;
#3278 = CARTESIAN_POINT ( 'NONE',  ( 4.592425496802573972E-16, 69.50000000273119838, 2.500000000000000000 ) ) ;
#3279 = DIRECTION ( 'NONE',  ( 0.000000000000000000, -0.000000000000000000, -1.000000000000000000 ) ) ;
#3280 = DIRECTION ( 'NONE',  ( 1.000000000000000000, 0.000000000000000000, 0.000000000000000000 ) ) ;
#3281 = VECTOR ( 'NONE', #1550, 1000.000000000000000 ) ;
#3282 = CARTESIAN_POINT ( 'NONE',  ( 1.767766952966369320, 76.37500000000000000, 1.767766952966368654 ) ) ;
#3283 = ORIENTED_EDGE ( 'NONE', *, *, #3117, .T. ) ;
#3284 = ORIENTED_EDGE ( 'NONE', *, *, #4795, .F. ) ;
#3285 = ADVANCED_FACE ( 'NONE', ( #9944 ), #3725, .T. ) ;
#3286 = ORIENTED_EDGE ( 'NONE', *, *, #2407, .F. ) ;
#3287 = CARTESIAN_POINT ( 'NONE',  ( -3.041265874999999230, 75.75000000136560629, 1.259733572207480057 ) ) ;
#3288 = CARTESIAN_POINT ( 'NONE',  ( -1.834175153668578195, 105.5998713249324084, 20.00000000000000711 ) ) ;
#3289 = DIRECTION ( 'NONE',  ( 0.000000000000000000, 1.000000000000000000, 0.000000000000000000 ) ) ;
#3290 = CARTESIAN_POINT ( 'NONE',  ( 4.592425496802573972E-16, 66.50000000273119838, 2.500000000000000000 ) ) ;
#3291 = ORIENTED_EDGE ( 'NONE', *, *, #755, .F. ) ;
#3292 = CARTESIAN_POINT ( 'NONE',  ( 2.500000000000000444, 79.56250000000002842, -1.035533905932737975 ) ) ;
#3293 = DIRECTION ( 'NONE',  ( 0.000000000000000000, -8.773937619163356039E-17, -1.000000000000000000 ) ) ;
#3294 = CARTESIAN_POINT ( 'NONE',  ( 3.041265874999999674, 65.12500000136559208, -1.259733572207478280 ) ) ;
#3295 = CARTESIAN_POINT ( 'NONE',  ( 0.6041766542499341641, 94.23817570982936331, 20.29999999999999716 ) ) ;
#3296 = EDGE_LOOP ( 'NONE', ( #1617, #1106 ) ) ;
#3297 = EDGE_CURVE ( 'NONE', #7123, #3420, #9342, .T. ) ;
#3298 = ORIENTED_EDGE ( 'NONE', *, *, #2427, .T. ) ;
#3299 = ORIENTED_EDGE ( 'NONE', *, *, #1068, .F. ) ;
#3300 = EDGE_CURVE ( 'NONE', #3742, #7436, #7758, .T. ) ;
#3301 = CARTESIAN_POINT ( 'NONE',  ( -1.530808498934191571E-16, 71.00000000273118417, -2.500000000000000000 ) ) ;
#3302 = CARTESIAN_POINT ( 'NONE',  ( -2.168878648863574732, 106.8042274061244541, 16.00000000000000711 ) ) ;
#3303 = CARTESIAN_POINT ( 'NONE',  ( 1.943048590659658729E-14, 99.00000000000002842, 21.39999999999999858 ) ) ;
#3304 = CIRCLE ( 'NONE', #8027, 1.219499999999999806 ) ;
#3305 = DIRECTION ( 'NONE',  ( -0.5000000000021651569, -1.942890293102211336E-16, -0.8660254037831887075 ) ) ;
#3306 = CYLINDRICAL_SURFACE ( 'NONE', #61, 9.704347826086959117 ) ;
#3307 = ADVANCED_FACE ( 'NONE', ( #3070 ), #6840, .T. ) ;
#3308 = CARTESIAN_POINT ( 'NONE',  ( 2.487000723523298706, 104.4602955415613366, -12.50000000000001066 ) ) ;
#3309 = CIRCLE ( 'NONE', #3465, 6.000000000000000888 ) ;
#3310 = CARTESIAN_POINT ( 'NONE',  ( -2.150499723603739088, 69.56250000136560629, -2.150499723603739088 ) ) ;
#3311 = EDGE_LOOP ( 'NONE', ( #3073, #5819, #3941, #2328 ) ) ;
#3312 = CARTESIAN_POINT ( 'NONE',  ( 2.500000000000000000, 69.75000000273119838, -3.061616997868383141E-16 ) ) ;
#3313 = CARTESIAN_POINT ( 'NONE',  ( 1.259733572207479835, 67.87500000136559208, 3.041265874999999230 ) ) ;
#3314 = CARTESIAN_POINT ( 'NONE',  ( -7.840135496326073650, 102.2793583476657062, 21.39999999999999503 ) ) ;
#3315 = CARTESIAN_POINT ( 'NONE',  ( 1.035533905932702226, 73.31250000000000000, 2.500000000000036859 ) ) ;
#3316 = CARTESIAN_POINT ( 'NONE',  ( 2.150499723603739533, 72.93750000136559208, 2.150499723603738644 ) ) ;
#3317 = ORIENTED_EDGE ( 'NONE', *, *, #9845, .T. ) ;
#3318 = CARTESIAN_POINT ( 'NONE',  ( -1.259733572207478502, 75.75000000136560629, 3.041265874999999230 ) ) ;
#3319 = DIRECTION ( 'NONE',  ( 0.9606447433647388179, 0.2777799075629752701, -5.551115123125782702E-17 ) ) ;
#3320 = CARTESIAN_POINT ( 'NONE',  ( 1.259733572207478058, 79.37500000136562051, -3.041265874999999674 ) ) ;
#3321 = CARTESIAN_POINT ( 'NONE',  ( 3.041265875000001007, 70.12500000136559208, 1.259733572207477836 ) ) ;
#3322 = ORIENTED_EDGE ( 'NONE', *, *, #9346, .T. ) ;
#3323 = DIRECTION ( 'NONE',  ( -1.665334536937734071E-16, 4.229157726022815470E-17, 1.000000000000000000 ) ) ;
#3324 = AXIS2_PLACEMENT_3D ( 'NONE', #7461, #2769, #2668 ) ;
#3325 = CARTESIAN_POINT ( 'NONE',  ( -1.259733572207478502, 65.87500000136559208, 3.041265874999999230 ) ) ;
#3326 = CARTESIAN_POINT ( 'NONE',  ( -2.933374888477885190, 93.76594690859488423, 22.49999999999998579 ) ) ;
#3327 = CARTESIAN_POINT ( 'NONE',  ( 1.035533905932770837, 68.56250000273119838, 2.499999999999968026 ) ) ;
#3328 = DIRECTION ( 'NONE',  ( 8.011868568650901149E-32, -1.000000000000000000, 2.991526032573998647E-17 ) ) ;
#3329 = LINE ( 'NONE', #8683, #9625 ) ;
#3330 = CARTESIAN_POINT ( 'NONE',  ( -2.500000000000000000, 78.06250000000001421, 1.035533905932739307 ) ) ;
#3331 = EDGE_CURVE ( 'NONE', #5795, #1818, #2886, .T. ) ;
#3332 = ORIENTED_EDGE ( 'NONE', *, *, #224, .T. ) ;
#3333 = ORIENTED_EDGE ( 'NONE', *, *, #6365, .F. ) ;
#3334 = ORIENTED_EDGE ( 'NONE', *, *, #133, .T. ) ;
#3335 = CARTESIAN_POINT ( 'NONE',  ( -3.041265874999999230, 76.75000000136559208, 1.259733572207480057 ) ) ;
#3336 = DIRECTION ( 'NONE',  ( 0.000000000000000000, 0.000000000000000000, 1.000000000000000000 ) ) ;
#3337 = CARTESIAN_POINT ( 'NONE',  ( -0.4786004839246173481, 81.90000000000003411, 6.081195735773283317 ) ) ;
#3338 = CARTESIAN_POINT ( 'NONE',  ( 1.035533905932737531, 65.93750000273118417, -2.500000000000000444 ) ) ;
#3339 = VERTEX_POINT ( 'NONE', #5320 ) ;
#3340 = DIRECTION ( 'NONE',  ( 1.000000000000000000, 6.217180834982712181E-32, -2.185546148047696501E-16 ) ) ;
#3341 = CARTESIAN_POINT ( 'NONE',  ( 8.453673741609739167, 101.4444631865542021, -16.20000000000003837 ) ) ;
#3342 = VECTOR ( 'NONE', #3457, 1000.000000000000000 ) ;
#3343 = CARTESIAN_POINT ( 'NONE',  ( -3.041265874999999230, 64.62500000136559208, 1.259733572207480057 ) ) ;
#3344 = CARTESIAN_POINT ( 'NONE',  ( 7.781222421254421207, 101.2500172512601182, -20.00000000000000000 ) ) ;
#3345 = EDGE_LOOP ( 'NONE', ( #3975, #3768, #4592, #7162 ) ) ;
#3346 = ORIENTED_EDGE ( 'NONE', *, *, #324, .T. ) ;
#3347 = ORIENTED_EDGE ( 'NONE', *, *, #8171, .F. ) ;
#3348 = CARTESIAN_POINT ( 'NONE',  ( 1.078290342038119526E-14, 99.00000000000001421, 20.00000000000001066 ) ) ;
#3349 = CARTESIAN_POINT ( 'NONE',  ( 1.618223656202282701, 100.8647014917239630, -12.50000000000001243 ) ) ;
#3350 = DIRECTION ( 'NONE',  ( 3.885780586188047891E-16, -1.000000000000000000, -2.603240987229339518E-29 ) ) ;
#3351 = DIRECTION ( 'NONE',  ( 0.9256659661250540294, 0.3783418020226824163, 0.000000000000000000 ) ) ;
#3352 = EDGE_CURVE ( 'NONE', #5531, #3686, #7444, .T. ) ;
#3353 = CARTESIAN_POINT ( 'NONE',  ( 1.259733572207479835, 65.00000000136559208, 3.041265874999999230 ) ) ;
#3354 = CARTESIAN_POINT ( 'NONE',  ( -2.150499723603738200, 64.68750000136559208, 2.150499723603739533 ) ) ;
#3355 = AXIS2_PLACEMENT_3D ( 'NONE', #617, #2296, #3817 ) ;
#3356 = CARTESIAN_POINT ( 'NONE',  ( -1.259733572207478502, 67.87500000136559208, 3.041265874999999230 ) ) ;
#3357 = ORIENTED_EDGE ( 'NONE', *, *, #9015, .T. ) ;
#3358 = EDGE_CURVE ( 'NONE', #8501, #6401, #3041, .T. ) ;
#3359 = CARTESIAN_POINT ( 'NONE',  ( 0.5773502691921310603, 83.55000000000002558, 0.9999999999985562660 ) ) ;
#3360 = CARTESIAN_POINT ( 'NONE',  ( 3.041265875000001007, 68.00000000136559208, 1.259733572207477836 ) ) ;
#3361 = CARTESIAN_POINT ( 'NONE',  ( -2.500000000000000444, 77.93750000000000000, -1.035533905932737753 ) ) ;
#3362 = ADVANCED_FACE ( 'NONE', ( #5470 ), #9994, .F. ) ;
#3363 = AXIS2_PLACEMENT_3D ( 'NONE', #7033, #2190, #5 ) ;
#3364 = CARTESIAN_POINT ( 'NONE',  ( 5.586714778762236360E-16, 75.81250000136559208, 3.041265875000000118 ) ) ;
#3365 = ORIENTED_EDGE ( 'NONE', *, *, #1053, .T. ) ;
#3366 = VECTOR ( 'NONE', #6997, 1000.000000000000000 ) ;
#3367 = EDGE_CURVE ( 'NONE', #3810, #5296, #122, .T. ) ;
#3368 = CARTESIAN_POINT ( 'NONE',  ( 2.150499723603738644, 77.18750000136559208, -2.150499723603739088 ) ) ;
#3369 = CYLINDRICAL_SURFACE ( 'NONE', #9389, 8.099999999999999645 ) ;
#3370 = CARTESIAN_POINT ( 'NONE',  ( 4.592425496802573972E-16, 67.25000000000000000, 2.500000000000000000 ) ) ;
#3371 = CARTESIAN_POINT ( 'NONE',  ( 3.041265875000000563, 72.25000000136559208, -1.259733572207478502 ) ) ;
#3372 = EDGE_LOOP ( 'NONE', ( #6912, #4581, #751, #6874 ) ) ;
#3373 = VECTOR ( 'NONE', #357, 1000.000000000000000 ) ;
#3374 = CARTESIAN_POINT ( 'NONE',  ( -3.041265875000000118, 76.68750000136559208, 0.000000000000000000 ) ) ;
#3375 = VECTOR ( 'NONE', #6265, 1000.000000000000227 ) ;
#3376 = VECTOR ( 'NONE', #4404, 1000.000000000000114 ) ;
#3377 = CARTESIAN_POINT ( 'NONE',  ( 3.041265875000000118, 65.18750000136559208, -3.724476519174824240E-16 ) ) ;
#3378 = FACE_OUTER_BOUND ( 'NONE', #9683, .T. ) ;
#3379 = CARTESIAN_POINT ( 'NONE',  ( -0.2393002419623071753, 114.9249999999999687, 3.040597867886642991 ) ) ;
#3380 = DIRECTION ( 'NONE',  ( -1.665334536937734318E-16, 4.229157726022816087E-17, 1.000000000000000000 ) ) ;
#3381 = CARTESIAN_POINT ( 'NONE',  ( -10.49999999999998401, 80.50000000000002842, 14.99999999999999467 ) ) ;
#3382 = CARTESIAN_POINT ( 'NONE',  ( 2.500000000000000000, 79.50000000000000000, -3.061616997868383141E-16 ) ) ;
#3383 = ORIENTED_EDGE ( 'NONE', *, *, #7084, .F. ) ;
#3384 = ORIENTED_EDGE ( 'NONE', *, *, #4998, .F. ) ;
#3385 = LINE ( 'NONE', #2625, #5337 ) ;
#3386 = CARTESIAN_POINT ( 'NONE',  ( -2.150499723603739088, 74.56250000136559208, -2.150499723603739088 ) ) ;
#3387 = DIRECTION ( 'NONE',  ( -3.885780586188047891E-16, 1.000000000000000000, 2.603240987229339518E-29 ) ) ;
#3388 = CARTESIAN_POINT ( 'NONE',  ( -2.500000000000000000, 65.31250000273118417, 1.035533905932739307 ) ) ;
#3389 = ORIENTED_EDGE ( 'NONE', *, *, #2055, .F. ) ;
#3390 = DIRECTION ( 'NONE',  ( -2.771172519036345232E-16, 8.684692346097759303E-17, 1.000000000000000000 ) ) ;
#3391 = DIRECTION ( 'NONE',  ( 0.9999870432906646789, -0.005090505946802467534, 0.000000000000000000 ) ) ;
#3392 = CARTESIAN_POINT ( 'NONE',  ( -1.259733572207478058, 65.37500000136559208, -3.041265874999999674 ) ) ;
#3393 = DIRECTION ( 'NONE',  ( -0.4999999999978319010, -1.942890293085824230E-16, 0.8660254037856903730 ) ) ;
#3394 = EDGE_LOOP ( 'NONE', ( #2877, #2105, #7499, #7834 ) ) ;
#3395 = ORIENTED_EDGE ( 'NONE', *, *, #1053, .F. ) ;
#3396 = ORIENTED_EDGE ( 'NONE', *, *, #2310, .F. ) ;
#3397 = DIRECTION ( 'NONE',  ( 0.9634848649536331688, 0.2677627961559989611, 1.491283511613612670E-16 ) ) ;
#3398 = CARTESIAN_POINT ( 'NONE',  ( 1.985792177107727192E-14, 99.00000000000002842, 20.29999999999999716 ) ) ;
#3399 = PLANE ( 'NONE',  #8647 ) ;
#3400 = VECTOR ( 'NONE', #6346, 1000.000000000000000 ) ;
#3401 = ADVANCED_FACE ( 'NONE', ( #9183 ), #4653, .T. ) ;
#3402 = ORIENTED_EDGE ( 'NONE', *, *, #7338, .T. ) ;
#3403 = CARTESIAN_POINT ( 'NONE',  ( 10.50000000000001421, 80.00000000000001421, -14.50000000000000355 ) ) ;
#3404 = CARTESIAN_POINT ( 'NONE',  ( -1.530808498934191571E-16, 65.75000000000000000, -2.500000000000000000 ) ) ;
#3405 = CARTESIAN_POINT ( 'NONE',  ( 4.592425496802573972E-16, 78.50000000273118417, 2.500000000000000000 ) ) ;
#3406 = CARTESIAN_POINT ( 'NONE',  ( -1.862238259587412120E-16, 65.43750000136559208, -3.041265875000000118 ) ) ;
#3407 = AXIS2_PLACEMENT_3D ( 'NONE', #9066, #2084, #5201 ) ;
#3408 = ORIENTED_EDGE ( 'NONE', *, *, #8833, .T. ) ;
#3409 = ADVANCED_FACE ( 'NONE', ( #6238 ), #4702, .F. ) ;
#3410 = LINE ( 'NONE', #1283, #7576 ) ;
#3411 = CARTESIAN_POINT ( 'NONE',  ( -3.041265874999999230, 68.62500000136560629, 1.259733572207480057 ) ) ;
#3412 = CARTESIAN_POINT ( 'NONE',  ( -1.530808498934191571E-16, 77.75000000000000000, -2.500000000000000000 ) ) ;
#3413 = EDGE_LOOP ( 'NONE', ( #6463, #8804, #8431, #7087 ) ) ;
#3414 = CARTESIAN_POINT ( 'NONE',  ( 1.259733572207478058, 71.25000000136559208, -3.041265875000000563 ) ) ;
#3415 = AXIS2_PLACEMENT_3D ( 'NONE', #502, #3599, #6716 ) ;
#3416 = VERTEX_POINT ( 'NONE', #2260 ) ;
#3417 = CARTESIAN_POINT ( 'NONE',  ( -1.035533905932727761, 65.18750000000000000, 2.500000000000010658 ) ) ;
#3418 = CARTESIAN_POINT ( 'NONE',  ( -1.035533905932737753, 67.81250000000000000, -2.500000000000000444 ) ) ;
#3419 = CARTESIAN_POINT ( 'NONE',  ( 1.259733572207479835, 72.00000000136559208, 3.041265874999999230 ) ) ;
#3420 = VERTEX_POINT ( 'NONE', #5514 ) ;
#3421 = ADVANCED_FACE ( 'NONE', ( #1037 ), #3369, .F. ) ;
#3422 = CARTESIAN_POINT ( 'NONE',  ( -1.259733572207478058, 79.50000000136560629, -3.041265875000000563 ) ) ;
#3423 = CC_DESIGN_APPROVAL ( #829, ( #334 ) ) ;
#3424 = EDGE_CURVE ( 'NONE', #6415, #7368, #7902, .T. ) ;
#3425 = CARTESIAN_POINT ( 'NONE',  ( 2.150499723603739533, 77.93750000136559208, 2.150499723603738644 ) ) ;
#3426 = DIRECTION ( 'NONE',  ( 1.768616170367306927E-12, 0.7071067811865441310, 0.7071067811865507924 ) ) ;
#3427 = AXIS2_PLACEMENT_3D ( 'NONE', #9993, #9236, #3828 ) ;
#3428 = DIRECTION ( 'NONE',  ( 0.1686327580348039867, -0.9856789502254653668, 1.323342308348631320E-16 ) ) ;
#3429 = CARTESIAN_POINT ( 'NONE',  ( -1.834175153668577529, 105.5998713249324084, 16.30000000000000782 ) ) ;
#3430 = CARTESIAN_POINT ( 'NONE',  ( 4.592425496802573972E-16, 69.25000000000000000, 2.500000000000000000 ) ) ;
#3431 = ADVANCED_FACE ( 'NONE', ( #9432 ), #988, .F. ) ;
#3432 = CARTESIAN_POINT ( 'NONE',  ( 1.767766952966368654, 78.62500000000000000, -1.767766952966369098 ) ) ;
#3433 = ORIENTED_EDGE ( 'NONE', *, *, #3936, .F. ) ;
#3434 = ORIENTED_EDGE ( 'NONE', *, *, #5218, .F. ) ;
#3435 = CARTESIAN_POINT ( 'NONE',  ( -1.767766952966368432, 67.37500000273119838, 1.767766952966369320 ) ) ;
#3436 = CIRCLE ( 'NONE', #1331, 8.099999999999999645 ) ;
#3437 = CARTESIAN_POINT ( 'NONE',  ( -1.259733572207478058, 78.50000000136560629, -3.041265874999999674 ) ) ;
#3438 = APPROVAL_ROLE ( '' ) ;
#3439 = VECTOR ( 'NONE', #5624, 1000.000000000000114 ) ;
#3440 = CARTESIAN_POINT ( 'NONE',  ( -5.909918255857107283, 95.47777489434461984, 21.39999999999999503 ) ) ;
#3441 = DIRECTION ( 'NONE',  ( -1.665334536937734071E-16, 4.229157726022815470E-17, 1.000000000000000000 ) ) ;
#3442 = ORIENTED_EDGE ( 'NONE', *, *, #4426, .T. ) ;
#3443 = CARTESIAN_POINT ( 'NONE',  ( -4.443196637400237847, 97.18395935029116117, 21.39999999999999858 ) ) ;
#3444 = FACE_OUTER_BOUND ( 'NONE', #4668, .T. ) ;
#3445 = AXIS2_PLACEMENT_3D ( 'NONE', #3480, #2919, #2053 ) ;
#3446 = AXIS2_PLACEMENT_3D ( 'NONE', #9453, #5585, #4823 ) ;
#3447 = CARTESIAN_POINT ( 'NONE',  ( -6.803127038349549238, 99.03463180735981553, -21.40000000000000213 ) ) ;
#3448 = ORIENTED_EDGE ( 'NONE', *, *, #4196, .F. ) ;
#3449 = ORIENTED_EDGE ( 'NONE', *, *, #638, .T. ) ;
#3450 = FACE_OUTER_BOUND ( 'NONE', #6719, .T. ) ;
#3451 = CARTESIAN_POINT ( 'NONE',  ( -1.530808498934191571E-16, 69.00000000273119838, -2.500000000000000000 ) ) ;
#3452 = DIRECTION ( 'NONE',  ( -0.4888958147463142168, -0.8723421819008511102, -1.855174205273594328E-16 ) ) ;
#3453 = VERTEX_POINT ( 'NONE', #7858 ) ;
#3454 = CARTESIAN_POINT ( 'NONE',  ( 7.347880794884120722E-16, 5.000000000000000000, 6.000000000000000888 ) ) ;
#3455 = CYLINDRICAL_SURFACE ( 'NONE', #1210, 6.000000000000000888 ) ;
#3456 = DIRECTION ( 'NONE',  ( -1.665334536937734071E-16, 4.229157726022815470E-17, 1.000000000000000000 ) ) ;
#3457 = DIRECTION ( 'NONE',  ( -5.665246594868411338E-32, 0.7071067811865474617, -0.7071067811865476838 ) ) ;
#3458 = ORIENTED_EDGE ( 'NONE', *, *, #2843, .F. ) ;
#3459 = EDGE_CURVE ( 'NONE', #8664, #1328, #1915, .T. ) ;
#3460 = LINE ( 'NONE', #9680, #7085 ) ;
#3461 = DIRECTION ( 'NONE',  ( -2.771172519036345232E-16, 8.684692346097759303E-17, 1.000000000000000000 ) ) ;
#3462 = DIRECTION ( 'NONE',  ( 5.551115123125783935E-17, -6.662983475941639612E-17, -1.000000000000000000 ) ) ;
#3463 = ORIENTED_EDGE ( 'NONE', *, *, #4986, .T. ) ;
#3464 = CARTESIAN_POINT ( 'NONE',  ( -3.968626966596887851, 76.25000000000000000, 4.500000000000000000 ) ) ;
#3465 = AXIS2_PLACEMENT_3D ( 'NONE', #4112, #1928, #1725 ) ;
#3466 = CARTESIAN_POINT ( 'NONE',  ( -1.862238259587412120E-16, 70.31250000136560629, -3.041265875000000118 ) ) ;
#3467 = ORIENTED_EDGE ( 'NONE', *, *, #3518, .F. ) ;
#3468 = EDGE_CURVE ( 'NONE', #8796, #7303, #8908, .T. ) ;
#3469 = CARTESIAN_POINT ( 'NONE',  ( -6.803127038349549238, 99.03463180735981553, -21.40000000000000213 ) ) ;
#3470 = ORIENTED_EDGE ( 'NONE', *, *, #1684, .F. ) ;
#3471 = CARTESIAN_POINT ( 'NONE',  ( 3.041265874999999674, 75.25000000136559208, -1.259733572207478280 ) ) ;
#3472 = CARTESIAN_POINT ( 'NONE',  ( -1.259733572207478058, 72.50000000136559208, -3.041265875000000563 ) ) ;
#3473 = ORIENTED_EDGE ( 'NONE', *, *, #4634, .T. ) ;
#3474 = CARTESIAN_POINT ( 'NONE',  ( -2.150499723603739088, 79.56250000136559208, -2.150499723603739088 ) ) ;
#3475 = CARTESIAN_POINT ( 'NONE',  ( 3.041265875000001007, 79.00000000136560629, 1.259733572207477836 ) ) ;
#3476 = CARTESIAN_POINT ( 'NONE',  ( -4.000113017194124899E-12, 81.90000000000003411, -1.599999999999990985 ) ) ;
#3477 = CARTESIAN_POINT ( 'NONE',  ( -10.99999999999998401, 80.00000000000001421, -14.50000000000000355 ) ) ;
#3478 = DIRECTION ( 'NONE',  ( -3.654459117618455439E-16, 1.199456548643360156E-16, 1.000000000000000000 ) ) ;
#3479 = EDGE_CURVE ( 'NONE', #9204, #6219, #6953, .T. ) ;
#3480 = CARTESIAN_POINT ( 'NONE',  ( -6.047102705684198831, 93.02886404106693874, -21.40000000000000213 ) ) ;
#3481 =( BOUNDED_CURVE ( )  B_SPLINE_CURVE ( 2, ( #5246, #8347, #4903, #3264, #6381, #8718, #9428, #63, #7195 ),
 .UNSPECIFIED., .F., .F. ) 
 B_SPLINE_CURVE_WITH_KNOTS ( ( 3, 2, 2, 2, 3 ),
 ( 0.9499999999999998446, 0.9583333333333332593, 0.9666666666666665630, 0.9749999999999998668, 0.9833333333333331705 ),
 .UNSPECIFIED. ) 
 CURVE ( )  GEOMETRIC_REPRESENTATION_ITEM ( )  RATIONAL_B_SPLINE_CURVE ( ( 1.000000000000001110, 0.9238795325112857393, 1.000000000000000000, 0.9238795325112867385, 1.000000000000000000, 0.9238795325112867385, 1.000000000000000000, 0.9238795325112877377, 0.9999999999999990008 ) ) 
 REPRESENTATION_ITEM ( '' )  );
#3482 = EDGE_CURVE ( 'NONE', #5632, #4971, #4038, .T. ) ;
#3483 = CARTESIAN_POINT ( 'NONE',  ( -1.767766952966368432, 73.12500000000000000, 1.767766952966369320 ) ) ;
#3484 = ORIENTED_EDGE ( 'NONE', *, *, #2551, .F. ) ;
#3485 = ORIENTED_EDGE ( 'NONE', *, *, #7230, .F. ) ;
#3486 = AXIS2_PLACEMENT_3D ( 'NONE', #3579, #433, #9800 ) ;
#3487 = CARTESIAN_POINT ( 'NONE',  ( 10.50000000000001421, 110.0000000000000142, -15.00000000000000355 ) ) ;
#3488 = CARTESIAN_POINT ( 'NONE',  ( -2.150499723603738200, 76.81250000136559208, 2.150499723603739533 ) ) ;
#3489 = EDGE_CURVE ( 'NONE', #1567, #6376, #5812, .T. ) ;
#3490 = PERSON_AND_ORGANIZATION ( #9327, #1153 ) ;
#3491 = CARTESIAN_POINT ( 'NONE',  ( 1.546529278447734532E-14, 98.99999999999998579, -21.50000000000001066 ) ) ;
#3492 = CARTESIAN_POINT ( 'NONE',  ( -4.169085292408304610, 96.62119193194901356, -21.40000000000000213 ) ) ;
#3493 = ORIENTED_EDGE ( 'NONE', *, *, #4122, .T. ) ;
#3494 = LINE ( 'NONE', #8185, #10047 ) ;
#3495 = CARTESIAN_POINT ( 'NONE',  ( -10.99999999999998401, 76.25000000000001421, -16.99999999999998934 ) ) ;
#3496 = EDGE_CURVE ( 'NONE', #4168, #3854, #8723, .T. ) ;
#3497 = CARTESIAN_POINT ( 'NONE',  ( -3.968626966596887851, 5.000000000000000000, -4.500000000000000000 ) ) ;
#3498 = ORIENTED_EDGE ( 'NONE', *, *, #9638, .F. ) ;
#3499 =( BOUNDED_CURVE ( )  B_SPLINE_CURVE ( 2, ( #3149, #972, #4021, #2542, #1836, #8046, #1786, #5503, #8706 ),
 .UNSPECIFIED., .F., .T. ) 
 B_SPLINE_CURVE_WITH_KNOTS ( ( 3, 2, 2, 2, 3 ),
 ( 0.08333333333333341197, 0.09166666666666674346, 0.1000000000000000888, 0.1083333333333334342, 0.1166666666666667657 ),
 .UNSPECIFIED. ) 
 CURVE ( )  GEOMETRIC_REPRESENTATION_ITEM ( )  RATIONAL_B_SPLINE_CURVE ( ( 0.9999999999999992228, 0.9238795325112875156, 1.000000000000000000, 0.9238795325112867385, 1.000000000000000000, 0.9238795325112867385, 1.000000000000000000, 0.9238795325112858503, 1.000000000000000888 ) ) 
 REPRESENTATION_ITEM ( '' )  );
#3500 = EDGE_LOOP ( 'NONE', ( #3098, #3634, #3357, #2096 ) ) ;
#3501 = DIRECTION ( 'NONE',  ( -1.665334536937734071E-16, 4.229157726022815470E-17, 1.000000000000000000 ) ) ;
#3502 = DIRECTION ( 'NONE',  ( -0.07845909572535174348, -3.048748309797010064E-17, 0.9969173337333242513 ) ) ;
#3503 = TOROIDAL_SURFACE ( 'NONE', #2860, 6.200000000000001066, 0.2000000000000325129 ) ;
#3504 = FACE_OUTER_BOUND ( 'NONE', #5541, .T. ) ;
#3505 = CARTESIAN_POINT ( 'NONE',  ( 1.561251128379126385E-14, 99.00000000000001421, 20.00000000000000000 ) ) ;
#3506 = ORIENTED_EDGE ( 'NONE', *, *, #1484, .F. ) ;
#3507 = CARTESIAN_POINT ( 'NONE',  ( 4.153311931459126249, 80.00000000000001421, 4.999999999999936939 ) ) ;
#3508 = CARTESIAN_POINT ( 'NONE',  ( -2.150499723603739088, 65.56250000136559208, -2.150499723603739088 ) ) ;
#3509 = CARTESIAN_POINT ( 'NONE',  ( 1.139907719904815683E-14, 99.00000000000001421, 16.30000000000000426 ) ) ;
#3510 = CARTESIAN_POINT ( 'NONE',  ( -10.99999999999998401, 79.25000000000001421, -20.00000000000000711 ) ) ;
#3511 = ORIENTED_EDGE ( 'NONE', *, *, #6856, .F. ) ;
#3512 = DIRECTION ( 'NONE',  ( 0.9999870432906645679, -0.005090505946798764766, 0.000000000000000000 ) ) ;
#3513 = CARTESIAN_POINT ( 'NONE',  ( 1.035533905932727095, 66.68749999999998579, -2.500000000000011102 ) ) ;
#3514 = CARTESIAN_POINT ( 'NONE',  ( 2.500000000000000000, 68.50000000000000000, -3.061616997868383141E-16 ) ) ;
#3515 = DIRECTION ( 'NONE',  ( 2.501589552824417682E-12, 9.460304020253028666E-28, 1.000000000000000000 ) ) ;
#3516 = CARTESIAN_POINT ( 'NONE',  ( 3.041265875000000118, 69.06250000136560629, -3.724476519174824240E-16 ) ) ;
#3517 = VERTEX_POINT ( 'NONE', #7248 ) ;
#3518 = EDGE_CURVE ( 'NONE', #3795, #2837, #932, .T. ) ;
#3519 = AXIS2_PLACEMENT_3D ( 'NONE', #3440, #4265, #4361 ) ;
#3520 = AXIS2_PLACEMENT_3D ( 'NONE', #2568, #9645, #9543 ) ;
#3521 = ORIENTED_EDGE ( 'NONE', *, *, #1722, .T. ) ;
#3522 = CARTESIAN_POINT ( 'NONE',  ( 3.041265875000000118, 76.18750000136559208, -3.724476519174824240E-16 ) ) ;
#3523 = CARTESIAN_POINT ( 'NONE',  ( -2.150499723603738200, 66.81250000136559208, 2.150499723603739533 ) ) ;
#3524 = ORIENTED_EDGE ( 'NONE', *, *, #234, .F. ) ;
#3525 = CARTESIAN_POINT ( 'NONE',  ( -2.150499723603739088, 76.56250000136559208, -2.150499723603739088 ) ) ;
#3526 = AXIS2_PLACEMENT_3D ( 'NONE', #6480, #5609, #1643 ) ;
#3527 = CARTESIAN_POINT ( 'NONE',  ( -3.041265875000000118, 73.56250000136559208, 0.000000000000000000 ) ) ;
#3528 = FACE_OUTER_BOUND ( 'NONE', #897, .T. ) ;
#3529 = AXIS2_PLACEMENT_3D ( 'NONE', #1797, #4134, #6332 ) ;
#3530 = CARTESIAN_POINT ( 'NONE',  ( 4.592425496802573972E-16, 71.50000000273118417, 2.500000000000000000 ) ) ;
#3531 = LINE ( 'NONE', #332, #319 ) ;
#3532 = CARTESIAN_POINT ( 'NONE',  ( 1.035533905932770837, 69.31250000000001421, 2.499999999999968026 ) ) ;
#3533 = CIRCLE ( 'NONE', #3695, 0.9999999999999997780 ) ;
#3534 = CARTESIAN_POINT ( 'NONE',  ( 2.500000000000000444, 72.56250000000002842, -1.035533905932737975 ) ) ;
#3535 = AXIS2_PLACEMENT_3D ( 'NONE', #6820, #1090, #8300 ) ;
#3536 = AXIS2_PLACEMENT_3D ( 'NONE', #2879, #2317, #539 ) ;
#3537 = ORIENTED_EDGE ( 'NONE', *, *, #5728, .T. ) ;
#3538 = ORIENTED_EDGE ( 'NONE', *, *, #2045, .T. ) ;
#3539 = DIRECTION ( 'NONE',  ( 0.7071067811865479058, -6.062236545248822906E-17, 0.7071067811865471286 ) ) ;
#3540 = CARTESIAN_POINT ( 'NONE',  ( 3.041265874999999674, 73.25000000136559208, -1.259733572207478280 ) ) ;
#3541 = DIRECTION ( 'NONE',  ( 2.501589552824417682E-12, 0.000000000000000000, 1.000000000000000000 ) ) ;
#3542 = CIRCLE ( 'NONE', #2247, 6.850000000000000533 ) ;
#3543 = FACE_OUTER_BOUND ( 'NONE', #3693, .T. ) ;
#3544 = AXIS2_PLACEMENT_3D ( 'NONE', #172, #8577, #2462 ) ;
#3545 = VERTEX_POINT ( 'NONE', #2607 ) ;
#3546 = CARTESIAN_POINT ( 'NONE',  ( -4.093034312038428268, 79.83309882937317070, 4.833098829373140504 ) ) ;
#3547 = DIRECTION ( 'NONE',  ( 0.000000000000000000, 0.000000000000000000, -1.000000000000000000 ) ) ;
#3548 = DIRECTION ( 'NONE',  ( -3.885780586188047891E-16, 1.000000000000000000, 2.603240987229339518E-29 ) ) ;
#3549 = ADVANCED_FACE ( 'NONE', ( #3219 ), #3939, .T. ) ;
#3550 = ORIENTED_EDGE ( 'NONE', *, *, #2866, .T. ) ;
#3551 = ORIENTED_EDGE ( 'NONE', *, *, #6720, .F. ) ;
#3552 = EDGE_CURVE ( 'NONE', #3239, #9037, #3267, .T. ) ;
#3553 = DIRECTION ( 'NONE',  ( 0.000000000000000000, 0.000000000000000000, 1.000000000000000000 ) ) ;
#3554 = CYLINDRICAL_SURFACE ( 'NONE', #9788, 6.000000000000000888 ) ;
#3555 = ADVANCED_FACE ( 'NONE', ( #2409 ), #8623, .F. ) ;
#3556 = CARTESIAN_POINT ( 'NONE',  ( 0.000000000000000000, 70.00000000000000000, 0.000000000000000000 ) ) ;
#3557 = DIRECTION ( 'NONE',  ( 0.9256659661250540294, 0.3783418020226822498, 0.000000000000000000 ) ) ;
#3558 = ORIENTED_EDGE ( 'NONE', *, *, #4799, .T. ) ;
#3559 = CYLINDRICAL_SURFACE ( 'NONE', #1111, 2.500000000000000000 ) ;
#3560 = DIRECTION ( 'NONE',  ( 0.7071067811865481278, 0.7071067811865469066, -1.029289323270714941E-16 ) ) ;
#3561 = DIRECTION ( 'NONE',  ( -3.885780586188047891E-16, 1.065500303100115213E-16, 1.000000000000000000 ) ) ;
#3562 = CARTESIAN_POINT ( 'NONE',  ( 3.041265875000001007, 76.00000000136559208, 1.259733572207477836 ) ) ;
#3563 = EDGE_CURVE ( 'NONE', #2914, #8599, #6634, .T. ) ;
#3564 = EDGE_LOOP ( 'NONE', ( #5970, #8592, #3511, #3284 ) ) ;
#3565 = CARTESIAN_POINT ( 'NONE',  ( 1.035533905932684906, 71.68750000000001421, -2.500000000000052847 ) ) ;
#3566 = CARTESIAN_POINT ( 'NONE',  ( 3.041265875000001007, 65.00000000136559208, 1.259733572207477836 ) ) ;
#3567 = CARTESIAN_POINT ( 'NONE',  ( 3.061616997868383141E-16, 70.00000000000000000, -2.500000000000000000 ) ) ;
#3568 = DIRECTION ( 'NONE',  ( 0.000000000000000000, 0.000000000000000000, 1.000000000000000000 ) ) ;
#3569 = CARTESIAN_POINT ( 'NONE',  ( -3.041265875000000563, 69.50000000136559208, -1.259733572207478058 ) ) ;
#3570 = EDGE_LOOP ( 'NONE', ( #9386, #7171, #6438, #6566, #2222 ) ) ;
#3571 = VECTOR ( 'NONE', #8174, 1000.000000000000000 ) ;
#3572 = ORIENTED_EDGE ( 'NONE', *, *, #2120, .F. ) ;
#3573 = CARTESIAN_POINT ( 'NONE',  ( 3.041265874999999674, 77.25000000136559208, -1.259733572207478280 ) ) ;
#3574 = CARTESIAN_POINT ( 'NONE',  ( 3.041265875000000563, 67.25000000136559208, -1.259733572207478502 ) ) ;
#3575 = VERTEX_POINT ( 'NONE', #1752 ) ;
#3576 = CARTESIAN_POINT ( 'NONE',  ( -2.150499723603738200, 74.68750000136559208, 2.150499723603739533 ) ) ;
#3577 = DIRECTION ( 'NONE',  ( -1.665334536937734071E-16, 4.229157726022815470E-17, 1.000000000000000000 ) ) ;
#3578 = AXIS2_PLACEMENT_3D ( 'NONE', #3657, #6773, #9875 ) ;
#3579 = CARTESIAN_POINT ( 'NONE',  ( 1.561251128379126385E-14, 99.00000000000001421, -20.00000000000000000 ) ) ;
#3580 = DIRECTION ( 'NONE',  ( -0.9606447433647389289, -0.2777799075629747705, 0.000000000000000000 ) ) ;
#3581 = CARTESIAN_POINT ( 'NONE',  ( -2.500000000000000444, 74.93750000000001421, -1.035533905932737753 ) ) ;
#3582 = ORIENTED_EDGE ( 'NONE', *, *, #3936, .T. ) ;
#3583 = ORIENTED_EDGE ( 'NONE', *, *, #1751, .F. ) ;
#3584 = CARTESIAN_POINT ( 'NONE',  ( 1.561251128379274375E-14, 114.9249999999999687, 5.637851296925531825E-15 ) ) ;
#3585 = EDGE_CURVE ( 'NONE', #5040, #752, #884, .T. ) ;
#3586 = VECTOR ( 'NONE', #9383, 1000.000000000000000 ) ;
#3587 = CARTESIAN_POINT ( 'NONE',  ( -3.041265874999999674, 70.62500000136559208, -1.259733572207478058 ) ) ;
#3588 = DIRECTION ( 'NONE',  ( -3.885780586188047891E-16, 1.065500303100115213E-16, 1.000000000000000000 ) ) ;
#3589 = CARTESIAN_POINT ( 'NONE',  ( -1.767766952966369098, 70.87500000000001421, -1.767766952966369098 ) ) ;
#3590 = ORIENTED_EDGE ( 'NONE', *, *, #2154, .T. ) ;
#3591 = CARTESIAN_POINT ( 'NONE',  ( -1.218713474383134265, 103.6427079885942675, -21.40000000000000213 ) ) ;
#3592 = CIRCLE ( 'NONE', #6210, 2.500000000000000000 ) ;
#3593 = CARTESIAN_POINT ( 'NONE',  ( -4.799937807795157774, 99.02443442854463740, -20.30000000000000071 ) ) ;
#3594 = ADVANCED_FACE ( 'NONE', ( #5716, #8826 ), #1852, .F. ) ;
#3595 = CARTESIAN_POINT ( 'NONE',  ( 10.50000000000001421, 99.00000000000001421, 19.99999999999999645 ) ) ;
#3596 = VERTEX_POINT ( 'NONE', #4474 ) ;
#3597 = VERTEX_POINT ( 'NONE', #3469 ) ;
#3598 = AXIS2_PLACEMENT_3D ( 'NONE', #302, #4373, #7478 ) ;
#3599 = DIRECTION ( 'NONE',  ( -1.545414501880661190E-16, -0.7071067811865487940, -0.7071067811865463515 ) ) ;
#3600 = CARTESIAN_POINT ( 'NONE',  ( -8.999999999999984013, 99.00000000000001421, 19.20000000000000639 ) ) ;
#3601 = LINE ( 'NONE', #1884, #8495 ) ;
#3602 = CARTESIAN_POINT ( 'NONE',  ( 2.500000000000000000, 67.50000000000000000, -3.061616997868383141E-16 ) ) ;
#3603 = ORIENTED_EDGE ( 'NONE', *, *, #2281, .T. ) ;
#3604 = DIRECTION ( 'NONE',  ( 5.665246594868397106E-32, -0.7071067811865457964, 0.7071067811865492381 ) ) ;
#3605 = AXIS2_PLACEMENT_3D ( 'NONE', #7943, #4891, #8095 ) ;
#3606 = CARTESIAN_POINT ( 'NONE',  ( 11.00000000000001421, 79.06250000000004263, 14.06250000000002132 ) ) ;
#3607 = DIRECTION ( 'NONE',  ( -0.9634848649536252863, -0.2677627961560277714, 0.000000000000000000 ) ) ;
#3608 = CARTESIAN_POINT ( 'NONE',  ( -3.041265874999999674, 72.50000000136559208, -1.259733572207478058 ) ) ;
#3609 = EDGE_CURVE ( 'NONE', #8096, #3064, #8402, .T. ) ;
#3610 = EDGE_CURVE ( 'NONE', #5681, #5425, #2566, .T. ) ;
#3611 = AXIS2_PLACEMENT_3D ( 'NONE', #4302, #1299, #9801 ) ;
#3612 = ORIENTED_EDGE ( 'NONE', *, *, #8705, .F. ) ;
#3613 = CARTESIAN_POINT ( 'NONE',  ( -2.500000000000000000, 65.00000000000000000, 0.000000000000000000 ) ) ;
#3614 = CARTESIAN_POINT ( 'NONE',  ( -1.727327086636849307, 105.5802794771783653, -21.40000000000000213 ) ) ;
#3615 = DIRECTION ( 'NONE',  ( 5.551115123125783935E-17, -6.662983475941639612E-17, -1.000000000000000000 ) ) ;
#3616 = EDGE_CURVE ( 'NONE', #5359, #4421, #6152, .T. ) ;
#3617 = DIRECTION ( 'NONE',  ( 5.551115123125783935E-17, -6.662983475941639612E-17, -1.000000000000000000 ) ) ;
#3618 = CARTESIAN_POINT ( 'NONE',  ( 1.593170040337102357E-15, 83.55000000000002558, -1.067328804764031080E-28 ) ) ;
#3619 = CARTESIAN_POINT ( 'NONE',  ( 1.767766952966368654, 77.87500000273118417, -1.767766952966369098 ) ) ;
#3620 = CARTESIAN_POINT ( 'NONE',  ( 2.150499723603738644, 69.18750000136560629, -2.150499723603739088 ) ) ;
#3621 = ORIENTED_EDGE ( 'NONE', *, *, #2220, .F. ) ;
#3622 = VERTEX_POINT ( 'NONE', #6873 ) ;
#3623 = CARTESIAN_POINT ( 'NONE',  ( -2.150499723603739088, 75.56250000136559208, -2.150499723603739088 ) ) ;
#3624 = CARTESIAN_POINT ( 'NONE',  ( -3.041265875000000118, 67.68750000136560629, 0.000000000000000000 ) ) ;
#3625 = ORIENTED_EDGE ( 'NONE', *, *, #10022, .F. ) ;
#3626 = CARTESIAN_POINT ( 'NONE',  ( 3.041265874999999674, 76.12500000136559208, -1.259733572207478280 ) ) ;
#3627 = CARTESIAN_POINT ( 'NONE',  ( 0.03755056118605316212, 81.90000000000003411, 0.4771251183726197276 ) ) ;
#3628 = CARTESIAN_POINT ( 'NONE',  ( -1.530808498934191571E-16, 68.00000000273119838, -2.500000000000000000 ) ) ;
#3629 = AXIS2_PLACEMENT_3D ( 'NONE', #1597, #7144, #9380 ) ;
#3630 = DIRECTION ( 'NONE',  ( -0.4888958147463142723, -0.8723421819008511102, 0.000000000000000000 ) ) ;
#3631 = AXIS2_PLACEMENT_3D ( 'NONE', #4010, #3190, #5496 ) ;
#3632 = CARTESIAN_POINT ( 'NONE',  ( 1.035533905932739085, 75.31250000000000000, 2.500000000000000000 ) ) ;
#3633 = ORIENTED_EDGE ( 'NONE', *, *, #2931, .T. ) ;
#3634 = ORIENTED_EDGE ( 'NONE', *, *, #6679, .F. ) ;
#3635 = CARTESIAN_POINT ( 'NONE',  ( 0.7458814743014315907, 101.3535973064702773, -12.50000000000001243 ) ) ;
#3636 = CARTESIAN_POINT ( 'NONE',  ( -3.041265874999999674, 72.62500000136560629, -1.259733572207478058 ) ) ;
#3637 = CARTESIAN_POINT ( 'NONE',  ( 1.767766952966369320, 77.62500000273118417, 1.767766952966368654 ) ) ;
#3638 = CARTESIAN_POINT ( 'NONE',  ( -1.767766952966368432, 71.12500000000000000, 1.767766952966369320 ) ) ;
#3639 = ORIENTED_EDGE ( 'NONE', *, *, #3787, .T. ) ;
#3640 = LINE ( 'NONE', #8536, #6010 ) ;
#3641 = CARTESIAN_POINT ( 'NONE',  ( 0.7458814743014351434, 101.3535973064702773, -22.50000000000001421 ) ) ;
#3642 = EDGE_CURVE ( 'NONE', #3193, #4332, #4527, .T. ) ;
#3643 = CIRCLE ( 'NONE', #1867, 0.2000000000000300704 ) ;
#3644 = PLANE ( 'NONE',  #8873 ) ;
#3645 = ORIENTED_EDGE ( 'NONE', *, *, #2998, .F. ) ;
#3646 = VERTEX_POINT ( 'NONE', #6532 ) ;
#3647 = CARTESIAN_POINT ( 'NONE',  ( -2.500000000000000000, 77.31250000273121259, 1.035533905932739307 ) ) ;
#3648 = CARTESIAN_POINT ( 'NONE',  ( 1.561251128379126385E-14, 99.00000000000001421, -15.00000000000000533 ) ) ;
#3649 = CARTESIAN_POINT ( 'NONE',  ( 2.500000000000000444, 67.43750000000000000, 1.035533905932737309 ) ) ;
#3650 = VERTEX_POINT ( 'NONE', #8874 ) ;
#3651 = LINE ( 'NONE', #1275, #9072 ) ;
#3652 = LINE ( 'NONE', #9059, #8363 ) ;
#3653 = CARTESIAN_POINT ( 'NONE',  ( 1.767766952966368654, 70.87500000273119838, -1.767766952966369098 ) ) ;
#3654 = CARTESIAN_POINT ( 'NONE',  ( 3.041265875000001007, 72.00000000136559208, 1.259733572207477836 ) ) ;
#3655 = LINE ( 'NONE', #7300, #3863 ) ;
#3656 = EDGE_LOOP ( 'NONE', ( #5741, #2688 ) ) ;
#3657 = CARTESIAN_POINT ( 'NONE',  ( 0.000000000000000000, 76.25000000000000000, 0.000000000000000000 ) ) ;
#3658 = CARTESIAN_POINT ( 'NONE',  ( 0.000000000000000000, 70.00000000000000000, 0.000000000000000000 ) ) ;
#3659 = CARTESIAN_POINT ( 'NONE',  ( -2.150499723603739088, 65.43750000136559208, -2.150499723603739088 ) ) ;
#3660 = FACE_OUTER_BOUND ( 'NONE', #6148, .T. ) ;
#3661 = DIRECTION ( 'NONE',  ( 0.9256659661250540294, 0.3783418020226824163, 0.000000000000000000 ) ) ;
#3662 = CARTESIAN_POINT ( 'NONE',  ( -1.767766952966368432, 76.37500000273118417, 1.767766952966369320 ) ) ;
#3663 = CARTESIAN_POINT ( 'NONE',  ( -3.041265875000000563, 66.50000000136559208, -1.259733572207478058 ) ) ;
#3664 = ORIENTED_EDGE ( 'NONE', *, *, #443, .T. ) ;
#3665 = AXIS2_PLACEMENT_3D ( 'NONE', #850, #8440, #8635 ) ;
#3666 = CARTESIAN_POINT ( 'NONE',  ( 1.259733572207479835, 76.00000000136559208, 3.041265874999999230 ) ) ;
#3667 = CARTESIAN_POINT ( 'NONE',  ( -1.259733572207478058, 68.50000000136559208, -3.041265875000000563 ) ) ;
#3668 = EDGE_CURVE ( 'NONE', #3959, #5763, #2237, .T. ) ;
#3669 = ORIENTED_EDGE ( 'NONE', *, *, #7009, .T. ) ;
#3670 = EDGE_CURVE ( 'NONE', #5780, #9229, #3050, .T. ) ;
#3671 = CARTESIAN_POINT ( 'NONE',  ( -2.150499723603738200, 76.68750000136559208, 2.150499723603739533 ) ) ;
#3672 = DIRECTION ( 'NONE',  ( -8.011868568650901149E-32, 1.000000000000000000, 1.178574802204324542E-16 ) ) ;
#3673 = VECTOR ( 'NONE', #1608, 1000.000000000000000 ) ;
#3674 = EDGE_CURVE ( 'NONE', #9186, #2964, #5013, .T. ) ;
#3675 = CARTESIAN_POINT ( 'NONE',  ( -1.767766952966369098, 74.87500000000000000, -1.767766952966369098 ) ) ;
#3676 = CIRCLE ( 'NONE', #2606, 6.000000000000000888 ) ;
#3677 = CARTESIAN_POINT ( 'NONE',  ( 2.500000000000000000, 69.50000000000000000, -3.061616997868383141E-16 ) ) ;
#3678 = CARTESIAN_POINT ( 'NONE',  ( 2.500000000000000444, 75.56250000000002842, -1.035533905932737975 ) ) ;
#3679 = VERTEX_POINT ( 'NONE', #8113 ) ;
#3680 = VERTEX_POINT ( 'NONE', #2709 ) ;
#3681 = AXIS2_PLACEMENT_3D ( 'NONE', #8217, #6742, #3672 ) ;
#3682 = DIRECTION ( 'NONE',  ( 8.011868568650901149E-32, -1.000000000000000000, -1.178574802204324542E-16 ) ) ;
#3683 = CARTESIAN_POINT ( 'NONE',  ( -2.150499723603739088, 71.56250000136560629, -2.150499723603739088 ) ) ;
#3684 = CARTESIAN_POINT ( 'NONE',  ( -5.955997408861343878, 97.27776457310957881, -19.79999999999996874 ) ) ;
#3685 = CARTESIAN_POINT ( 'NONE',  ( -2.500000000000000000, 71.06249999999998579, 1.035533905932739307 ) ) ;
#3686 = VERTEX_POINT ( 'NONE', #2182 ) ;
#3687 = DIRECTION ( 'NONE',  ( 2.501589552824417278E-12, 9.460304020253025078E-28, 1.000000000000000000 ) ) ;
#3688 = CARTESIAN_POINT ( 'NONE',  ( -4.169085292408306387, 96.62119193194901356, -21.40000000000000213 ) ) ;
#3689 = AXIS2_PLACEMENT_3D ( 'NONE', #4629, #7631, #9969 ) ;
#3690 = CIRCLE ( 'NONE', #609, 1.024434782608708572 ) ;
#3691 = DIRECTION ( 'NONE',  ( -8.011868568650901149E-32, 1.000000000000000000, 1.178574802204324542E-16 ) ) ;
#3692 = ORIENTED_EDGE ( 'NONE', *, *, #4429, .T. ) ;
#3693 = EDGE_LOOP ( 'NONE', ( #6867, #1192, #9461, #6821 ) ) ;
#3694 = DIRECTION ( 'NONE',  ( -1.665334536937734071E-16, 4.229157726022815470E-17, 1.000000000000000000 ) ) ;
#3695 = AXIS2_PLACEMENT_3D ( 'NONE', #8097, #1174, #5905 ) ;
#3696 = AXIS2_PLACEMENT_3D ( 'NONE', #1207, #4261, #338 ) ;
#3697 = CARTESIAN_POINT ( 'NONE',  ( 2.789297643080071723E-15, 99.00000000000001421, 68.00000000000000000 ) ) ;
#3698 = CARTESIAN_POINT ( 'NONE',  ( 1.035533905932760179, 67.31250000000000000, 2.499999999999978684 ) ) ;
#3699 = ORIENTED_EDGE ( 'NONE', *, *, #8940, .T. ) ;
#3700 = DIRECTION ( 'NONE',  ( -1.665334536937734071E-16, 4.229157726022815470E-17, 1.000000000000000000 ) ) ;
#3701 = DIRECTION ( 'NONE',  ( -1.000000000000000000, -3.885780586188047398E-16, 2.501589552824417682E-12 ) ) ;
#3702 = DIRECTION ( 'NONE',  ( -1.665334536937734071E-16, 4.229157726022815470E-17, 1.000000000000000000 ) ) ;
#3703 = CARTESIAN_POINT ( 'NONE',  ( 5.586714778762236360E-16, 73.81250000136559208, 3.041265875000000118 ) ) ;
#3704 = DIRECTION ( 'NONE',  ( 5.551115123125783935E-17, -6.662983475941639612E-17, -1.000000000000000000 ) ) ;
#3705 = ORIENTED_EDGE ( 'NONE', *, *, #2873, .T. ) ;
#3706 = CARTESIAN_POINT ( 'NONE',  ( -2.409865165403973997, 107.6713637845827236, 19.20000000000000995 ) ) ;
#3707 = DIRECTION ( 'NONE',  ( -8.011868568650901149E-32, 1.000000000000000000, -8.773937619163357272E-17 ) ) ;
#3708 = EDGE_CURVE ( 'NONE', #3231, #9164, #2054, .T. ) ;
#3709 = FACE_OUTER_BOUND ( 'NONE', #5014, .T. ) ;
#3710 = FACE_OUTER_BOUND ( 'NONE', #899, .T. ) ;
#3711 = DIRECTION ( 'NONE',  ( 3.654459117618455439E-16, -1.199456548643360156E-16, -1.000000000000000000 ) ) ;
#3712 = CARTESIAN_POINT ( 'NONE',  ( -7.127020707205905206E-12, 81.90000000000003411, -2.849999999999996536 ) ) ;
#3713 = CARTESIAN_POINT ( 'NONE',  ( -2.500000000000000000, 76.31250000273121259, 1.035533905932739307 ) ) ;
#3714 = CARTESIAN_POINT ( 'NONE',  ( 3.041265875000000118, 67.06250000136560629, -3.724476519174824240E-16 ) ) ;
#3715 = ORIENTED_EDGE ( 'NONE', *, *, #1352, .F. ) ;
#3716 = EDGE_CURVE ( 'NONE', #2135, #7278, #1949, .T. ) ;
#3717 = CARTESIAN_POINT ( 'NONE',  ( 3.041265875000001007, 72.12500000136559208, 1.259733572207477836 ) ) ;
#3718 = CARTESIAN_POINT ( 'NONE',  ( 1.259733572207479835, 68.00000000136559208, 3.041265874999999230 ) ) ;
#3719 = ORIENTED_EDGE ( 'NONE', *, *, #885, .T. ) ;
#3720 = CARTESIAN_POINT ( 'NONE',  ( 2.150499723603739533, 74.93750000136559208, 2.150499723603738644 ) ) ;
#3721 = DIRECTION ( 'NONE',  ( 0.9634848649536337239, 0.2677627961559977399, 0.000000000000000000 ) ) ;
#3722 = CARTESIAN_POINT ( 'NONE',  ( -3.041265875000000563, 79.50000000136560629, -1.259733572207478058 ) ) ;
#3723 = VECTOR ( 'NONE', #7406, 1000.000000000000000 ) ;
#3724 = FACE_OUTER_BOUND ( 'NONE', #446, .T. ) ;
#3725 = PLANE ( 'NONE',  #114 ) ;
#3726 = EDGE_CURVE ( 'NONE', #852, #7006, #7635, .T. ) ;
#3727 = CARTESIAN_POINT ( 'NONE',  ( 2.500000000000000000, 70.50000000000000000, -3.061616997868383141E-16 ) ) ;
#3728 = ORIENTED_EDGE ( 'NONE', *, *, #9317, .F. ) ;
#3729 = ORIENTED_EDGE ( 'NONE', *, *, #7661, .F. ) ;
#3730 = EDGE_CURVE ( 'NONE', #4528, #6240, #4244, .T. ) ;
#3731 = DIRECTION ( 'NONE',  ( 0.000000000000000000, 1.000000000000000000, 0.000000000000000000 ) ) ;
#3732 = AXIS2_PLACEMENT_3D ( 'NONE', #3348, #3501, #5091 ) ;
#3733 = CARTESIAN_POINT ( 'NONE',  ( 3.041265875000001007, 74.12500000136559208, 1.259733572207477836 ) ) ;
#3734 = EDGE_CURVE ( 'NONE', #3416, #5163, #1270, .T. ) ;
#3735 = CARTESIAN_POINT ( 'NONE',  ( 2.500000000000000444, 77.81250000273119838, -1.035533905932737975 ) ) ;
#3736 = FACE_BOUND ( 'NONE', #5892, .T. ) ;
#3737 = ORIENTED_EDGE ( 'NONE', *, *, #6847, .F. ) ;
#3738 = CARTESIAN_POINT ( 'NONE',  ( -1.767766952966369098, 79.12500000273118417, -1.767766952966369098 ) ) ;
#3739 = CARTESIAN_POINT ( 'NONE',  ( 1.035533905932753518, 75.93750000273119838, -2.499999999999984457 ) ) ;
#3740 = CIRCLE ( 'NONE', #4895, 1.206000000000001293 ) ;
#3741 = LINE ( 'NONE', #3595, #5948 ) ;
#3742 = VERTEX_POINT ( 'NONE', #4428 ) ;
#3743 = ORIENTED_EDGE ( 'NONE', *, *, #2968, .F. ) ;
#3744 =( BOUNDED_CURVE ( )  B_SPLINE_CURVE ( 2, ( #4266, #7520, #3638, #3685, #9903, #7374, #3589, #7567, #8947 ),
 .UNSPECIFIED., .F., .T. ) 
 B_SPLINE_CURVE_WITH_KNOTS ( ( 3, 2, 2, 2, 3 ),
 ( 0.5833333333333328152, 0.5916666666666661190, 0.5999999999999994227, 0.6083333333333328374, 0.6166666666666662522 ),
 .UNSPECIFIED. ) 
 CURVE ( )  GEOMETRIC_REPRESENTATION_ITEM ( )  RATIONAL_B_SPLINE_CURVE ( ( 1.000000000000005107, 0.9238795325112816315, 1.000000000000000000, 0.9238795325112867385, 1.000000000000000000, 0.9238795325112867385, 1.000000000000000000, 0.9238795325112908463, 0.9999999999999958922 ) ) 
 REPRESENTATION_ITEM ( '' )  );
#3745 = ORIENTED_EDGE ( 'NONE', *, *, #4105, .T. ) ;
#3746 = EDGE_CURVE ( 'NONE', #1475, #10015, #5294, .T. ) ;
#3747 = DIRECTION ( 'NONE',  ( -2.771172519036345232E-16, 8.684692346097759303E-17, 1.000000000000000000 ) ) ;
#3748 = AXIS2_PLACEMENT_3D ( 'NONE', #7771, #2271, #4714 ) ;
#3749 = DIRECTION ( 'NONE',  ( 5.551115123125783935E-17, -6.662983475941639612E-17, -1.000000000000000000 ) ) ;
#3750 = CARTESIAN_POINT ( 'NONE',  ( -1.767766952966369098, 69.12500000273119838, -1.767766952966369098 ) ) ;
#3751 = VERTEX_POINT ( 'NONE', #8928 ) ;
#3752 = LINE ( 'NONE', #3092, #9387 ) ;
#3753 = CARTESIAN_POINT ( 'NONE',  ( -2.500000000000000000, 74.31250000273121259, 1.035533905932739307 ) ) ;
#3754 = CARTESIAN_POINT ( 'NONE',  ( 1.154700538379253238, 82.51000000000003354, -2.888586803450264932E-12 ) ) ;
#3755 = CARTESIAN_POINT ( 'NONE',  ( -2.150499723603738200, 74.68750000136559208, 2.150499723603739533 ) ) ;
#3756 = DIRECTION ( 'NONE',  ( 0.000000000000000000, 0.000000000000000000, -1.000000000000000000 ) ) ;
#3757 = AXIS2_PLACEMENT_3D ( 'NONE', #6369, #8704, #9367 ) ;
#3758 = ORIENTED_EDGE ( 'NONE', *, *, #3297, .F. ) ;
#3759 = CARTESIAN_POINT ( 'NONE',  ( -1.259733572207478058, 75.50000000136560629, -3.041265875000000563 ) ) ;
#3760 = CARTESIAN_POINT ( 'NONE',  ( 3.968626966596900729, 76.25000000000001421, -4.499999999999997335 ) ) ;
#3761 = DIRECTION ( 'NONE',  ( -2.771172519036345232E-16, 8.684692346097759303E-17, 1.000000000000000000 ) ) ;
#3762 = CIRCLE ( 'NONE', #2308, 2.849999999999997868 ) ;
#3763 = FACE_BOUND ( 'NONE', #957, .T. ) ;
#3764 = CARTESIAN_POINT ( 'NONE',  ( 0.8563216227077111720, 92.25089264120899202, 21.39999999999999858 ) ) ;
#3765 = CYLINDRICAL_SURFACE ( 'NONE', #3355, 6.850000000000000533 ) ;
#3766 = CARTESIAN_POINT ( 'NONE',  ( 2.500000000000000444, 77.81250000273119838, -1.035533905932737975 ) ) ;
#3767 = CARTESIAN_POINT ( 'NONE',  ( -1.259733572207478058, 65.37500000136559208, -3.041265875000000563 ) ) ;
#3768 = ORIENTED_EDGE ( 'NONE', *, *, #9089, .T. ) ;
#3769 = CIRCLE ( 'NONE', #5413, 9.704347826086959117 ) ;
#3770 = EDGE_CURVE ( 'NONE', #2987, #1440, #7537, .T. ) ;
#3771 = AXIS2_PLACEMENT_3D ( 'NONE', #5286, #2226, #4518 ) ;
#3772 = CARTESIAN_POINT ( 'NONE',  ( 2.150499723603739533, 74.06250000136559208, 2.150499723603738644 ) ) ;
#3773 = EDGE_LOOP ( 'NONE', ( #5416, #8391 ) ) ;
#3774 = VERTEX_POINT ( 'NONE', #4192 ) ;
#3775 = CARTESIAN_POINT ( 'NONE',  ( -2.150499723603738200, 72.68750000136559208, 2.150499723603739533 ) ) ;
#3776 = FACE_OUTER_BOUND ( 'NONE', #5136, .T. ) ;
#3777 = CARTESIAN_POINT ( 'NONE',  ( 3.041265875000000118, 79.06250000136559208, -3.724476519174824240E-16 ) ) ;
#3778 = FACE_OUTER_BOUND ( 'NONE', #8493, .T. ) ;
#3779 = DIRECTION ( 'NONE',  ( -0.9606447433647389289, -0.2777799075629747705, 0.000000000000000000 ) ) ;
#3780 = CARTESIAN_POINT ( 'NONE',  ( 1.035533905932739085, 71.31250000000000000, 2.500000000000000000 ) ) ;
#3781 = ORIENTED_EDGE ( 'NONE', *, *, #4673, .F. ) ;
#3782 = ORIENTED_EDGE ( 'NONE', *, *, #4115, .T. ) ;
#3783 = DIRECTION ( 'NONE',  ( -8.011868568650901149E-32, 1.000000000000000000, -8.773937619163357272E-17 ) ) ;
#3784 = CARTESIAN_POINT ( 'NONE',  ( 3.041265875000000118, 70.18750000136560629, -3.724476519174824240E-16 ) ) ;
#3785 = DIRECTION ( 'NONE',  ( 0.000000000000000000, 1.000000000000000000, 0.000000000000000000 ) ) ;
#3786 = AXIS2_PLACEMENT_3D ( 'NONE', #6569, #4328, #8965 ) ;
#3787 = EDGE_CURVE ( 'NONE', #9816, #501, #3655, .T. ) ;
#3788 = DIRECTION ( 'NONE',  ( -9.398538128609710963E-32, 1.000000000000000000, -8.773937619163357272E-17 ) ) ;
#3789 = LINE ( 'NONE', #6906, #6743 ) ;
#3790 = VERTEX_POINT ( 'NONE', #9872 ) ;
#3791 = PLANE ( 'NONE',  #8916 ) ;
#3792 = CARTESIAN_POINT ( 'NONE',  ( -2.500000000000000000, 74.06250000000000000, 1.035533905932739307 ) ) ;
#3793 = CARTESIAN_POINT ( 'NONE',  ( 4.004777608356103478E-12, 81.90000000000003411, 1.599999999999990985 ) ) ;
#3794 = ORIENTED_EDGE ( 'NONE', *, *, #9876, .F. ) ;
#3795 = VERTEX_POINT ( 'NONE', #6006 ) ;
#3796 = ORIENTED_EDGE ( 'NONE', *, *, #9343, .F. ) ;
#3797 = EDGE_CURVE ( 'NONE', #9563, #2487, #2772, .T. ) ;
#3798 = AXIS2_PLACEMENT_3D ( 'NONE', #7581, #2944, #6817 ) ;
#3799 = LINE ( 'NONE', #6812, #2597 ) ;
#3800 = EDGE_CURVE ( 'NONE', #4014, #389, #2386, .T. ) ;
#3801 = CARTESIAN_POINT ( 'NONE',  ( 1.561251128379126385E-14, 79.50000000000002842, 4.122794866321867394E-15 ) ) ;
#3802 = CARTESIAN_POINT ( 'NONE',  ( 1.035533905932737531, 70.93750000273118417, -2.500000000000000444 ) ) ;
#3803 = EDGE_CURVE ( 'NONE', #8010, #6843, #9460, .T. ) ;
#3804 = ORIENTED_EDGE ( 'NONE', *, *, #3352, .F. ) ;
#3805 = CARTESIAN_POINT ( 'NONE',  ( -1.530808498934191571E-16, 79.75000000000000000, -2.500000000000000000 ) ) ;
#3806 = LINE ( 'NONE', #6313, #9004 ) ;
#3807 = CARTESIAN_POINT ( 'NONE',  ( 3.041265874999999674, 74.12500000136559208, -1.259733572207478280 ) ) ;
#3808 =( BOUNDED_CURVE ( )  B_SPLINE_CURVE ( 2, ( #10045, #3938, #7046, #6284, #5319, #5469, #2969, #1400, #6236 ),
 .UNSPECIFIED., .F., .T. ) 
 B_SPLINE_CURVE_WITH_KNOTS ( ( 3, 2, 2, 2, 3 ),
 ( 0.4166666666666670182, 0.4250000000000003220, 0.4333333333333336812, 0.4416666666666670404, 0.4500000000000003997 ),
 .UNSPECIFIED. ) 
 CURVE ( )  GEOMETRIC_REPRESENTATION_ITEM ( )  RATIONAL_B_SPLINE_CURVE ( ( 0.9999999999999970024, 0.9238795325112897361, 1.000000000000000000, 0.9238795325112867385, 1.000000000000000000, 0.9238795325112867385, 1.000000000000000000, 0.9238795325112831858, 1.000000000000003553 ) ) 
 REPRESENTATION_ITEM ( '' )  );
#3809 = DIRECTION ( 'NONE',  ( 0.7071067811865475727, 8.333782347742725720E-17, -0.7071067811865475727 ) ) ;
#3810 = VERTEX_POINT ( 'NONE', #4779 ) ;
#3811 = ORIENTED_EDGE ( 'NONE', *, *, #7974, .F. ) ;
#3812 = CIRCLE ( 'NONE', #9180, 6.000000000000000888 ) ;
#3813 = CARTESIAN_POINT ( 'NONE',  ( 3.041265875000000563, 74.25000000136559208, -1.259733572207478502 ) ) ;
#3814 = LINE ( 'NONE', #613, #6529 ) ;
#3815 = DIRECTION ( 'NONE',  ( 5.551115123125783935E-17, -6.662983475941639612E-17, -1.000000000000000000 ) ) ;
#3816 = CARTESIAN_POINT ( 'NONE',  ( -2.500000000000000000, 68.00000000000000000, 0.000000000000000000 ) ) ;
#3817 = DIRECTION ( 'NONE',  ( 0.9634848649536336129, 0.2677627961559977954, 0.000000000000000000 ) ) ;
#3818 = CARTESIAN_POINT ( 'NONE',  ( 2.500000000000000000, 73.75000000273118417, -3.061616997868383141E-16 ) ) ;
#3819 = CARTESIAN_POINT ( 'NONE',  ( 5.586714778762236360E-16, 66.81250000136559208, 3.041265875000000118 ) ) ;
#3820 = CARTESIAN_POINT ( 'NONE',  ( 2.150499723603739533, 72.06250000136560629, 2.150499723603738644 ) ) ;
#3821 = EDGE_LOOP ( 'NONE', ( #4514, #5064, #2104, #7769 ) ) ;
#3822 = ORIENTED_EDGE ( 'NONE', *, *, #6166, .T. ) ;
#3823 = CARTESIAN_POINT ( 'NONE',  ( 5.586714778762236360E-16, 72.81250000136559208, 3.041265875000000118 ) ) ;
#3824 = DIRECTION ( 'NONE',  ( -1.665334536937734071E-16, 4.229157726022815470E-17, 1.000000000000000000 ) ) ;
#3825 = ADVANCED_FACE ( 'NONE', ( #6218 ), #1625, .T. ) ;
#3826 = CIRCLE ( 'NONE', #9196, 5.999999999999999112 ) ;
#3827 = CARTESIAN_POINT ( 'NONE',  ( 2.234323837058129904E-15, 81.90000000000003411, -1.496863567656871919E-28 ) ) ;
#3828 = DIRECTION ( 'NONE',  ( 0.9634848649536336129, 0.2677627961559977954, 0.000000000000000000 ) ) ;
#3829 = CARTESIAN_POINT ( 'NONE',  ( 1.144903723515628919E-14, 99.00000000000001421, 16.00000000000000711 ) ) ;
#3830 = CARTESIAN_POINT ( 'NONE',  ( -2.500000000000000444, 67.93750000000000000, -1.035533905932737753 ) ) ;
#3831 = ORIENTED_EDGE ( 'NONE', *, *, #4550, .T. ) ;
#3832 = EDGE_LOOP ( 'NONE', ( #7698, #2450, #5536, #6619 ) ) ;
#3833 = AXIS2_PLACEMENT_3D ( 'NONE', #4729, #2485, #93 ) ;
#3834 = DIRECTION ( 'NONE',  ( 8.011868568650901149E-32, -1.000000000000000000, 1.455634920575271590E-16 ) ) ;
#3835 = CARTESIAN_POINT ( 'NONE',  ( -3.041265874999999674, 69.62500000136560629, -1.259733572207478058 ) ) ;
#3836 = CARTESIAN_POINT ( 'NONE',  ( 3.181149452793928046E-14, 99.00000000000000000, -20.30000000000000071 ) ) ;
#3837 = EDGE_CURVE ( 'NONE', #1496, #2573, #7773, .T. ) ;
#3838 = CARTESIAN_POINT ( 'NONE',  ( 2.500000000000000000, 77.75000000273118417, -3.061616997868383141E-16 ) ) ;
#3839 = DIRECTION ( 'NONE',  ( 0.000000000000000000, 0.000000000000000000, 1.000000000000000000 ) ) ;
#3840 = EDGE_LOOP ( 'NONE', ( #7443, #2019, #9455, #938 ) ) ;
#3841 = CARTESIAN_POINT ( 'NONE',  ( 7.804227406124433664, 101.1688786488636111, 68.00000000000000000 ) ) ;
#3842 = LINE ( 'NONE', #895, #8481 ) ;
#3843 = VECTOR ( 'NONE', #679, 1000.000000000000000 ) ;
#3844 = FACE_OUTER_BOUND ( 'NONE', #728, .T. ) ;
#3845 = ORIENTED_EDGE ( 'NONE', *, *, #3147, .T. ) ;
#3846 = ORIENTED_EDGE ( 'NONE', *, *, #6794, .F. ) ;
#3847 = EDGE_CURVE ( 'NONE', #2374, #2573, #9313, .T. ) ;
#3848 = ORIENTED_EDGE ( 'NONE', *, *, #2931, .F. ) ;
#3849 = CARTESIAN_POINT ( 'NONE',  ( 4.592425496802573972E-16, 79.25000000000000000, 2.500000000000000000 ) ) ;
#3850 = AXIS2_PLACEMENT_3D ( 'NONE', #7493, #2039, #5868 ) ;
#3851 = CARTESIAN_POINT ( 'NONE',  ( 2.918359998105447388E-14, 80.00000000000002842, 5.637851296924623057E-15 ) ) ;
#3852 = CARTESIAN_POINT ( 'NONE',  ( 1.767766952966368654, 67.87500000273119838, -1.767766952966369098 ) ) ;
#3853 = AXIS2_PLACEMENT_3D ( 'NONE', #983, #2554, #5663 ) ;
#3854 = VERTEX_POINT ( 'NONE', #2337 ) ;
#3855 = CARTESIAN_POINT ( 'NONE',  ( -4.443196637400237847, 97.18395935029116117, 21.39999999999999858 ) ) ;
#3856 = CARTESIAN_POINT ( 'NONE',  ( 1.561251128379126385E-14, 99.00000000000001421, -15.00000000000000355 ) ) ;
#3857 = CARTESIAN_POINT ( 'NONE',  ( 1.259733572207478058, 70.25000000136559208, -3.041265874999999674 ) ) ;
#3858 = CARTESIAN_POINT ( 'NONE',  ( 7.832763439007586648, 99.98457481059220697, -21.39999999999999858 ) ) ;
#3859 = VERTEX_POINT ( 'NONE', #3097 ) ;
#3860 = EDGE_CURVE ( 'NONE', #5910, #3597, #4632, .T. ) ;
#3861 = CONICAL_SURFACE ( 'NONE', #6151, 10.49999999999999822, 0.7853981633974482790 ) ;
#3862 = ORIENTED_EDGE ( 'NONE', *, *, #1012, .T. ) ;
#3863 = VECTOR ( 'NONE', #320, 1000.000000000000000 ) ;
#3864 = EDGE_CURVE ( 'NONE', #3028, #2262, #4579, .T. ) ;
#3865 = CARTESIAN_POINT ( 'NONE',  ( -1.259733572207478725, 73.87500000136559208, 3.041265874999999230 ) ) ;
#3866 = DIRECTION ( 'NONE',  ( -0.9606447433647389289, -0.2777799075629749925, 0.000000000000000000 ) ) ;
#3867 = DIRECTION ( 'NONE',  ( 8.011868568650901149E-32, -1.000000000000000000, 2.991526032573998647E-17 ) ) ;
#3868 = FACE_OUTER_BOUND ( 'NONE', #7625, .T. ) ;
#3869 = DIRECTION ( 'NONE',  ( -0.000000000000000000, -1.000000000000000000, -0.000000000000000000 ) ) ;
#3870 = DIRECTION ( 'NONE',  ( 0.000000000000000000, -0.000000000000000000, 1.000000000000000000 ) ) ;
#3871 = CARTESIAN_POINT ( 'NONE',  ( 2.500000000000000444, 73.81250000273118417, -1.035533905932737975 ) ) ;
#3872 = ADVANCED_FACE ( 'NONE', ( #6977 ), #5399, .F. ) ;
#3873 = CARTESIAN_POINT ( 'NONE',  ( -3.041265875000000118, 66.56250000136559208, 0.000000000000000000 ) ) ;
#3874 = CARTESIAN_POINT ( 'NONE',  ( 2.150499723603738644, 71.31250000136560629, -2.150499723603739088 ) ) ;
#3875 = VERTEX_POINT ( 'NONE', #10075 ) ;
#3876 = CARTESIAN_POINT ( 'NONE',  ( -1.259733572207478502, 70.75000000136560629, 3.041265874999999230 ) ) ;
#3877 = DIRECTION ( 'NONE',  ( -0.8660254037844408170, -0.4999999999999961697, 0.000000000000000000 ) ) ;
#3878 = CARTESIAN_POINT ( 'NONE',  ( 3.041265875000000563, 79.12500000136560629, -1.259733572207478502 ) ) ;
#3879 = CARTESIAN_POINT ( 'NONE',  ( 0.8563216227077111720, 92.25089264120899202, 21.39999999999999858 ) ) ;
#3880 = CARTESIAN_POINT ( 'NONE',  ( 10.50000000000001421, 110.0000000000000142, 14.99999999999999289 ) ) ;
#3881 =( BOUNDED_CURVE ( )  B_SPLINE_CURVE ( 2, ( #2334, #9310, #5244, #4522, #7685, #761, #5289, #6164, #709 ),
 .UNSPECIFIED., .F., .T. ) 
 B_SPLINE_CURVE_WITH_KNOTS ( ( 3, 2, 2, 2, 3 ),
 ( 0.3500000000000003109, 0.3583333333333336701, 0.3666666666666669738, 0.3750000000000003331, 0.3833333333333336923 ),
 .UNSPECIFIED. ) 
 CURVE ( )  GEOMETRIC_REPRESENTATION_ITEM ( )  RATIONAL_B_SPLINE_CURVE ( ( 0.9999999999999970024, 0.9238795325112897361, 1.000000000000000000, 0.9238795325112867385, 1.000000000000000000, 0.9238795325112867385, 1.000000000000000000, 0.9238795325112837409, 1.000000000000003109 ) ) 
 REPRESENTATION_ITEM ( '' )  );
#3882 = CARTESIAN_POINT ( 'NONE',  ( -2.500000000000000444, 70.93750000000000000, -1.035533905932737753 ) ) ;
#3883 = ORIENTED_EDGE ( 'NONE', *, *, #6660, .T. ) ;
#3884 = DIRECTION ( 'NONE',  ( -1.000000000000000000, 0.000000000000000000, 0.000000000000000000 ) ) ;
#3885 = CARTESIAN_POINT ( 'NONE',  ( 1.259733572207479835, 69.00000000136559208, 3.041265874999999230 ) ) ;
#3886 = LINE ( 'NONE', #4608, #847 ) ;
#3887 = VECTOR ( 'NONE', #5024, 1000.000000000000114 ) ;
#3888 = LINE ( 'NONE', #9344, #6943 ) ;
#3889 = CARTESIAN_POINT ( 'NONE',  ( -1.035533905932727761, 66.18749999999998579, 2.500000000000010658 ) ) ;
#3890 = ORIENTED_EDGE ( 'NONE', *, *, #2589, .F. ) ;
#3891 = DIRECTION ( 'NONE',  ( -4.199509984885302464E-16, 2.269162886183642352E-17, 1.000000000000000000 ) ) ;
#3892 = DIRECTION ( 'NONE',  ( 0.9999870432906645679, -0.005090505946798764766, 0.000000000000000000 ) ) ;
#3893 = AXIS2_PLACEMENT_3D ( 'NONE', #6268, #2439, #5501 ) ;
#3894 = LINE ( 'NONE', #6204, #4809 ) ;
#3895 = EDGE_CURVE ( 'NONE', #8948, #1050, #4013, .T. ) ;
#3896 = ORIENTED_EDGE ( 'NONE', *, *, #8354, .F. ) ;
#3897 = ORIENTED_EDGE ( 'NONE', *, *, #5461, .F. ) ;
#3898 = ORIENTED_EDGE ( 'NONE', *, *, #10018, .T. ) ;
#3899 = CARTESIAN_POINT ( 'NONE',  ( -1.862238259587412120E-16, 79.43750000136559208, -3.041265875000000118 ) ) ;
#3900 = LINE ( 'NONE', #7018, #3937 ) ;
#3901 = CARTESIAN_POINT ( 'NONE',  ( 2.500000000000000444, 68.81250000273118417, -1.035533905932737975 ) ) ;
#3902 = APPROVAL_PERSON_ORGANIZATION ( #6654, #79, #2628 ) ;
#3903 = ORIENTED_EDGE ( 'NONE', *, *, #4055, .T. ) ;
#3904 = EDGE_CURVE ( 'NONE', #8339, #8117, #8603, .T. ) ;
#3905 = DIRECTION ( 'NONE',  ( 0.000000000000000000, 0.000000000000000000, 1.000000000000000000 ) ) ;
#3906 = CARTESIAN_POINT ( 'NONE',  ( -1.035533905932780607, 70.43750000273116996, 2.499999999999956923 ) ) ;
#3907 = CARTESIAN_POINT ( 'NONE',  ( -3.041265875000000118, 68.56250000136560629, 0.000000000000000000 ) ) ;
#3908 = CARTESIAN_POINT ( 'NONE',  ( 3.985202476878567978E-14, 99.00000000000001421, -67.99999999999998579 ) ) ;
#3909 = ORIENTED_EDGE ( 'NONE', *, *, #8417, .T. ) ;
#3910 = CC_DESIGN_SECURITY_CLASSIFICATION ( #7819, ( #334 ) ) ;
#3911 = ORIENTED_EDGE ( 'NONE', *, *, #5273, .T. ) ;
#3912 = CARTESIAN_POINT ( 'NONE',  ( 1.561251128379126385E-14, 99.00000000000001421, 20.00000000000000355 ) ) ;
#3913 = CARTESIAN_POINT ( 'NONE',  ( -3.968626966596869643, 76.25000000000001421, -4.499999999999993783 ) ) ;
#3914 = AXIS2_PLACEMENT_3D ( 'NONE', #6039, #5082, #5228 ) ;
#3915 = CARTESIAN_POINT ( 'NONE',  ( 1.561251128379126385E-14, 99.00000000000001421, -19.19999999999999929 ) ) ;
#3916 = DIRECTION ( 'NONE',  ( -0.9606447433647388179, -0.2777799075629757142, 0.000000000000000000 ) ) ;
#3917 = ADVANCED_FACE ( 'NONE', ( #3245 ), #1578, .F. ) ;
#3918 = CARTESIAN_POINT ( 'NONE',  ( -1.530808498934191571E-16, 74.00000000273118417, -2.500000000000000000 ) ) ;
#3919 = CARTESIAN_POINT ( 'NONE',  ( -1.259733572207478725, 64.75000000136559208, 3.041265874999999230 ) ) ;
#3920 = ADVANCED_FACE ( 'NONE', ( #3192 ), #6315, .F. ) ;
#3921 = TOROIDAL_SURFACE ( 'NONE', #7993, 1.599999999999991429, 0.1000000000000000056 ) ;
#3922 = EDGE_CURVE ( 'NONE', #7251, #738, #7787, .T. ) ;
#3923 = DESIGN_CONTEXT ( 'detailed design', #6675, 'design' ) ;
#3924 = CARTESIAN_POINT ( 'NONE',  ( 1.259733572207479835, 73.00000000136559208, 3.041265874999999230 ) ) ;
#3925 = EDGE_LOOP ( 'NONE', ( #2815, #1059, #6449, #3612 ) ) ;
#3926 = VECTOR ( 'NONE', #3711, 1000.000000000000000 ) ;
#3927 = EDGE_CURVE ( 'NONE', #4832, #714, #1405, .T. ) ;
#3928 = ADVANCED_FACE ( 'NONE', ( #9263 ), #2286, .F. ) ;
#3929 = DIRECTION ( 'NONE',  ( -0.4888958147463142723, -0.8723421819008511102, 0.000000000000000000 ) ) ;
#3930 = VECTOR ( 'NONE', #2363, 1000.000000000000000 ) ;
#3931 = CARTESIAN_POINT ( 'NONE',  ( 2.150499723603739533, 69.93750000136560629, 2.150499723603738644 ) ) ;
#3932 = PLANE ( 'NONE',  #5159 ) ;
#3933 = FACE_OUTER_BOUND ( 'NONE', #9580, .T. ) ;
#3934 = AXIS2_PLACEMENT_3D ( 'NONE', #3228, #6347, #333 ) ;
#3935 = CARTESIAN_POINT ( 'NONE',  ( -3.041265874999999230, 76.62500000136560629, 1.259733572207480057 ) ) ;
#3936 = EDGE_CURVE ( 'NONE', #6595, #1743, #1831, .T. ) ;
#3937 = VECTOR ( 'NONE', #855, 1000.000000000000000 ) ;
#3938 = CARTESIAN_POINT ( 'NONE',  ( 1.035533905932769283, 72.93750000273119838, -2.499999999999968914 ) ) ;
#3939 = PLANE ( 'NONE',  #2228 ) ;
#3940 = CARTESIAN_POINT ( 'NONE',  ( 2.500000000000000444, 70.56250000000002842, -1.035533905932737975 ) ) ;
#3941 = ORIENTED_EDGE ( 'NONE', *, *, #6108, .T. ) ;
#3942 = DIRECTION ( 'NONE',  ( 0.000000000000000000, 0.000000000000000000, 1.000000000000000000 ) ) ;
#3943 = CARTESIAN_POINT ( 'NONE',  ( -3.041265875000000118, 69.68750000136560629, 0.000000000000000000 ) ) ;
#3944 = CARTESIAN_POINT ( 'NONE',  ( 4.592425496802573972E-16, 75.25000000000000000, 2.500000000000000000 ) ) ;
#3945 = CARTESIAN_POINT ( 'NONE',  ( 2.918359998105447388E-14, 80.00000000000002842, 5.637851296924623057E-15 ) ) ;
#3946 = DIRECTION ( 'NONE',  ( 0.000000000000000000, 1.000000000000000000, 0.000000000000000000 ) ) ;
#3947 = ORIENTED_EDGE ( 'NONE', *, *, #5793, .F. ) ;
#3948 = CARTESIAN_POINT ( 'NONE',  ( 3.181149452793928046E-14, 99.00000000000000000, -20.30000000000000071 ) ) ;
#3949 = CARTESIAN_POINT ( 'NONE',  ( 0.000000000000000000, 70.00000000000000000, 0.000000000000000000 ) ) ;
#3950 = FACE_OUTER_BOUND ( 'NONE', #8109, .T. ) ;
#3951 = ORIENTED_EDGE ( 'NONE', *, *, #6296, .T. ) ;
#3952 = ORIENTED_EDGE ( 'NONE', *, *, #7057, .T. ) ;
#3953 = VERTEX_POINT ( 'NONE', #9716 ) ;
#3954 = DIRECTION ( 'NONE',  ( 3.885780586188047891E-16, -1.065500303100115213E-16, -1.000000000000000000 ) ) ;
#3955 = VECTOR ( 'NONE', #5743, 1000.000000000000000 ) ;
#3956 = CYLINDRICAL_SURFACE ( 'NONE', #4423, 9.000000000000000000 ) ;
#3957 = CARTESIAN_POINT ( 'NONE',  ( 4.592425496802573972E-16, 69.50000000273119838, 2.500000000000000000 ) ) ;
#3958 = EDGE_CURVE ( 'NONE', #2430, #2460, #6412, .T. ) ;
#3959 = VERTEX_POINT ( 'NONE', #3344 ) ;
#3960 = FACE_OUTER_BOUND ( 'NONE', #8554, .T. ) ;
#3961 = CARTESIAN_POINT ( 'NONE',  ( 1.561251128379126385E-14, 99.00000000000001421, 19.49999999999999645 ) ) ;
#3962 = CARTESIAN_POINT ( 'NONE',  ( 2.150499723603739533, 70.93750000136559208, 2.150499723603738644 ) ) ;
#3963 = CARTESIAN_POINT ( 'NONE',  ( -1.767766952966369098, 68.12500000273119838, -1.767766952966369098 ) ) ;
#3964 = ORIENTED_EDGE ( 'NONE', *, *, #70, .T. ) ;
#3965 = AXIS2_PLACEMENT_3D ( 'NONE', #1426, #3701, #8346 ) ;
#3966 = ORIENTED_EDGE ( 'NONE', *, *, #935, .T. ) ;
#3967 =( BOUNDED_CURVE ( )  B_SPLINE_CURVE ( 2, ( #3026, #8280, #2881, #3735, #3838, #9143, #3637, #7670, #7717 ),
 .UNSPECIFIED., .F., .F. ) 
 B_SPLINE_CURVE_WITH_KNOTS ( ( 3, 2, 2, 2, 3 ),
 ( 0.08333333333333341197, 0.09166666666666674346, 0.1000000000000000888, 0.1083333333333334342, 0.1166666666666667657 ),
 .UNSPECIFIED. ) 
 CURVE ( )  GEOMETRIC_REPRESENTATION_ITEM ( )  RATIONAL_B_SPLINE_CURVE ( ( 0.9999999999999992228, 0.9238795325112875156, 1.000000000000000000, 0.9238795325112867385, 1.000000000000000000, 0.9238795325112867385, 1.000000000000000000, 0.9238795325112858503, 1.000000000000000888 ) ) 
 REPRESENTATION_ITEM ( '' )  );
#3968 = CARTESIAN_POINT ( 'NONE',  ( -4.755941486852637290, 99.64886098174707740, 21.39999999999999503 ) ) ;
#3969 = CARTESIAN_POINT ( 'NONE',  ( 3.698209825012964128E-14, 99.00000000000001421, -16.29999999999999716 ) ) ;
#3970 = CARTESIAN_POINT ( 'NONE',  ( 2.500000000000000444, 74.68750000273119838, 1.035533905932737309 ) ) ;
#3971 = SPHERICAL_SURFACE ( 'NONE', #2891, 3.351416843938793466 ) ;
#3972 = CARTESIAN_POINT ( 'NONE',  ( -2.500000000000000444, 72.18750000273119838, -1.035533905932737753 ) ) ;
#3973 = DIRECTION ( 'NONE',  ( 0.9634848649536335019, 0.2677627961559977399, 0.000000000000000000 ) ) ;
#3974 = CARTESIAN_POINT ( 'NONE',  ( 5.586714778762236360E-16, 66.93750000136559208, 3.041265875000000118 ) ) ;
#3975 = ORIENTED_EDGE ( 'NONE', *, *, #9637, .T. ) ;
#3976 = DIRECTION ( 'NONE',  ( 5.551115123125783935E-17, -6.662983475941639612E-17, -1.000000000000000000 ) ) ;
#3977 = B_SPLINE_CURVE_WITH_KNOTS ( 'NONE', 3,
 ( #2168, #1362, #4462, #1415 ),
 .UNSPECIFIED., .F., .F.,
 ( 4, 4 ),
 ( 0.000000000000000000, 0.0007308272957725099736 ),
 .UNSPECIFIED. ) ;
#3978 = CARTESIAN_POINT ( 'NONE',  ( -1.862238259587412120E-16, 71.31250000136560629, -3.041265875000000118 ) ) ;
#3979 = CARTESIAN_POINT ( 'NONE',  ( -6.599871324932381711, 97.16582484633143224, 19.70000000000001350 ) ) ;
#3980 = CARTESIAN_POINT ( 'NONE',  ( 4.592425496802573972E-16, 74.50000000273118417, 2.500000000000000000 ) ) ;
#3981 = CARTESIAN_POINT ( 'NONE',  ( -2.150499723603739088, 73.43750000136559208, -2.150499723603739088 ) ) ;
#3982 = CARTESIAN_POINT ( 'NONE',  ( -3.041265874999999230, 78.62500000136560629, 1.259733572207480057 ) ) ;
#3983 = EDGE_CURVE ( 'NONE', #143, #9093, #5308, .T. ) ;
#3984 = CARTESIAN_POINT ( 'NONE',  ( 3.714308058870029403E-14, 99.00000000000001421, -19.20000000000000639 ) ) ;
#3985 = CARTESIAN_POINT ( 'NONE',  ( -1.259733572207478502, 78.87500000136560629, 3.041265874999999230 ) ) ;
#3986 = ORIENTED_EDGE ( 'NONE', *, *, #8977, .T. ) ;
#3987 = VECTOR ( 'NONE', #1758, 1000.000000000000000 ) ;
#3988 = EDGE_CURVE ( 'NONE', #6401, #8501, #9201, .T. ) ;
#3989 = FACE_OUTER_BOUND ( 'NONE', #1990, .T. ) ;
#3990 = EDGE_CURVE ( 'NONE', #5957, #7303, #7935, .T. ) ;
#3991 = CARTESIAN_POINT ( 'NONE',  ( -1.259733572207478058, 69.50000000136560629, -3.041265874999999674 ) ) ;
#3992 = CIRCLE ( 'NONE', #7891, 9.000000000000000000 ) ;
#3993 = DIRECTION ( 'NONE',  ( -2.771172519036345232E-16, 8.684692346097759303E-17, 1.000000000000000000 ) ) ;
#3994 = CARTESIAN_POINT ( 'NONE',  ( 2.487000723523301815, 104.4602955415613366, -20.30000000000001137 ) ) ;
#3995 = CARTESIAN_POINT ( 'NONE',  ( 1.767766952966368654, 71.87500000273118417, -1.767766952966369098 ) ) ;
#3996 = CARTESIAN_POINT ( 'NONE',  ( 2.782396080560154417, 105.2921757394963436, -20.30000000000000071 ) ) ;
#3997 = LINE ( 'NONE', #8886, #687 ) ;
#3998 = EDGE_CURVE ( 'NONE', #6415, #9186, #8901, .T. ) ;
#3999 = VECTOR ( 'NONE', #2737, 1000.000000000000000 ) ;
#4000 = CARTESIAN_POINT ( 'NONE',  ( -1.035533905932748411, 65.06250000273119838, -2.499999999999989786 ) ) ;
#4001 = ORIENTED_EDGE ( 'NONE', *, *, #6056, .T. ) ;
#4002 = VERTEX_POINT ( 'NONE', #1728 ) ;
#4003 = CARTESIAN_POINT ( 'NONE',  ( -2.500000000000000000, 72.06250000000000000, 1.035533905932739307 ) ) ;
#4004 = CARTESIAN_POINT ( 'NONE',  ( 1.561251128379126385E-14, 99.00000000000001421, 20.00000000000000000 ) ) ;
#4005 = CARTESIAN_POINT ( 'NONE',  ( 1.561251128379126385E-14, 99.00000000000001421, 20.00000000000000000 ) ) ;
#4006 = CARTESIAN_POINT ( 'NONE',  ( 2.500000000000000444, 65.81250000273118417, -1.035533905932737975 ) ) ;
#4007 = AXIS2_PLACEMENT_3D ( 'NONE', #4561, #8333, #5988 ) ;
#4008 = EDGE_LOOP ( 'NONE', ( #676, #2622, #4195, #5312 ) ) ;
#4009 = DIRECTION ( 'NONE',  ( -0.7071067811865474617, 6.204110788218154175E-17, 0.7071067811865474617 ) ) ;
#4010 = CARTESIAN_POINT ( 'NONE',  ( 1.561251128379126385E-14, 99.00000000000001421, 19.99999999999999645 ) ) ;
#4011 = AXIS2_PLACEMENT_3D ( 'NONE', #6442, #6493, #4916 ) ;
#4012 = CARTESIAN_POINT ( 'NONE',  ( -3.041265874999999230, 69.62500000136560629, 1.259733572207480057 ) ) ;
#4013 = LINE ( 'NONE', #8553, #7122 ) ;
#4014 = VERTEX_POINT ( 'NONE', #7323 ) ;
#4015 = ORIENTED_EDGE ( 'NONE', *, *, #7260, .T. ) ;
#4016 = ORIENTED_EDGE ( 'NONE', *, *, #1883, .T. ) ;
#4017 = AXIS2_PLACEMENT_3D ( 'NONE', #370, #1335, #5057 ) ;
#4018 = CIRCLE ( 'NONE', #3526, 9.704347826086959117 ) ;
#4019 = DIRECTION ( 'NONE',  ( 3.885780586188047891E-16, -1.065500303100115213E-16, -1.000000000000000000 ) ) ;
#4020 = DIRECTION ( 'NONE',  ( 0.9634848649536336129, 0.2677627961559977954, 0.000000000000000000 ) ) ;
#4021 = CARTESIAN_POINT ( 'NONE',  ( 1.767766952966368654, 78.62500000000000000, -1.767766952966369098 ) ) ;
#4022 = CYLINDRICAL_SURFACE ( 'NONE', #1269, 1.024434782608710126 ) ;
#4023 = CARTESIAN_POINT ( 'NONE',  ( -1.035533905932737753, 75.06250000273118417, -2.500000000000000444 ) ) ;
#4024 = CARTESIAN_POINT ( 'NONE',  ( 6.685091259270936170, 100.6256562801042520, 21.40000000000000213 ) ) ;
#4025 = AXIS2_PLACEMENT_3D ( 'NONE', #2494, #7944, #1787 ) ;
#4026 = VECTOR ( 'NONE', #6582, 1000.000000000000000 ) ;
#4027 = CARTESIAN_POINT ( 'NONE',  ( 1.259733572207478058, 70.37500000136560629, -3.041265874999999674 ) ) ;
#4028 = ORIENTED_EDGE ( 'NONE', *, *, #7846, .T. ) ;
#4029 = ADVANCED_FACE ( 'NONE', ( #8699 ), #9510, .F. ) ;
#4030 = DIRECTION ( 'NONE',  ( 5.665246594868428854E-32, -0.7071067811865499042, 0.7071067811865452413 ) ) ;
#4031 = CARTESIAN_POINT ( 'NONE',  ( 3.041265874999999674, 69.12500000136559208, -1.259733572207478280 ) ) ;
#4032 = CIRCLE ( 'NONE', #7612, 9.750000000000001776 ) ;
#4033 = CARTESIAN_POINT ( 'NONE',  ( -1.767766952966369098, 76.12500000273118417, -1.767766952966369098 ) ) ;
#4034 = CARTESIAN_POINT ( 'NONE',  ( 11.00000000000001421, 80.50000000000002842, 15.49999999999999289 ) ) ;
#4035 = CARTESIAN_POINT ( 'NONE',  ( -3.041265874999999230, 73.62500000136559208, 1.259733572207480057 ) ) ;
#4036 = EDGE_CURVE ( 'NONE', #6528, #1523, #1930, .T. ) ;
#4037 = CARTESIAN_POINT ( 'NONE',  ( -1.862238259587412120E-16, 78.31250000136559208, -3.041265875000000118 ) ) ;
#4038 = LINE ( 'NONE', #6386, #9548 ) ;
#4039 = CARTESIAN_POINT ( 'NONE',  ( -1.767766952966369098, 67.87500000000000000, -1.767766952966369098 ) ) ;
#4040 = CARTESIAN_POINT ( 'NONE',  ( 2.150499723603739533, 71.06250000136560629, 2.150499723603738644 ) ) ;
#4041 = ORIENTED_EDGE ( 'NONE', *, *, #1801, .T. ) ;
#4042 = CARTESIAN_POINT ( 'NONE',  ( 2.844530166967874730E-14, 81.90000000000003411, 5.637851296924671966E-15 ) ) ;
#4043 = CARTESIAN_POINT ( 'NONE',  ( 3.041265875000000118, 79.06250000136559208, -3.724476519174824240E-16 ) ) ;
#4044 = FACE_OUTER_BOUND ( 'NONE', #7457, .T. ) ;
#4045 = CARTESIAN_POINT ( 'NONE',  ( 1.035533905932774390, 72.68749999999998579, -2.499999999999963141 ) ) ;
#4046 = DIRECTION ( 'NONE',  ( -0.000000000000000000, -1.000000000000000000, -0.000000000000000000 ) ) ;
#4047 = LINE ( 'NONE', #7914, #646 ) ;
#4048 = EDGE_CURVE ( 'NONE', #7689, #4554, #8139, .T. ) ;
#4049 = DIRECTION ( 'NONE',  ( -3.885780586188047398E-16, 1.000000000000000000, 2.603240987229321021E-29 ) ) ;
#4050 = EDGE_CURVE ( 'NONE', #6861, #4381, #1244, .T. ) ;
#4051 = CARTESIAN_POINT ( 'NONE',  ( -1.767766952966368432, 79.12500000000000000, 1.767766952966369320 ) ) ;
#4052 = ORIENTED_EDGE ( 'NONE', *, *, #638, .F. ) ;
#4053 = VERTEX_POINT ( 'NONE', #1117 ) ;
#4054 = ORIENTED_EDGE ( 'NONE', *, *, #1801, .F. ) ;
#4055 = EDGE_CURVE ( 'NONE', #3597, #9718, #8851, .T. ) ;
#4056 = CARTESIAN_POINT ( 'NONE',  ( -3.041265874999999674, 75.62500000136559208, -1.259733572207478058 ) ) ;
#4057 = CARTESIAN_POINT ( 'NONE',  ( -6.580416492048422050, 97.09720763319364778, -67.99999999999998579 ) ) ;
#4058 = DIRECTION ( 'NONE',  ( 1.000000000000000000, 9.398538128609710963E-32, 0.000000000000000000 ) ) ;
#4059 = CARTESIAN_POINT ( 'NONE',  ( -1.767766952966369098, 67.12500000273119838, -1.767766952966369098 ) ) ;
#4060 = ORIENTED_EDGE ( 'NONE', *, *, #2998, .T. ) ;
#4061 = CARTESIAN_POINT ( 'NONE',  ( 7.781222421254423871, 101.2500172512601182, -67.99999999999998579 ) ) ;
#4062 = PLANE ( 'NONE',  #9487 ) ;
#4063 = CIRCLE ( 'NONE', #4709, 6.000000000000000888 ) ;
#4064 = CARTESIAN_POINT ( 'NONE',  ( -1.259733572207478058, 69.37500000136559208, -3.041265874999999674 ) ) ;
#4065 = CARTESIAN_POINT ( 'NONE',  ( -10.99999999999998401, 80.50000000000002842, 14.99999999999999467 ) ) ;
#4066 = EDGE_LOOP ( 'NONE', ( #2215, #2013 ) ) ;
#4067 = VERTEX_POINT ( 'NONE', #6559 ) ;
#4068 = ORIENTED_EDGE ( 'NONE', *, *, #764, .F. ) ;
#4069 = APPLICATION_CONTEXT ( 'configuration controlled 3d designs of mechanical parts and assemblies' ) ;
#4070 = CARTESIAN_POINT ( 'NONE',  ( -1.767766952966369098, 71.12500000273119838, -1.767766952966369098 ) ) ;
#4071 = AXIS2_PLACEMENT_3D ( 'NONE', #3912, #201, #2489 ) ;
#4072 = CARTESIAN_POINT ( 'NONE',  ( 1.561251128379126385E-14, 99.00000000000001421, 19.99999999999999645 ) ) ;
#4073 = CYLINDRICAL_SURFACE ( 'NONE', #1985, 9.704347826086959117 ) ;
#4074 = PLANE ( 'NONE',  #4025 ) ;
#4075 = CARTESIAN_POINT ( 'NONE',  ( -1.767766952966369098, 69.87500000000000000, -1.767766952966369098 ) ) ;
#4076 = FACE_OUTER_BOUND ( 'NONE', #1628, .T. ) ;
#4077 = AXIS2_PLACEMENT_3D ( 'NONE', #705, #8341, #8240 ) ;
#4078 = CARTESIAN_POINT ( 'NONE',  ( 5.586714778762236360E-16, 69.93750000136560629, 3.041265875000000118 ) ) ;
#4079 = ORIENTED_EDGE ( 'NONE', *, *, #2245, .T. ) ;
#4080 = AXIS2_PLACEMENT_3D ( 'NONE', #6960, #2325, #6096 ) ;
#4081 = CARTESIAN_POINT ( 'NONE',  ( 3.041265875000000118, 68.06250000136560629, -3.724476519174824240E-16 ) ) ;
#4082 = CARTESIAN_POINT ( 'NONE',  ( -1.767766952966368432, 78.12500000000000000, 1.767766952966369320 ) ) ;
#4083 = CARTESIAN_POINT ( 'NONE',  ( -4.860505996191813338, 92.81340116950470076, -21.40000000000000213 ) ) ;
#4084 = AXIS2_PLACEMENT_3D ( 'NONE', #7792, #8608, #4690 ) ;
#4085 = CARTESIAN_POINT ( 'NONE',  ( 3.041265875000000118, 73.06250000136559208, -3.724476519174824240E-16 ) ) ;
#4086 = EDGE_CURVE ( 'NONE', #9093, #3246, #9667, .T. ) ;
#4087 = CARTESIAN_POINT ( 'NONE',  ( -3.041265875000000118, 77.56250000136559208, 0.000000000000000000 ) ) ;
#4088 = DIRECTION ( 'NONE',  ( 3.126313675089213528E-17, 9.172147645215891396E-17, 1.000000000000000000 ) ) ;
#4089 = CARTESIAN_POINT ( 'NONE',  ( -1.035533905932738197, 65.18749999999998579, 2.500000000000000000 ) ) ;
#4090 = CARTESIAN_POINT ( 'NONE',  ( 5.586714778762236360E-16, 71.93750000136559208, 3.041265875000000118 ) ) ;
#4091 = ORIENTED_EDGE ( 'NONE', *, *, #6720, .T. ) ;
#4092 = CIRCLE ( 'NONE', #9624, 9.704347826086959117 ) ;
#4093 = CARTESIAN_POINT ( 'NONE',  ( 0.000000000000000000, 5.000000000000000000, 0.000000000000000000 ) ) ;
#4094 = CARTESIAN_POINT ( 'NONE',  ( -3.041265874999999674, 79.50000000136560629, -1.259733572207478058 ) ) ;
#4095 = CARTESIAN_POINT ( 'NONE',  ( -6.143273330438597911E-16, 98.99999999999998579, 22.49999999999998579 ) ) ;
#4096 = CIRCLE ( 'NONE', #5087, 6.000000000000000888 ) ;
#4097 = LINE ( 'NONE', #5524, #3400 ) ;
#4098 = CARTESIAN_POINT ( 'NONE',  ( -1.767766952966368432, 69.12500000000000000, 1.767766952966369320 ) ) ;
#4099 = VECTOR ( 'NONE', #6996, 1000.000000000000114 ) ;
#4100 = ADVANCED_FACE ( 'NONE', ( #1063 ), #2534, .F. ) ;
#4101 = CARTESIAN_POINT ( 'NONE',  ( 4.592425496802573972E-16, 79.25000000000000000, 2.500000000000000000 ) ) ;
#4102 = ORIENTED_EDGE ( 'NONE', *, *, #8719, .T. ) ;
#4103 = ORIENTED_EDGE ( 'NONE', *, *, #3904, .T. ) ;
#4104 = EDGE_LOOP ( 'NONE', ( #8189, #8225, #9960, #1403, #5587 ) ) ;
#4105 = EDGE_CURVE ( 'NONE', #2941, #3239, #4167, .T. ) ;
#4106 = CARTESIAN_POINT ( 'NONE',  ( -3.041265874999999674, 76.62500000136560629, -1.259733572207478058 ) ) ;
#4107 = APPROVAL_STATUS ( 'not_yet_approved' ) ;
#4108 = LINE ( 'NONE', #2428, #2961 ) ;
#4109 = CARTESIAN_POINT ( 'NONE',  ( -1.767766952966369098, 65.12500000273119838, -1.767766952966369098 ) ) ;
#4110 = ORIENTED_EDGE ( 'NONE', *, *, #6772, .T. ) ;
#4111 = LINE ( 'NONE', #905, #3212 ) ;
#4112 = CARTESIAN_POINT ( 'NONE',  ( 0.000000000000000000, 5.000000000000000000, 0.000000000000000000 ) ) ;
#4113 = CARTESIAN_POINT ( 'NONE',  ( 5.586714778762236360E-16, 65.81250000136559208, 3.041265875000000118 ) ) ;
#4114 = DIRECTION ( 'NONE',  ( -3.885780586188047891E-16, 1.000000000000000000, 2.603240987229339518E-29 ) ) ;
#4115 = EDGE_CURVE ( 'NONE', #8083, #1743, #7378, .T. ) ;
#4116 = ORIENTED_EDGE ( 'NONE', *, *, #6423, .F. ) ;
#4117 = EDGE_LOOP ( 'NONE', ( #2333, #2813 ) ) ;
#4118 = ORIENTED_EDGE ( 'NONE', *, *, #2866, .F. ) ;
#4119 = ADVANCED_FACE ( 'NONE', ( #245 ), #7275, .F. ) ;
#4120 = CARTESIAN_POINT ( 'NONE',  ( 3.696544490476026646E-14, 99.00000000000001421, -16.00000000000000355 ) ) ;
#4121 = CYLINDRICAL_SURFACE ( 'NONE', #4084, 9.704347826086959117 ) ;
#4122 = EDGE_CURVE ( 'NONE', #6692, #9564, #1876, .T. ) ;
#4123 = DIRECTION ( 'NONE',  ( -1.000000000000000000, 0.000000000000000000, 0.000000000000000000 ) ) ;
#4124 = CIRCLE ( 'NONE', #4146, 2.500000000000000000 ) ;
#4125 = DIRECTION ( 'NONE',  ( -8.011868568650901149E-32, 1.000000000000000000, -8.773937619163357272E-17 ) ) ;
#4126 = CARTESIAN_POINT ( 'NONE',  ( 0.000000000000000000, 70.00000000000000000, 0.000000000000000000 ) ) ;
#4127 = CARTESIAN_POINT ( 'NONE',  ( 1.593170040337102160E-15, 83.55000000000002558, -1.067328804764031080E-28 ) ) ;
#4128 = TOROIDAL_SURFACE ( 'NONE', #8191, 8.800000000000000711, 0.2000000000000350109 ) ;
#4129 = CARTESIAN_POINT ( 'NONE',  ( 3.041265875000000118, 68.18750000136560629, -3.724476519174824240E-16 ) ) ;
#4130 = ORIENTED_EDGE ( 'NONE', *, *, #2183, .F. ) ;
#4131 = DIRECTION ( 'NONE',  ( -1.000000000000000000, 0.000000000000000000, 0.000000000000000000 ) ) ;
#4132 = CARTESIAN_POINT ( 'NONE',  ( 2.150499723603739533, 66.93750000136559208, 2.150499723603738644 ) ) ;
#4133 = CARTESIAN_POINT ( 'NONE',  ( -1.767766952966368432, 76.37500000273118417, 1.767766952966369320 ) ) ;
#4134 = DIRECTION ( 'NONE',  ( 0.000000000000000000, -1.000000000000000000, 0.000000000000000000 ) ) ;
#4135 = CARTESIAN_POINT ( 'NONE',  ( -1.259733572207478058, 76.37500000136562051, -3.041265875000000563 ) ) ;
#4136 = VERTEX_POINT ( 'NONE', #5282 ) ;
#4137 = VECTOR ( 'NONE', #7207, 1000.000000000000000 ) ;
#4138 = CARTESIAN_POINT ( 'NONE',  ( 1.259733572207478058, 78.25000000136560629, -3.041265874999999674 ) ) ;
#4139 = CARTESIAN_POINT ( 'NONE',  ( 3.985202476878567978E-14, 99.00000000000001421, -67.99999999999998579 ) ) ;
#4140 =( BOUNDED_CURVE ( )  B_SPLINE_CURVE ( 2, ( #7657, #3722, #1501, #9331, #8426, #1598, #1399, #3878, #3777, #4600, #2355, #6945, #10044, #5420, #6892, #7607, #4650, #5468, #18, #6135, #9992, #2967, #786, #3068, #3016, #7756, #8523, #4495, #6838, #3118, #6235, #8571, #4700, #7804, #9941, #6082, #832, #6791, #9181, #9891, #6027, #2917, #2155, #5267, #882, #1033, #8620, #3935, #5664, #1645, #9429, #4135, #6333, #5512, #7245, #64, #5713, #9382, #2508, #2455, #3364, #4956, #8823, #1798, #9579, #4855, #5562, #4905, #3217, #7855, #9531, #8670, #264, #3162, #2602, #2556, #7093, #1697, #4752, #6432, #6482, #1848, #5613, #4800, #6383, #214, #7045, #113, #8058, #6282, #2406, #8721, #165, #1749, #7955, #4035, #7899, #7145, #3981, #8768, #931, #3265, #9480, #984, #4085, #7196, #3316, #8009, #9686, #6530, #9740, #8926, #1087, #6685, #4290, #4241, #5966, #4336, #9635, #9073, #5870, #8975, #1946, #1996, #1187, #4189, #420, #5156, #7450, #2759, #2656, #5110, #371, #3414, #5010, #8260, #2706, #1288, #5765, #2812, #2090, #5208, #2858, #9022, #6733, #8209, #6578, #2042, #3466, #8111, #9790, #5818, #4388, #7297, #9834, #5919, #7347, #5059, #8871, #7497, #1897, #3569, #317, #1137, #8160, #524, #3620, #7396, #3516, #6632, #1236, #474, #9, #3009, #570, #2248, #5358, #1491, #2347, #1337, #4644, #7746, #5306, #8462, #1542, #5412, #4438, #620, #6883, #10035, #1388, #4591, #9984, #7697, #776, #7594, #3060, #8364, #9221, #724, #3714, #9322, #2194, #672, #3819, #7549, #4484, #8311, #3873, #3663, #6123, #4537, #6936, #6179, #8414, #6830, #1439, #6780, #9274, #9119, #9931, #2958, #7646, #2298, #6073, #8514, #9172, #3767, #9883, #6987, #3110, #2910, #6229, #6016, #2145, #5259, #8709, #3919, #3354, #156, #7137 ),
 .UNSPECIFIED., .F., .T. ) 
 B_SPLINE_CURVE_WITH_KNOTS ( ( 3, 2, 2, 2, 2, 2, 2, 2, 2, 2, 2, 2, 2, 2, 2, 2, 2, 2, 2, 2, 2, 2, 2, 2, 2, 2, 2, 2, 2, 2, 2, 2, 2, 2, 2, 2, 2, 2, 2, 2, 2, 2, 2, 2, 2, 2, 2, 2, 2, 2, 2, 2, 2, 2, 2, 2, 2, 2, 2, 2, 2, 2, 2, 2, 2, 2, 2, 2, 2, 2, 2, 2, 2, 2, 2, 2, 2, 2, 2, 2, 2, 2, 2, 2, 2, 2, 2, 2, 2, 2, 2, 2, 2, 2, 2, 2, 2, 2, 2, 2, 2, 2, 2, 2, 2, 2, 2, 2, 2, 2, 2, 2, 2, 2, 2, 2, 2, 2, 2, 2, 3 ),
 ( 0.000000000000000000, 0.008333333333333333218, 0.01666666666666666644, 0.02500000000000000139, 0.03333333333333333287, 0.04166666666666666435, 0.05000000000000000278, 0.05833333333333333426, 0.06666666666666666574, 0.07499999999999999722, 0.08333333333333332871, 0.09166666666666666019, 0.1000000000000000056, 0.1083333333333333370, 0.1166666666666666685, 0.1250000000000000000, 0.1333333333333333315, 0.1416666666666666630, 0.1499999999999999944, 0.1583333333333333259, 0.1666666666666666574, 0.1749999999999999889, 0.1833333333333333204, 0.1916666666666666796, 0.2000000000000000111, 0.2083333333333333426, 0.2166666666666666741, 0.2250000000000000056, 0.2333333333333333370, 0.2416666666666666685, 0.2500000000000000000, 0.2583333333333333592, 0.2666666666666666630, 0.2750000000000000222, 0.2833333333333333259, 0.2916666666666666852, 0.2999999999999999889, 0.3083333333333333481, 0.3166666666666666519, 0.3250000000000000111, 0.3333333333333333148, 0.3416666666666666741, 0.3499999999999999778, 0.3583333333333333370, 0.3666666666666666408, 0.3750000000000000000, 0.3833333333333333592, 0.3916666666666666630, 0.4000000000000000222, 0.4083333333333333259, 0.4166666666666666852, 0.4249999999999999889, 0.4333333333333333481, 0.4416666666666666519, 0.4500000000000000111, 0.4583333333333333148, 0.4666666666666666741, 0.4749999999999999778, 0.4833333333333333370, 0.4916666666666666408, 0.5000000000000000000, 0.5083333333333333037, 0.5166666666666667185, 0.5250000000000000222, 0.5333333333333333259, 0.5416666666666666297, 0.5500000000000000444, 0.5583333333333333481, 0.5666666666666666519, 0.5749999999999999556, 0.5833333333333333703, 0.5916666666666666741, 0.5999999999999999778, 0.6083333333333332815, 0.6166666666666666963, 0.6250000000000000000, 0.6333333333333333037, 0.6416666666666667185, 0.6500000000000000222, 0.6583333333333333259, 0.6666666666666666297, 0.6750000000000000444, 0.6833333333333333481, 0.6916666666666666519, 0.6999999999999999556, 0.7083333333333333703, 0.7166666666666666741, 0.7249999999999999778, 0.7333333333333332815, 0.7416666666666666963, 0.7500000000000000000, 0.7583333333333333037, 0.7666666666666667185, 0.7750000000000000222, 0.7833333333333333259, 0.7916666666666666297, 0.8000000000000000444, 0.8083333333333333481, 0.8166666666666666519, 0.8249999999999999556, 0.8333333333333333703, 0.8416666666666666741, 0.8499999999999999778, 0.8583333333333332815, 0.8666666666666666963, 0.8750000000000000000, 0.8833333333333333037, 0.8916666666666667185, 0.9000000000000000222, 0.9083333333333333259, 0.9166666666666666297, 0.9250000000000000444, 0.9333333333333333481, 0.9416666666666666519, 0.9499999999999999556, 0.9583333333333333703, 0.9666666666666666741, 0.9749999999999999778, 0.9833333333333332815, 0.9916666666666666963, 1.000000000000000000 ),
 .UNSPECIFIED. ) 
 CURVE ( )  GEOMETRIC_REPRESENTATION_ITEM ( )  RATIONAL_B_SPLINE_CURVE ( ( 1.000000000000000000, 0.9238795325112867385, 1.000000000000000000, 0.9238795325112867385, 1.000000000000000000, 0.9238795325112867385, 1.000000000000000000, 0.9238795325112867385, 1.000000000000000000, 0.9238795325112867385, 1.000000000000000000, 0.9238795325112867385, 1.000000000000000000, 0.9238795325112867385, 1.000000000000000000, 0.9238795325112867385, 1.000000000000000000, 0.9238795325112867385, 1.000000000000000000, 0.9238795325112867385, 1.000000000000000000, 0.9238795325112867385, 1.000000000000000000, 0.9238795325112867385, 1.000000000000000000, 0.9238795325112867385, 1.000000000000000000, 0.9238795325112867385, 1.000000000000000000, 0.9238795325112867385, 1.000000000000000000, 0.9238795325112867385, 1.000000000000000000, 0.9238795325112867385, 1.000000000000000000, 0.9238795325112867385, 1.000000000000000000, 0.9238795325112867385, 1.000000000000000000, 0.9238795325112867385, 1.000000000000000000, 0.9238795325112867385, 1.000000000000000000, 0.9238795325112867385, 1.000000000000000000, 0.9238795325112867385, 1.000000000000000000, 0.9238795325112867385, 1.000000000000000000, 0.9238795325112867385, 1.000000000000000000, 0.9238795325112867385, 1.000000000000000000, 0.9238795325112867385, 1.000000000000000000, 0.9238795325112867385, 1.000000000000000000, 0.9238795325112867385, 1.000000000000000000, 0.9238795325112867385, 1.000000000000000000, 0.9238795325112867385, 1.000000000000000000, 0.9238795325112867385, 1.000000000000000000, 0.9238795325112867385, 1.000000000000000000, 0.9238795325112867385, 1.000000000000000000, 0.9238795325112867385, 1.000000000000000000, 0.9238795325112867385, 1.000000000000000000, 0.9238795325112867385, 1.000000000000000000, 0.9238795325112867385, 1.000000000000000000, 0.9238795325112867385, 1.000000000000000000, 0.9238795325112867385, 1.000000000000000000, 0.9238795325112867385, 1.000000000000000000, 0.9238795325112867385, 1.000000000000000000, 0.9238795325112867385, 1.000000000000000000, 0.9238795325112867385, 1.000000000000000000, 0.9238795325112867385, 1.000000000000000000, 0.9238795325112867385, 1.000000000000000000, 0.9238795325112867385, 1.000000000000000000, 0.9238795325112867385, 1.000000000000000000, 0.9238795325112867385, 1.000000000000000000, 0.9238795325112867385, 1.000000000000000000, 0.9238795325112867385, 1.000000000000000000, 0.9238795325112867385, 1.000000000000000000, 0.9238795325112867385, 1.000000000000000000, 0.9238795325112867385, 1.000000000000000000, 0.9238795325112867385, 1.000000000000000000, 0.9238795325112867385, 1.000000000000000000, 0.9238795325112867385, 1.000000000000000000, 0.9238795325112867385, 1.000000000000000000, 0.9238795325112867385, 1.000000000000000000, 0.9238795325112867385, 1.000000000000000000, 0.9238795325112867385, 1.000000000000000000, 0.9238795325112867385, 1.000000000000000000, 0.9238795325112867385, 1.000000000000000000, 0.9238795325112867385, 1.000000000000000000, 0.9238795325112867385, 1.000000000000000000, 0.9238795325112867385, 1.000000000000000000, 0.9238795325112867385, 1.000000000000000000, 0.9238795325112867385, 1.000000000000000000, 0.9238795325112867385, 1.000000000000000000, 0.9238795325112867385, 1.000000000000000000, 0.9238795325112867385, 1.000000000000000000, 0.9238795325112867385, 1.000000000000000000, 0.9238795325112867385, 1.000000000000000000, 0.9238795325112867385, 1.000000000000000000, 0.9238795325112867385, 1.000000000000000000, 0.9238795325112867385, 1.000000000000000000, 0.9238795325112867385, 1.000000000000000000, 0.9238795325112867385, 1.000000000000000000, 0.9238795325112867385, 1.000000000000000000, 0.9238795325112867385, 1.000000000000000000, 0.9238795325112867385, 1.000000000000000000, 0.9238795325112867385, 1.000000000000000000, 0.9238795325112867385, 1.000000000000000000, 0.9238795325112867385, 1.000000000000000000, 0.9238795325112867385, 1.000000000000000000, 0.9238795325112867385, 1.000000000000000000, 0.9238795325112867385, 1.000000000000000000, 0.9238795325112867385, 1.000000000000000000, 0.9238795325112867385, 1.000000000000000000, 0.9238795325112867385, 1.000000000000000000, 0.9238795325112867385, 1.000000000000000000, 0.9238795325112867385, 1.000000000000000000, 0.9238795325112867385, 1.000000000000000000, 0.9238795325112867385, 1.000000000000000000, 0.9238795325112867385, 1.000000000000000000, 0.9238795325112867385, 1.000000000000000000, 0.9238795325112867385, 1.000000000000000000, 0.9238795325112867385, 1.000000000000000000, 0.9238795325112867385, 1.000000000000000000, 0.9238795325112867385, 1.000000000000000000, 0.9238795325112867385, 1.000000000000000000, 0.9238795325112867385, 1.000000000000000000, 0.9238795325112867385, 1.000000000000000000, 0.9238795325112867385, 1.000000000000000000, 0.9238795325112867385, 1.000000000000000000, 0.9238795325112867385, 1.000000000000000000, 0.9238795325112867385, 1.000000000000000000, 0.9238795325112867385, 1.000000000000000000, 0.9238795325112867385, 1.000000000000000000, 0.9238795325112867385, 1.000000000000000000, 0.9238795325112867385, 1.000000000000000000, 0.9238795325112867385, 1.000000000000000000, 0.9238795325112867385, 1.000000000000000000, 0.9238795325112867385, 1.000000000000000000, 0.9238795325112867385, 1.000000000000000000, 0.9238795325112867385, 1.000000000000000000, 0.9238795325112867385, 1.000000000000000000, 0.9238795325112867385, 1.000000000000000000, 0.9238795325112867385, 1.000000000000000000, 0.9238795325112867385, 1.000000000000000000 ) ) 
 REPRESENTATION_ITEM ( '' )  );
#4141 = CARTESIAN_POINT ( 'NONE',  ( -1.530808498934191571E-16, 66.75000000000000000, -2.500000000000000000 ) ) ;
#4142 = CARTESIAN_POINT ( 'NONE',  ( 2.150499723603738644, 73.31250000136559208, -2.150499723603739088 ) ) ;
#4143 = ORIENTED_EDGE ( 'NONE', *, *, #6296, .F. ) ;
#4144 = CARTESIAN_POINT ( 'NONE',  ( -2.150499723603739088, 78.56250000136559208, -2.150499723603739088 ) ) ;
#4145 = ADVANCED_FACE ( 'NONE', ( #9908 ), #2022, .T. ) ;
#4146 = AXIS2_PLACEMENT_3D ( 'NONE', #55, #1227, #2801 ) ;
#4147 = CARTESIAN_POINT ( 'NONE',  ( 3.041265874999999674, 66.25000000136559208, -1.259733572207478280 ) ) ;
#4148 = CYLINDRICAL_SURFACE ( 'NONE', #112, 4.799999999999999822 ) ;
#4149 = FACE_OUTER_BOUND ( 'NONE', #4922, .T. ) ;
#4150 = CARTESIAN_POINT ( 'NONE',  ( 4.592425496802573972E-16, 73.50000000273118417, 2.500000000000000000 ) ) ;
#4151 = DIRECTION ( 'NONE',  ( 0.000000000000000000, 1.000000000000000000, 0.000000000000000000 ) ) ;
#4152 = CARTESIAN_POINT ( 'NONE',  ( -2.500000000000000000, 77.00000000000000000, 0.000000000000000000 ) ) ;
#4153 = EDGE_LOOP ( 'NONE', ( #1002, #5720 ) ) ;
#4154 = ORIENTED_EDGE ( 'NONE', *, *, #5362, .T. ) ;
#4155 = CARTESIAN_POINT ( 'NONE',  ( -2.933374888477875420, 93.76594690859488423, -20.30000000000001137 ) ) ;
#4156 = EDGE_CURVE ( 'NONE', #9549, #3751, #6712, .T. ) ;
#4157 = CARTESIAN_POINT ( 'NONE',  ( 3.041265875000000118, 75.18750000136559208, -3.724476519174824240E-16 ) ) ;
#4158 = CALENDAR_DATE ( 2026, 27, 4 ) ;
#4159 = FACE_OUTER_BOUND ( 'NONE', #7163, .T. ) ;
#4160 = CARTESIAN_POINT ( 'NONE',  ( -1.767766952966368432, 65.37500000273119838, 1.767766952966369320 ) ) ;
#4161 = VERTEX_POINT ( 'NONE', #9859 ) ;
#4162 = DIRECTION ( 'NONE',  ( 5.551115123125783935E-17, -6.662983475941639612E-17, -1.000000000000000000 ) ) ;
#4163 = DIRECTION ( 'NONE',  ( -6.645770043980238729E-32, 0.7071067811865462405, -0.7071067811865489050 ) ) ;
#4164 = AXIS2_PLACEMENT_3D ( 'NONE', #3083, #9197, #8589 ) ;
#4165 = CARTESIAN_POINT ( 'NONE',  ( -1.259733572207478058, 66.37500000136559208, -3.041265874999999674 ) ) ;
#4166 = ADVANCED_FACE ( 'NONE', ( #1313 ), #6756, .F. ) ;
#4167 = LINE ( 'NONE', #4272, #5628 ) ;
#4168 = VERTEX_POINT ( 'NONE', #5848 ) ;
#4169 = ORIENTED_EDGE ( 'NONE', *, *, #740, .T. ) ;
#4170 = ORIENTED_EDGE ( 'NONE', *, *, #8077, .F. ) ;
#4171 = DIRECTION ( 'NONE',  ( 0.000000000000000000, 1.000000000000000000, 0.000000000000000000 ) ) ;
#4172 = AXIS2_PLACEMENT_3D ( 'NONE', #7267, #9807, #2731 ) ;
#4173 = CARTESIAN_POINT ( 'NONE',  ( 3.211632350503328181E-14, 99.00000000000000000, -21.40000000000000213 ) ) ;
#4174 = CARTESIAN_POINT ( 'NONE',  ( 1.561251128379126385E-14, 110.0000000000000142, -19.50000000000000711 ) ) ;
#4175 = ORIENTED_EDGE ( 'NONE', *, *, #3895, .F. ) ;
#4176 = DIRECTION ( 'NONE',  ( 2.501589552824417278E-12, 0.000000000000000000, 1.000000000000000000 ) ) ;
#4177 = LINE ( 'NONE', #2544, #5593 ) ;
#4178 = CARTESIAN_POINT ( 'NONE',  ( 1.767766952966368654, 76.87500000273118417, -1.767766952966369098 ) ) ;
#4179 = EDGE_CURVE ( 'NONE', #1142, #5910, #5148, .T. ) ;
#4180 = AXIS2_PLACEMENT_3D ( 'NONE', #1235, #8973, #4335 ) ;
#4181 = EDGE_CURVE ( 'NONE', #8212, #7368, #593, .T. ) ;
#4182 = CARTESIAN_POINT ( 'NONE',  ( -1.259733572207478058, 70.50000000136559208, -3.041265874999999674 ) ) ;
#4183 = VERTEX_POINT ( 'NONE', #5233 ) ;
#4184 = FACE_OUTER_BOUND ( 'NONE', #6950, .T. ) ;
#4185 = CARTESIAN_POINT ( 'NONE',  ( 3.041265874999999674, 68.12500000136559208, -1.259733572207478280 ) ) ;
#4186 = EDGE_CURVE ( 'NONE', #4002, #9302, #6929, .T. ) ;
#4187 = LINE ( 'NONE', #7853, #8736 ) ;
#4188 = ORIENTED_EDGE ( 'NONE', *, *, #5336, .F. ) ;
#4189 = CARTESIAN_POINT ( 'NONE',  ( -1.259733572207478725, 71.75000000136559208, 3.041265874999999230 ) ) ;
#4190 = EDGE_LOOP ( 'NONE', ( #6448, #1040, #88, #4596 ) ) ;
#4191 = CIRCLE ( 'NONE', #3529, 6.000000000000000888 ) ;
#4192 = CARTESIAN_POINT ( 'NONE',  ( -4.755941486852637290, 99.64886098174707740, 21.39999999999999503 ) ) ;
#4193 = CARTESIAN_POINT ( 'NONE',  ( -2.500000000000000000, 66.00000000000000000, 0.000000000000000000 ) ) ;
#4194 = CARTESIAN_POINT ( 'NONE',  ( -3.041265875000000563, 69.62500000136560629, -1.259733572207478058 ) ) ;
#4195 = ORIENTED_EDGE ( 'NONE', *, *, #7699, .F. ) ;
#4196 = EDGE_CURVE ( 'NONE', #5825, #4452, #9039, .T. ) ;
#4197 = VECTOR ( 'NONE', #8048, 1000.000000000000114 ) ;
#4198 = CARTESIAN_POINT ( 'NONE',  ( -3.041265875000000563, 78.62500000136560629, -1.259733572207478058 ) ) ;
#4199 = VECTOR ( 'NONE', #3731, 1000.000000000000000 ) ;
#4200 = CARTESIAN_POINT ( 'NONE',  ( 1.259733572207479835, 66.00000000136559208, 3.041265874999999230 ) ) ;
#4201 = DIRECTION ( 'NONE',  ( 0.9999870432906646789, -0.005090505946802463197, 0.000000000000000000 ) ) ;
#4202 = CARTESIAN_POINT ( 'NONE',  ( 2.500000000000000444, 71.68750000273119838, 1.035533905932737309 ) ) ;
#4203 = DIRECTION ( 'NONE',  ( -0.7071067811865474617, -6.204110788218166501E-17, -0.7071067811865474617 ) ) ;
#4204 = CARTESIAN_POINT ( 'NONE',  ( 1.794230600916719931, 105.5623527345562849, -21.40000000000000213 ) ) ;
#4205 = VECTOR ( 'NONE', #1555, 1000.000000000000000 ) ;
#4206 = CARTESIAN_POINT ( 'NONE',  ( -1.767766952966368432, 78.12500000000000000, 1.767766952966369320 ) ) ;
#4207 = VERTEX_POINT ( 'NONE', #7572 ) ;
#4208 = ORIENTED_EDGE ( 'NONE', *, *, #5924, .T. ) ;
#4209 = B_SPLINE_CURVE_WITH_KNOTS ( 'NONE', 3,
 ( #4980, #3546, #8084, #6658 ),
 .UNSPECIFIED., .F., .F.,
 ( 4, 4 ),
 ( 0.000000000000000000, 0.0007308272957724604255 ),
 .UNSPECIFIED. ) ;
#4210 = CARTESIAN_POINT ( 'NONE',  ( 6.599871324932401251, 100.8341751536686104, 16.30000000000000426 ) ) ;
#4211 = CARTESIAN_POINT ( 'NONE',  ( -1.259733572207478058, 77.50000000136559208, -3.041265874999999674 ) ) ;
#4212 = PERSON_AND_ORGANIZATION_ROLE ( 'design_supplier' ) ;
#4213 = CARTESIAN_POINT ( 'NONE',  ( 1.618223656202282701, 100.8647014917239630, -12.50000000000001243 ) ) ;
#4214 = CARTESIAN_POINT ( 'NONE',  ( -2.500000000000000000, 64.25000000273119838, 0.000000000000000000 ) ) ;
#4215 = ORIENTED_EDGE ( 'NONE', *, *, #626, .T. ) ;
#4216 = DIRECTION ( 'NONE',  ( 5.551115123125783935E-17, -6.662983475941639612E-17, -1.000000000000000000 ) ) ;
#4217 = CARTESIAN_POINT ( 'NONE',  ( -5.333333333333330373, 84.41666666666669983, 25.16666666666664653 ) ) ;
#4218 = EDGE_CURVE ( 'NONE', #8016, #1020, #3977, .T. ) ;
#4219 = CARTESIAN_POINT ( 'NONE',  ( 2.150499723603738644, 65.18750000136559208, -2.150499723603739088 ) ) ;
#4220 = DIRECTION ( 'NONE',  ( -0.000000000000000000, -1.000000000000000000, -0.000000000000000000 ) ) ;
#4221 = ORIENTED_EDGE ( 'NONE', *, *, #7974, .T. ) ;
#4222 = ORIENTED_EDGE ( 'NONE', *, *, #8226, .T. ) ;
#4223 = DIRECTION ( 'NONE',  ( 0.000000000000000000, 0.000000000000000000, 1.000000000000000000 ) ) ;
#4224 = CARTESIAN_POINT ( 'NONE',  ( -2.500000000000000000, 69.31250000273119838, 1.035533905932739307 ) ) ;
#4225 = ADVANCED_FACE ( 'NONE', ( #498 ), #4512, .T. ) ;
#4226 = CARTESIAN_POINT ( 'NONE',  ( -0.5773502691921260643, 83.55000000000002558, -0.9999999999985553778 ) ) ;
#4227 = VECTOR ( 'NONE', #9267, 1000.000000000000000 ) ;
#4228 = ORIENTED_EDGE ( 'NONE', *, *, #7908, .T. ) ;
#4229 = DIRECTION ( 'NONE',  ( 0.000000000000000000, 1.000000000000000000, 0.000000000000000000 ) ) ;
#4230 = CARTESIAN_POINT ( 'NONE',  ( -1.862238259587412120E-16, 65.43750000136559208, -3.041265875000000118 ) ) ;
#4231 = CARTESIAN_POINT ( 'NONE',  ( -9.366286247806167253, 96.29164590126100620, -19.20000000000000639 ) ) ;
#4232 = CARTESIAN_POINT ( 'NONE',  ( 2.150499723603739533, 65.06250000136559208, 2.150499723603738644 ) ) ;
#4233 = VERTEX_POINT ( 'NONE', #1265 ) ;
#4234 = CARTESIAN_POINT ( 'NONE',  ( 0.000000000000000000, 8.497848452431096433, -2.499999999999997335 ) ) ;
#4235 = EDGE_CURVE ( 'NONE', #6886, #5531, #3741, .T. ) ;
#4236 = LINE ( 'NONE', #4057, #4724 ) ;
#4237 = PLANE ( 'NONE',  #4345 ) ;
#4238 = VERTEX_POINT ( 'NONE', #4317 ) ;
#4239 = EDGE_CURVE ( 'NONE', #9252, #10058, #5897, .T. ) ;
#4240 = LINE ( 'NONE', #7345, #3673 ) ;
#4241 = CARTESIAN_POINT ( 'NONE',  ( -1.259733572207478058, 72.37500000136560629, -3.041265875000000563 ) ) ;
#4242 = AXIS2_PLACEMENT_3D ( 'NONE', #1382, #8690, #5355 ) ;
#4243 = ORIENTED_EDGE ( 'NONE', *, *, #4623, .F. ) ;
#4244 = LINE ( 'NONE', #660, #9557 ) ;
#4245 = ORIENTED_EDGE ( 'NONE', *, *, #4181, .T. ) ;
#4246 = CARTESIAN_POINT ( 'NONE',  ( -1.259733572207478502, 75.87500000136560629, 3.041265874999999230 ) ) ;
#4247 = CARTESIAN_POINT ( 'NONE',  ( -1.862238259587412120E-16, 72.43750000136559208, -3.041265875000000118 ) ) ;
#4248 = ADVANCED_FACE ( 'NONE', ( #451 ), #9099, .T. ) ;
#4249 = EDGE_LOOP ( 'NONE', ( #7068, #6835, #7574, #2604 ) ) ;
#4250 = CARTESIAN_POINT ( 'NONE',  ( 2.150499723603738644, 76.31250000136559208, -2.150499723603739088 ) ) ;
#4251 = CARTESIAN_POINT ( 'NONE',  ( -1.259733572207478502, 78.75000000136559208, 3.041265874999999230 ) ) ;
#4252 = DIRECTION ( 'NONE',  ( 0.000000000000000000, 1.000000000000000000, 0.000000000000000000 ) ) ;
#4253 = EDGE_CURVE ( 'NONE', #310, #8212, #2787, .T. ) ;
#4254 = CARTESIAN_POINT ( 'NONE',  ( 1.035533905932707555, 74.31250000000000000, 2.500000000000031086 ) ) ;
#4255 = DIRECTION ( 'NONE',  ( -2.771172519036345232E-16, 8.684692346097759303E-17, 1.000000000000000000 ) ) ;
#4256 = FACE_OUTER_BOUND ( 'NONE', #3564, .T. ) ;
#4257 = VECTOR ( 'NONE', #503, 1000.000000000000000 ) ;
#4258 = CARTESIAN_POINT ( 'NONE',  ( -1.767766952966368432, 74.12500000000000000, 1.767766952966369320 ) ) ;
#4259 = ORIENTED_EDGE ( 'NONE', *, *, #6984, .F. ) ;
#4260 = ORIENTED_EDGE ( 'NONE', *, *, #5793, .T. ) ;
#4261 = DIRECTION ( 'NONE',  ( -3.885780586188047891E-16, 1.065500303100115213E-16, 1.000000000000000000 ) ) ;
#4262 = AXIS2_PLACEMENT_3D ( 'NONE', #7643, #3006, #7793 ) ;
#4263 = CARTESIAN_POINT ( 'NONE',  ( 2.150499723603738644, 78.31250000136559208, -2.150499723603739088 ) ) ;
#4264 = MECHANICAL_CONTEXT ( 'NONE', #4069, 'mechanical' ) ;
#4265 = DIRECTION ( 'NONE',  ( 3.885780586188047891E-16, -1.065500303100115213E-16, -1.000000000000000000 ) ) ;
#4266 = CARTESIAN_POINT ( 'NONE',  ( 4.592425496802573972E-16, 71.25000000000001421, 2.500000000000000000 ) ) ;
#4267 = VERTEX_POINT ( 'NONE', #9813 ) ;
#4268 = CARTESIAN_POINT ( 'NONE',  ( -1.530808498934191571E-16, 70.75000000000001421, -2.500000000000000000 ) ) ;
#4269 = FACE_OUTER_BOUND ( 'NONE', #6033, .T. ) ;
#4270 = VECTOR ( 'NONE', #4815, 1000.000000000000000 ) ;
#4271 = CIRCLE ( 'NONE', #8818, 5.249999999999999112 ) ;
#4272 = CARTESIAN_POINT ( 'NONE',  ( 0.5773502691921315044, 82.51000000000003354, 0.9999999999985562660 ) ) ;
#4273 = ORIENTED_EDGE ( 'NONE', *, *, #8602, .F. ) ;
#4274 = ORIENTED_EDGE ( 'NONE', *, *, #5123, .T. ) ;
#4275 = DIRECTION ( 'NONE',  ( 0.000000000000000000, -8.773937619163356039E-17, -1.000000000000000000 ) ) ;
#4276 = EDGE_CURVE ( 'NONE', #5125, #8496, #5782, .T. ) ;
#4277 = CARTESIAN_POINT ( 'NONE',  ( -2.500000000000000444, 69.18750000273119838, -1.035533905932737753 ) ) ;
#4278 = CARTESIAN_POINT ( 'NONE',  ( 2.933374888477890519, 104.2340530914051016, 20.29999999999998295 ) ) ;
#4279 = VERTEX_POINT ( 'NONE', #8287 ) ;
#4280 = LINE ( 'NONE', #6002, #6631 ) ;
#4281 = DIRECTION ( 'NONE',  ( 0.9634848649536336129, 0.2677627961559977954, 0.000000000000000000 ) ) ;
#4282 = CARTESIAN_POINT ( 'NONE',  ( 1.035533905932738863, 78.93750000273118417, -2.499999999999998224 ) ) ;
#4283 = CARTESIAN_POINT ( 'NONE',  ( -3.041265875000000118, 64.68750000136559208, 0.000000000000000000 ) ) ;
#4284 = ORIENTED_EDGE ( 'NONE', *, *, #6481, .T. ) ;
#4285 = CARTESIAN_POINT ( 'NONE',  ( -6.297504757564001743, 96.42605930712021234, 21.39999999999999503 ) ) ;
#4286 = CYLINDRICAL_SURFACE ( 'NONE', #6203, 8.099999999999999645 ) ;
#4287 = FACE_OUTER_BOUND ( 'NONE', #9505, .T. ) ;
#4288 = CARTESIAN_POINT ( 'NONE',  ( 1.561251128379126385E-14, 110.0000000000000142, 19.49999999999999645 ) ) ;
#4289 = VECTOR ( 'NONE', #859, 1000.000000000000000 ) ;
#4290 = CARTESIAN_POINT ( 'NONE',  ( -2.150499723603739088, 72.43750000136559208, -2.150499723603739088 ) ) ;
#4291 = ORIENTED_EDGE ( 'NONE', *, *, #9009, .F. ) ;
#4292 = ORIENTED_EDGE ( 'NONE', *, *, #9688, .F. ) ;
#4293 = CARTESIAN_POINT ( 'NONE',  ( 3.041265875000001007, 78.12500000136559208, 1.259733572207477836 ) ) ;
#4294 = CARTESIAN_POINT ( 'NONE',  ( -3.041265875000000563, 68.62500000136559208, -1.259733572207478058 ) ) ;
#4295 = ORIENTED_EDGE ( 'NONE', *, *, #1374, .T. ) ;
#4296 = AXIS2_PLACEMENT_3D ( 'NONE', #9869, #3560, #6003 ) ;
#4297 = CARTESIAN_POINT ( 'NONE',  ( 1.259733572207479835, 74.87500000136559208, 3.041265874999999230 ) ) ;
#4298 = CARTESIAN_POINT ( 'NONE',  ( 1.561251128379126385E-14, 99.00000000000001421, 19.20000000000000639 ) ) ;
#4299 = CARTESIAN_POINT ( 'NONE',  ( 0.000000000000000000, 8.497848452431096433, 0.000000000000000000 ) ) ;
#4300 = ADVANCED_FACE ( 'NONE', ( #4413 ), #3644, .F. ) ;
#4301 = DIRECTION ( 'NONE',  ( 0.000000000000000000, -8.773937619163356039E-17, -1.000000000000000000 ) ) ;
#4302 = CARTESIAN_POINT ( 'NONE',  ( 1.561251128379126385E-14, 99.00000000000001421, -15.00000000000000355 ) ) ;
#4303 = EDGE_CURVE ( 'NONE', #3139, #7326, #748, .T. ) ;
#4304 = CARTESIAN_POINT ( 'NONE',  ( 1.035533905932739085, 73.31250000000000000, 2.500000000000000000 ) ) ;
#4305 = ORIENTED_EDGE ( 'NONE', *, *, #2154, .F. ) ;
#4306 = ORIENTED_EDGE ( 'NONE', *, *, #9261, .F. ) ;
#4307 = VECTOR ( 'NONE', #5625, 1000.000000000000000 ) ;
#4308 = ADVANCED_FACE ( 'NONE', ( #6098 ), #4567, .T. ) ;
#4309 = DIRECTION ( 'NONE',  ( 3.885780586188047891E-16, -1.065500303100115213E-16, -1.000000000000000000 ) ) ;
#4310 = CARTESIAN_POINT ( 'NONE',  ( 2.150499723603739533, 71.06250000136560629, 2.150499723603738644 ) ) ;
#4311 = EDGE_CURVE ( 'NONE', #8441, #3680, #3894, .T. ) ;
#4312 = CARTESIAN_POINT ( 'NONE',  ( 2.118865044124469854, 103.8034269979658717, -21.50000000000001066 ) ) ;
#4313 = CARTESIAN_POINT ( 'NONE',  ( 4.931807595171235903, 94.20307626389225675, 21.40000000000000213 ) ) ;
#4314 = ORIENTED_EDGE ( 'NONE', *, *, #2873, .F. ) ;
#4315 = DIRECTION ( 'NONE',  ( -0.9256659661250536963, -0.3783418020226825829, -2.775557561562891844E-16 ) ) ;
#4316 = CARTESIAN_POINT ( 'NONE',  ( 6.808341929702590001, 99.98978970194519889, -20.29999999999999716 ) ) ;
#4317 = CARTESIAN_POINT ( 'NONE',  ( -9.393977433297918012, 96.38931273747904527, 19.20000000000001350 ) ) ;
#4318 = VERTEX_POINT ( 'NONE', #2372 ) ;
#4319 = ORIENTED_EDGE ( 'NONE', *, *, #2001, .F. ) ;
#4320 = DIRECTION ( 'NONE',  ( -0.9606447433647389289, -0.2777799075629748815, -3.481806628802592553E-17 ) ) ;
#4321 = CARTESIAN_POINT ( 'NONE',  ( 3.766750376456414973, 107.9434869224002682, 21.39999999999999858 ) ) ;
#4322 = AXIS2_PLACEMENT_3D ( 'NONE', #6477, #1843, #7039 ) ;
#4323 = CARTESIAN_POINT ( 'NONE',  ( 0.000000000000000000, 70.00000000000000000, 2.500000000000000000 ) ) ;
#4324 = FACE_OUTER_BOUND ( 'NONE', #9375, .T. ) ;
#4325 = ORIENTED_EDGE ( 'NONE', *, *, #5673, .T. ) ;
#4326 = CARTESIAN_POINT ( 'NONE',  ( -5.955997393443920984, 97.27776457756769446, -20.00000000000000355 ) ) ;
#4327 = DIRECTION ( 'NONE',  ( -3.885780586188047891E-16, 1.000000000000000000, 2.603240987229339518E-29 ) ) ;
#4328 = DIRECTION ( 'NONE',  ( 5.551115123125783935E-17, -6.662983475941639612E-17, -1.000000000000000000 ) ) ;
#4329 = CARTESIAN_POINT ( 'NONE',  ( -3.041265875000000118, 78.56250000136559208, 0.000000000000000000 ) ) ;
#4330 = AXIS2_PLACEMENT_3D ( 'NONE', #6661, #8338, #5135 ) ;
#4331 = CARTESIAN_POINT ( 'NONE',  ( 3.041265875000000118, 65.18750000136559208, -3.724476519174824240E-16 ) ) ;
#4332 = VERTEX_POINT ( 'NONE', #1613 ) ;
#4333 = CARTESIAN_POINT ( 'NONE',  ( 2.500000000000000444, 71.56250000000001421, -1.035533905932737975 ) ) ;
#4334 = CARTESIAN_POINT ( 'NONE',  ( -1.259733572207478058, 65.37500000136559208, -3.041265874999999674 ) ) ;
#4335 = DIRECTION ( 'NONE',  ( -1.000000000000000000, 0.000000000000000000, 0.000000000000000000 ) ) ;
#4336 = CARTESIAN_POINT ( 'NONE',  ( 1.259733572207478058, 72.25000000136559208, -3.041265875000000563 ) ) ;
#4337 = ORIENTED_EDGE ( 'NONE', *, *, #8772, .T. ) ;
#4338 = CIRCLE ( 'NONE', #4007, 1.024434782608708128 ) ;
#4339 = CIRCLE ( 'NONE', #9381, 6.199999971414617228 ) ;
#4340 = ADVANCED_FACE ( 'NONE', ( #5483 ), #6153, .T. ) ;
#4341 = ORIENTED_EDGE ( 'NONE', *, *, #6276, .T. ) ;
#4342 = CARTESIAN_POINT ( 'NONE',  ( 3.041265875000000118, 78.18750000136559208, -3.724476519174824240E-16 ) ) ;
#4343 = CARTESIAN_POINT ( 'NONE',  ( 1.259733572207479835, 69.00000000136559208, 3.041265874999999230 ) ) ;
#4344 = EDGE_LOOP ( 'NONE', ( #6524, #8549, #7672, #7276, #1776 ) ) ;
#4345 = AXIS2_PLACEMENT_3D ( 'NONE', #4435, #7394, #566 ) ;
#4346 = CARTESIAN_POINT ( 'NONE',  ( -1.259733572207478502, 75.75000000136560629, 3.041265874999999230 ) ) ;
#4347 = CARTESIAN_POINT ( 'NONE',  ( 1.144903723515628919E-14, 99.00000000000001421, 16.00000000000000711 ) ) ;
#4348 = AXIS2_PLACEMENT_3D ( 'NONE', #6947, #21, #3121 ) ;
#4349 = EDGE_CURVE ( 'NONE', #2501, #409, #2219, .T. ) ;
#4350 = CARTESIAN_POINT ( 'NONE',  ( -1.530808498934191571E-16, 74.75000000000000000, -2.500000000000000000 ) ) ;
#4351 = CARTESIAN_POINT ( 'NONE',  ( 3.718748950968529777E-14, 99.00000000000001421, -20.00000000000000000 ) ) ;
#4352 = CIRCLE ( 'NONE', #1757, 9.000000000000000000 ) ;
#4353 = CARTESIAN_POINT ( 'NONE',  ( 4.592425496802573972E-16, 75.25000000000000000, 2.500000000000000000 ) ) ;
#4354 = AXIS2_PLACEMENT_3D ( 'NONE', #5249, #2234, #2659 ) ;
#4355 = CIRCLE ( 'NONE', #10049, 6.499999999999993783 ) ;
#4356 = ORIENTED_EDGE ( 'NONE', *, *, #8545, .F. ) ;
#4357 = EDGE_LOOP ( 'NONE', ( #8687, #3012 ) ) ;
#4358 = LINE ( 'NONE', #2777, #3214 ) ;
#4359 = CARTESIAN_POINT ( 'NONE',  ( -2.150499723603738200, 71.81250000136560629, 2.150499723603739533 ) ) ;
#4360 = ADVANCED_FACE ( 'NONE', ( #8492 ), #5386, .T. ) ;
#4361 = DIRECTION ( 'NONE',  ( 0.9256659661250540294, 0.3783418020226822498, 0.000000000000000000 ) ) ;
#4362 = AXIS2_PLACEMENT_3D ( 'NONE', #8847, #1972, #1927 ) ;
#4363 = FACE_BOUND ( 'NONE', #7211, .T. ) ;
#4364 = AXIS2_PLACEMENT_3D ( 'NONE', #5272, #9852, #688 ) ;
#4365 = ORIENTED_EDGE ( 'NONE', *, *, #6130, .T. ) ;
#4366 = CARTESIAN_POINT ( 'NONE',  ( -6.297504757564001743, 96.42605930712021234, 21.39999999999999503 ) ) ;
#4367 = ADVANCED_FACE ( 'NONE', ( #3844 ), #3032, .T. ) ;
#4368 = CARTESIAN_POINT ( 'NONE',  ( 4.153311931459125361, 80.00000000000001421, -4.999999999999992006 ) ) ;
#4369 = CARTESIAN_POINT ( 'NONE',  ( 11.00000000000001421, 76.54105339059330504, 16.58394660940674470 ) ) ;
#4370 = ORIENTED_EDGE ( 'NONE', *, *, #4671, .T. ) ;
#4371 = ADVANCED_FACE ( 'NONE', ( #7820 ), #1520, .F. ) ;
#4372 = EDGE_LOOP ( 'NONE', ( #5944, #2375, #635, #1430, #6613, #1357, #1129, #6799 ) ) ;
#4373 = DIRECTION ( 'NONE',  ( -2.771172519036344738E-16, 8.684692346097760535E-17, 1.000000000000000000 ) ) ;
#4374 = PLANE ( 'NONE',  #1015 ) ;
#4375 = CARTESIAN_POINT ( 'NONE',  ( -10.99999999999998401, 79.50000000000001421, 4.151706924254815494E-15 ) ) ;
#4376 = VERTEX_POINT ( 'NONE', #3793 ) ;
#4377 = CARTESIAN_POINT ( 'NONE',  ( 1.265917165546949441, 103.6300597976671583, -21.40000000000000213 ) ) ;
#4378 = CARTESIAN_POINT ( 'NONE',  ( -2.500000000000000000, 74.25000000273118417, 0.000000000000000000 ) ) ;
#4379 = CARTESIAN_POINT ( 'NONE',  ( 2.500000000000000444, 76.68750000273119838, 1.035533905932737309 ) ) ;
#4380 = CARTESIAN_POINT ( 'NONE',  ( 2.150499723603738644, 74.18750000136559208, -2.150499723603739088 ) ) ;
#4381 = VERTEX_POINT ( 'NONE', #7868 ) ;
#4382 = DIRECTION ( 'NONE',  ( -0.7071067811865474617, 6.204110788218154175E-17, 0.7071067811865474617 ) ) ;
#4383 = DIRECTION ( 'NONE',  ( 0.000000000000000000, 0.000000000000000000, 1.000000000000000000 ) ) ;
#4384 = FACE_OUTER_BOUND ( 'NONE', #2537, .T. ) ;
#4385 = CARTESIAN_POINT ( 'NONE',  ( 11.00000000000001421, 99.00000000000001421, -15.00000000000000178 ) ) ;
#4386 = LINE ( 'NONE', #2856, #8082 ) ;
#4387 = CARTESIAN_POINT ( 'NONE',  ( 1.035533905932739085, 77.56250000273119838, 2.500000000000000000 ) ) ;
#4388 = CARTESIAN_POINT ( 'NONE',  ( 3.041265875000000118, 70.06250000136560629, -3.724476519174824240E-16 ) ) ;
#4389 = VERTEX_POINT ( 'NONE', #5338 ) ;
#4390 = VECTOR ( 'NONE', #4255, 1000.000000000000000 ) ;
#4391 = ORIENTED_EDGE ( 'NONE', *, *, #536, .F. ) ;
#4392 = CARTESIAN_POINT ( 'NONE',  ( -3.041265875000000118, 75.68750000136559208, 0.000000000000000000 ) ) ;
#4393 = CARTESIAN_POINT ( 'NONE',  ( -1.259733572207478725, 67.87500000136559208, 3.041265874999999230 ) ) ;
#4394 = ORIENTED_EDGE ( 'NONE', *, *, #6663, .T. ) ;
#4395 = CARTESIAN_POINT ( 'NONE',  ( -1.862238259587412120E-16, 76.31250000136559208, -3.041265875000000118 ) ) ;
#4396 = CYLINDRICAL_SURFACE ( 'NONE', #9864, 2.500000000000000000 ) ;
#4397 = CIRCLE ( 'NONE', #4071, 9.750000000000000000 ) ;
#4398 = ADVANCED_FACE ( 'NONE', ( #3950 ), #4982, .T. ) ;
#4399 = DIRECTION ( 'NONE',  ( -2.501467088144502720E-12, -9.459828149377320923E-28, -1.000000000000000000 ) ) ;
#4400 = AXIS2_PLACEMENT_3D ( 'NONE', #614, #6982, #2189 ) ;
#4401 = CARTESIAN_POINT ( 'NONE',  ( 1.035533905932739085, 72.31249999999998579, 2.500000000000000000 ) ) ;
#4402 = VERTEX_POINT ( 'NONE', #2421 ) ;
#4403 = ORIENTED_EDGE ( 'NONE', *, *, #386, .F. ) ;
#4404 = DIRECTION ( 'NONE',  ( 0.5000000000021651569, 1.942890293102211582E-16, 0.8660254037831885965 ) ) ;
#4405 = AXIS2_PLACEMENT_3D ( 'NONE', #9709, #1308, #8232 ) ;
#4406 = CARTESIAN_POINT ( 'NONE',  ( 3.041265875000000118, 73.18750000136559208, -3.724476519174824240E-16 ) ) ;
#4407 = DIRECTION ( 'NONE',  ( -3.885780586188047891E-16, 1.000000000000000000, 2.603240987229339518E-29 ) ) ;
#4408 = FACE_OUTER_BOUND ( 'NONE', #8147, .T. ) ;
#4409 = ORIENTED_EDGE ( 'NONE', *, *, #1385, .T. ) ;
#4410 = DIRECTION ( 'NONE',  ( 4.632792164159807407E-48, -1.455634920575271343E-16, -1.000000000000000000 ) ) ;
#4411 = AXIS2_PLACEMENT_3D ( 'NONE', #4734, #2393, #1022 ) ;
#4412 = DIRECTION ( 'NONE',  ( -3.885780586188047891E-16, 1.000000000000000000, 2.603240987229339518E-29 ) ) ;
#4413 = FACE_OUTER_BOUND ( 'NONE', #9176, .T. ) ;
#4414 = ORIENTED_EDGE ( 'NONE', *, *, #9529, .T. ) ;
#4415 = CIRCLE ( 'NONE', #3276, 4.799999999999998046 ) ;
#4416 = ORIENTED_EDGE ( 'NONE', *, *, #8474, .F. ) ;
#4417 = VECTOR ( 'NONE', #2266, 1000.000000000000114 ) ;
#4418 = CARTESIAN_POINT ( 'NONE',  ( -2.500000000000000000, 73.25000000273118417, 0.000000000000000000 ) ) ;
#4419 = DIRECTION ( 'NONE',  ( 0.000000000000000000, 0.000000000000000000, 1.000000000000000000 ) ) ;
#4420 = CARTESIAN_POINT ( 'NONE',  ( -0.5773502691871216230, 82.51000000000003354, 1.000000000001442402 ) ) ;
#4421 = VERTEX_POINT ( 'NONE', #6301 ) ;
#4422 = CARTESIAN_POINT ( 'NONE',  ( -5.955997408861343878, 97.27776457310957881, -16.20000000000003482 ) ) ;
#4423 = AXIS2_PLACEMENT_3D ( 'NONE', #4005, #7926, #7781 ) ;
#4424 = CARTESIAN_POINT ( 'NONE',  ( -1.530808498934191571E-16, 74.00000000273118417, -2.500000000000000000 ) ) ;
#4425 = CARTESIAN_POINT ( 'NONE',  ( -1.530808498934191571E-16, 71.00000000273118417, -2.500000000000000000 ) ) ;
#4426 = EDGE_CURVE ( 'NONE', #3646, #1217, #2326, .T. ) ;
#4427 = CARTESIAN_POINT ( 'NONE',  ( 5.586714778762236360E-16, 72.81250000136559208, 3.041265875000000118 ) ) ;
#4428 = CARTESIAN_POINT ( 'NONE',  ( 2.118865044124469410, 103.8034269979658717, -20.30000000000001137 ) ) ;
#4429 = EDGE_CURVE ( 'NONE', #9003, #898, #307, .T. ) ;
#4430 = ORIENTED_EDGE ( 'NONE', *, *, #9097, .F. ) ;
#4431 = ADVANCED_FACE ( 'NONE', ( #2984 ), #8963, .T. ) ;
#4432 = CARTESIAN_POINT ( 'NONE',  ( -1.530808498934191571E-16, 72.75000000000000000, -2.500000000000000000 ) ) ;
#4433 = CARTESIAN_POINT ( 'NONE',  ( 4.799937807795221723, 98.97556557145537681, -21.40000000000000213 ) ) ;
#4434 = CARTESIAN_POINT ( 'NONE',  ( 8.645802690282689440, 101.5000191680667996, -67.99999999999998579 ) ) ;
#4435 = CARTESIAN_POINT ( 'NONE',  ( -10.49999999999998401, 110.0000000000000142, -20.00000000000000000 ) ) ;
#4436 = CARTESIAN_POINT ( 'NONE',  ( 6.803127038349613187, 98.96536819264019869, -20.29999999999999716 ) ) ;
#4437 = CARTESIAN_POINT ( 'NONE',  ( -1.035533905932737753, 76.06250000273118417, -2.500000000000000444 ) ) ;
#4438 = CARTESIAN_POINT ( 'NONE',  ( 2.150499723603739533, 67.93750000136560629, 2.150499723603738644 ) ) ;
#4439 = EDGE_LOOP ( 'NONE', ( #6100, #4620, #594, #7776 ) ) ;
#4440 = ORIENTED_EDGE ( 'NONE', *, *, #3860, .F. ) ;
#4441 = CARTESIAN_POINT ( 'NONE',  ( 2.150499723603738644, 76.31250000136559208, -2.150499723603739088 ) ) ;
#4442 = CARTESIAN_POINT ( 'NONE',  ( 3.041265875000000118, 67.18750000136560629, -3.724476519174824240E-16 ) ) ;
#4443 = ORIENTED_EDGE ( 'NONE', *, *, #8222, .T. ) ;
#4444 = CARTESIAN_POINT ( 'NONE',  ( 3.041265875000000118, 75.06250000136559208, -3.724476519174824240E-16 ) ) ;
#4445 = CIRCLE ( 'NONE', #9651, 9.000000000000000000 ) ;
#4446 = CARTESIAN_POINT ( 'NONE',  ( 3.298640511124217412, 106.8320422976084387, 21.39999999999999858 ) ) ;
#4447 = CARTESIAN_POINT ( 'NONE',  ( -1.530808498934191571E-16, 74.75000000000000000, -2.500000000000000000 ) ) ;
#4448 = LINE ( 'NONE', #9034, #8652 ) ;
#4449 = AXIS2_PLACEMENT_3D ( 'NONE', #7236, #7285, #1025 ) ;
#4450 = CARTESIAN_POINT ( 'NONE',  ( 1.767766952966369320, 75.37500000000000000, 1.767766952966368654 ) ) ;
#4451 = EDGE_LOOP ( 'NONE', ( #6991, #6781, #2023, #5610, #1213 ) ) ;
#4452 = VERTEX_POINT ( 'NONE', #1941 ) ;
#4453 = CARTESIAN_POINT ( 'NONE',  ( 1.154700538379253238, 82.51000000000003354, -2.888586803450264932E-12 ) ) ;
#4454 = ADVANCED_BREP_SHAPE_REPRESENTATION ( 'CastRod_Default_sldprt', ( #4753, #8068, #1353, #5043, #1424, #8121, #4719, #1391, #1671, #8301 ), #5535 ) ;
#4455 = CARTESIAN_POINT ( 'NONE',  ( -3.041265875000000118, 71.68750000136559208, 0.000000000000000000 ) ) ;
#4456 = CARTESIAN_POINT ( 'NONE',  ( 6.835470466734252071, 92.11155240797442900, -21.39999999999999858 ) ) ;
#4457 = PLANE ( 'NONE',  #2293 ) ;
#4458 = ORIENTED_EDGE ( 'NONE', *, *, #72, .F. ) ;
#4459 = CARTESIAN_POINT ( 'NONE',  ( 14.20313640033958791, 79.95313640033958791, 15.46611067966191122 ) ) ;
#4460 = FACE_OUTER_BOUND ( 'NONE', #7836, .T. ) ;
#4461 = AXIS2_PLACEMENT_3D ( 'NONE', #975, #4740, #8762 ) ;
#4462 = CARTESIAN_POINT ( 'NONE',  ( 4.031526565385363803, 79.66641669596002373, 4.666416695960010408 ) ) ;
#4463 = EDGE_CURVE ( 'NONE', #3686, #7636, #7389, .T. ) ;
#4464 = ORIENTED_EDGE ( 'NONE', *, *, #9372, .F. ) ;
#4465 = ORIENTED_EDGE ( 'NONE', *, *, #2442, .F. ) ;
#4466 = LINE ( 'NONE', #2331, #9949 ) ;
#4467 = LINE ( 'NONE', #9820, #7113 ) ;
#4468 = ORIENTED_EDGE ( 'NONE', *, *, #3205, .F. ) ;
#4469 = EDGE_CURVE ( 'NONE', #8344, #1054, #1180, .T. ) ;
#4470 = CARTESIAN_POINT ( 'NONE',  ( 2.789297643080071723E-15, 99.00000000000001421, 68.00000000000000000 ) ) ;
#4471 = CARTESIAN_POINT ( 'NONE',  ( -6.789918596764517034, 94.95330752279382125, 20.29999999999999361 ) ) ;
#4472 = CARTESIAN_POINT ( 'NONE',  ( 2.500000000000000444, 70.81250000273118417, -1.035533905932737975 ) ) ;
#4473 = CARTESIAN_POINT ( 'NONE',  ( -3.041265875000000118, 74.56250000136559208, 0.000000000000000000 ) ) ;
#4474 = CARTESIAN_POINT ( 'NONE',  ( -1.424999999999998490, 83.55000000000002558, 5.346885900908880961E-12 ) ) ;
#4475 = ORIENTED_EDGE ( 'NONE', *, *, #2541, .T. ) ;
#4476 = CARTESIAN_POINT ( 'NONE',  ( 3.041265875000000563, 77.25000000136559208, -1.259733572207478502 ) ) ;
#4477 = FACE_OUTER_BOUND ( 'NONE', #1155, .T. ) ;
#4478 = CARTESIAN_POINT ( 'NONE',  ( -10.99999999999998401, 93.12500000000001421, 15.49999999999999289 ) ) ;
#4479 = LINE ( 'NONE', #2954, #1808 ) ;
#4480 = DIRECTION ( 'NONE',  ( 0.9634848649536335019, 0.2677627961559984060, 0.000000000000000000 ) ) ;
#4481 = LINE ( 'NONE', #8208, #6298 ) ;
#4482 = EDGE_CURVE ( 'NONE', #2760, #2889, #2752, .T. ) ;
#4483 = CARTESIAN_POINT ( 'NONE',  ( -1.767766952966369098, 78.12500000273118417, -1.767766952966369098 ) ) ;
#4484 = CARTESIAN_POINT ( 'NONE',  ( -2.150499723603738200, 66.68750000136559208, 2.150499723603739533 ) ) ;
#4485 = EDGE_LOOP ( 'NONE', ( #5803, #4215 ) ) ;
#4486 = EDGE_CURVE ( 'NONE', #752, #3064, #7413, .T. ) ;
#4487 = AXIS2_PLACEMENT_3D ( 'NONE', #4934, #4220, #5643 ) ;
#4488 = CARTESIAN_POINT ( 'NONE',  ( 1.259733572207478058, 72.37500000136560629, -3.041265874999999674 ) ) ;
#4489 = CARTESIAN_POINT ( 'NONE',  ( 3.041265875000001007, 66.12500000136559208, 1.259733572207477836 ) ) ;
#4490 = ORIENTED_EDGE ( 'NONE', *, *, #3275, .T. ) ;
#4491 = EDGE_CURVE ( 'NONE', #9653, #10015, #5658, .T. ) ;
#4492 = CARTESIAN_POINT ( 'NONE',  ( 2.150499723603739533, 75.93750000136559208, 2.150499723603738644 ) ) ;
#4493 = DIRECTION ( 'NONE',  ( 0.4888958147463141057, 0.8723421819008512212, 0.000000000000000000 ) ) ;
#4494 = CIRCLE ( 'NONE', #7610, 0.2000000000000334011 ) ;
#4495 = CARTESIAN_POINT ( 'NONE',  ( 1.259733572207479835, 77.87500000136559208, 3.041265874999999230 ) ) ;
#4496 = DIRECTION ( 'NONE',  ( 0.8660254037831885965, 3.365184701166509060E-16, -0.5000000000021653790 ) ) ;
#4497 = ADVANCED_FACE ( 'NONE', ( #2502 ), #8713, .T. ) ;
#4498 = LINE ( 'NONE', #2157, #3366 ) ;
#4499 = CARTESIAN_POINT ( 'NONE',  ( 2.500000000000000000, 68.50000000000000000, -3.061616997868383141E-16 ) ) ;
#4500 = AXIS2_PLACEMENT_3D ( 'NONE', #7495, #9070, #3568 ) ;
#4501 = ORIENTED_EDGE ( 'NONE', *, *, #8519, .F. ) ;
#4502 = ORIENTED_EDGE ( 'NONE', *, *, #9153, .T. ) ;
#4503 = AXIS2_PLACEMENT_3D ( 'NONE', #2653, #4954, #7952 ) ;
#4504 = CARTESIAN_POINT ( 'NONE',  ( 11.00000000000001421, 79.45710678118655323, 19.49999999999999289 ) ) ;
#4505 = CARTESIAN_POINT ( 'NONE',  ( -3.041265874999999230, 72.75000000136560629, 1.259733572207480057 ) ) ;
#4506 = DIRECTION ( 'NONE',  ( 0.000000000000000000, 8.773937619163356039E-17, 1.000000000000000000 ) ) ;
#4507 = CARTESIAN_POINT ( 'NONE',  ( -5.955997395131148231, 97.27776457707982161, -16.00000000000000000 ) ) ;
#4508 = EDGE_LOOP ( 'NONE', ( #7871, #2662, #8466, #1783 ) ) ;
#4509 = CARTESIAN_POINT ( 'NONE',  ( 0.5773502691871282844, 82.51000000000003354, -1.000000000001444178 ) ) ;
#4510 = DIRECTION ( 'NONE',  ( -0.9606447433647387069, -0.2777799075629753811, -3.481806628802587623E-17 ) ) ;
#4511 = AXIS2_PLACEMENT_3D ( 'NONE', #67, #9583, #9535 ) ;
#4512 = PLANE ( 'NONE',  #6441 ) ;
#4513 = ORIENTED_EDGE ( 'NONE', *, *, #5987, .F. ) ;
#4514 = ORIENTED_EDGE ( 'NONE', *, *, #330, .F. ) ;
#4515 = ORIENTED_EDGE ( 'NONE', *, *, #7407, .F. ) ;
#4516 = CARTESIAN_POINT ( 'NONE',  ( -2.500000000000000000, 77.25000000273118417, 0.000000000000000000 ) ) ;
#4517 = VECTOR ( 'NONE', #1827, 1000.000000000000000 ) ;
#4518 = DIRECTION ( 'NONE',  ( 0.9256659661250536963, 0.3783418020226825829, 4.389289323153614450E-16 ) ) ;
#4519 = DIRECTION ( 'NONE',  ( -0.2677627961559982395, 0.9634848649536335019, -8.533875781980729164E-17 ) ) ;
#4520 = EDGE_CURVE ( 'NONE', #9164, #454, #9425, .T. ) ;
#4521 = ORIENTED_EDGE ( 'NONE', *, *, #8555, .T. ) ;
#4522 = CARTESIAN_POINT ( 'NONE',  ( 2.500000000000000444, 73.81250000273119838, -1.035533905932737975 ) ) ;
#4523 = CARTESIAN_POINT ( 'NONE',  ( -2.500000000000000000, 76.00000000000000000, 0.000000000000000000 ) ) ;
#4524 = CARTESIAN_POINT ( 'NONE',  ( 2.500000000000000000, 70.75000000273118417, -3.061616997868383141E-16 ) ) ;
#4525 = CARTESIAN_POINT ( 'NONE',  ( -2.150499723603739088, 71.43750000136559208, -2.150499723603739088 ) ) ;
#4526 =( BOUNDED_CURVE ( )  B_SPLINE_CURVE ( 2, ( #8551, #3906, #5349, #710, #3093, #7022, #8450, #4630, #4577 ),
 .UNSPECIFIED., .F., .T. ) 
 B_SPLINE_CURVE_WITH_KNOTS ( ( 3, 2, 2, 2, 3 ),
 ( 0.5833333333333338144, 0.5916666666666670071, 0.6000000000000001998, 0.6083333333333333925, 0.6166666668637481585 ),
 .UNSPECIFIED. ) 
 CURVE ( )  GEOMETRIC_REPRESENTATION_ITEM ( )  RATIONAL_B_SPLINE_CURVE ( ( 0.9999999999999958922, 0.9238795325112908463, 1.000000000000000000, 0.9238795325112867385, 1.000000000000000000, 0.9238795325112867385, 1.000000000000000000, 0.9238795325112867385, 1.000000000000000000 ) ) 
 REPRESENTATION_ITEM ( '' )  );
#4527 = LINE ( 'NONE', #2133, #7929 ) ;
#4528 = VERTEX_POINT ( 'NONE', #1692 ) ;
#4529 = EDGE_CURVE ( 'NONE', #6576, #2935, #6281, .T. ) ;
#4530 = CARTESIAN_POINT ( 'NONE',  ( -3.041265875000000118, 73.68750000136559208, 0.000000000000000000 ) ) ;
#4531 = CARTESIAN_POINT ( 'NONE',  ( 0.4786004839551000756, 80.00000000000002842, 6.081195735770887900 ) ) ;
#4532 = DIRECTION ( 'NONE',  ( 0.000000000000000000, 1.000000000000000000, 0.000000000000000000 ) ) ;
#4533 = FACE_OUTER_BOUND ( 'NONE', #9538, .T. ) ;
#4534 = DIRECTION ( 'NONE',  ( -3.885780586188047891E-16, 1.000000000000000000, 2.603240987229339518E-29 ) ) ;
#4535 = DIRECTION ( 'NONE',  ( 0.000000000000000000, 1.000000000000000000, 0.000000000000000000 ) ) ;
#4536 = CARTESIAN_POINT ( 'NONE',  ( 4.592425496802573972E-16, 76.50000000273118417, 2.500000000000000000 ) ) ;
#4537 = CARTESIAN_POINT ( 'NONE',  ( -1.259733572207478058, 66.37500000136559208, -3.041265875000000563 ) ) ;
#4538 = ORIENTED_EDGE ( 'NONE', *, *, #432, .F. ) ;
#4539 = CARTESIAN_POINT ( 'NONE',  ( 1.259733572207478058, 74.37500000136560629, -3.041265874999999674 ) ) ;
#4540 = ORIENTED_EDGE ( 'NONE', *, *, #7901, .F. ) ;
#4541 = VERTEX_POINT ( 'NONE', #8004 ) ;
#4542 =( BOUNDED_CURVE ( )  B_SPLINE_CURVE ( 2, ( #2655, #4045, #7155, #797, #892, #6293, #2364, #5522, #5433 ),
 .UNSPECIFIED., .F., .T. ) 
 B_SPLINE_CURVE_WITH_KNOTS ( ( 3, 2, 2, 2, 3 ),
 ( 0.4833333333333337256, 0.4916666666666668073, 0.4999999999999998890, 0.5083333333333329707, 0.5166666666666661634 ),
 .UNSPECIFIED. ) 
 CURVE ( )  GEOMETRIC_REPRESENTATION_ITEM ( )  RATIONAL_B_SPLINE_CURVE ( ( 0.9999999999999964473, 0.9238795325112902912, 1.000000000000000000, 0.9238795325112867385, 1.000000000000000000, 0.9238795325112867385, 1.000000000000000000, 0.9238795325112918455, 0.9999999999999948930 ) ) 
 REPRESENTATION_ITEM ( '' )  );
#4543 = ADVANCED_FACE ( 'NONE', ( #2451 ), #3503, .T. ) ;
#4544 = EDGE_CURVE ( 'NONE', #5472, #2314, #4859, .T. ) ;
#4545 = CARTESIAN_POINT ( 'NONE',  ( 3.041265875000001007, 70.00000000136557787, 1.259733572207477836 ) ) ;
#4546 = LINE ( 'NONE', #9939, #8900 ) ;
#4547 = DIRECTION ( 'NONE',  ( 0.2538986404964932997, -0.9672308309571362450, 1.543607154616892532E-16 ) ) ;
#4548 = AXIS2_PLACEMENT_3D ( 'NONE', #9956, #10059, #746 ) ;
#4549 = CARTESIAN_POINT ( 'NONE',  ( -1.154700538379245911, 82.51000000000003354, 2.888699731742787646E-12 ) ) ;
#4550 = EDGE_CURVE ( 'NONE', #6639, #8184, #1889, .T. ) ;
#4551 = DIRECTION ( 'NONE',  ( 4.632792164159807407E-48, -1.455634920575271343E-16, -1.000000000000000000 ) ) ;
#4552 = CARTESIAN_POINT ( 'NONE',  ( -2.500000000000000000, 71.06249999999998579, 1.035533905932739307 ) ) ;
#4553 = ORIENTED_EDGE ( 'NONE', *, *, #4050, .T. ) ;
#4554 = VERTEX_POINT ( 'NONE', #3359 ) ;
#4555 = EDGE_CURVE ( 'NONE', #209, #6267, #8387, .T. ) ;
#4556 = LINE ( 'NONE', #5428, #3376 ) ;
#4557 = CIRCLE ( 'NONE', #5377, 9.000000000000000000 ) ;
#4558 = EDGE_CURVE ( 'NONE', #7312, #9985, #5140, .T. ) ;
#4559 = CARTESIAN_POINT ( 'NONE',  ( 2.150499723603739533, 70.06250000136560629, 2.150499723603738644 ) ) ;
#4560 = CARTESIAN_POINT ( 'NONE',  ( 2.500000000000000000, 75.50000000000000000, -3.061616997868383141E-16 ) ) ;
#4561 = CARTESIAN_POINT ( 'NONE',  ( 6.808341929702590001, 99.98978970194519889, -20.29999999999999716 ) ) ;
#4562 = DIRECTION ( 'NONE',  ( -2.771172519036345232E-16, 8.684692346097759303E-17, 1.000000000000000000 ) ) ;
#4563 = EDGE_LOOP ( 'NONE', ( #4955, #1064, #904, #814 ) ) ;
#4564 = CARTESIAN_POINT ( 'NONE',  ( -2.500000000000000444, 79.18750000273121259, -1.035533905932737753 ) ) ;
#4565 = CYLINDRICAL_SURFACE ( 'NONE', #2960, 2.500000000000000000 ) ;
#4566 = AXIS2_PLACEMENT_3D ( 'NONE', #5583, #9216, #9270 ) ;
#4567 = PLANE ( 'NONE',  #3665 ) ;
#4568 = VERTEX_POINT ( 'NONE', #3209 ) ;
#4569 = ORIENTED_EDGE ( 'NONE', *, *, #794, .T. ) ;
#4570 = VECTOR ( 'NONE', #6496, 1000.000000000000000 ) ;
#4571 = ORIENTED_EDGE ( 'NONE', *, *, #1974, .F. ) ;
#4572 = CARTESIAN_POINT ( 'NONE',  ( 11.00000000000001421, 99.00000000000001421, 19.49999999999999645 ) ) ;
#4573 = CARTESIAN_POINT ( 'NONE',  ( -10.99999999999998401, 80.50000000000001421, -15.00000000000000533 ) ) ;
#4574 = CARTESIAN_POINT ( 'NONE',  ( 1.035533905932737531, 68.93750000273118417, -2.500000000000000444 ) ) ;
#4575 = EDGE_LOOP ( 'NONE', ( #3911, #7788, #5322, #1663 ) ) ;
#4576 = CARTESIAN_POINT ( 'NONE',  ( -1.767766952966369098, 79.87500000000000000, -1.767766952966369098 ) ) ;
#4577 = CARTESIAN_POINT ( 'NONE',  ( 4.525188618851156039E-08, 70.00000000000001421, -2.499999999999999556 ) ) ;
#4578 = CARTESIAN_POINT ( 'NONE',  ( 1.259733572207479835, 72.87500000136559208, 3.041265874999999230 ) ) ;
#4579 = LINE ( 'NONE', #3858, #4688 ) ;
#4580 = CIRCLE ( 'NONE', #514, 1.499999999999991340 ) ;
#4581 = ORIENTED_EDGE ( 'NONE', *, *, #7338, .F. ) ;
#4582 = ADVANCED_FACE ( 'NONE', ( #5557 ), #1794, .T. ) ;
#4583 = CARTESIAN_POINT ( 'NONE',  ( 2.150499723603739533, 76.06250000136559208, 2.150499723603738644 ) ) ;
#4584 = FACE_OUTER_BOUND ( 'NONE', #6399, .T. ) ;
#4585 = DIRECTION ( 'NONE',  ( 2.501589552824417682E-12, 9.460304020253028666E-28, 1.000000000000000000 ) ) ;
#4586 = CIRCLE ( 'NONE', #5407, 1.424999999999999822 ) ;
#4587 = CARTESIAN_POINT ( 'NONE',  ( -10.99999999999998401, 79.50000000000001421, 14.49999999999999467 ) ) ;
#4588 = CARTESIAN_POINT ( 'NONE',  ( 4.592425496802573972E-16, 68.25000000000000000, 2.500000000000000000 ) ) ;
#4589 = CYLINDRICAL_SURFACE ( 'NONE', #5968, 9.000000000000000000 ) ;
#4590 = CARTESIAN_POINT ( 'NONE',  ( -1.035533905932738197, 78.43750000273119838, 2.500000000000000000 ) ) ;
#4591 = CARTESIAN_POINT ( 'NONE',  ( -3.041265874999999230, 67.62500000136559208, 1.259733572207480057 ) ) ;
#4592 = ORIENTED_EDGE ( 'NONE', *, *, #9533, .F. ) ;
#4593 = CIRCLE ( 'NONE', #9138, 11.00000000000000000 ) ;
#4594 = CARTESIAN_POINT ( 'NONE',  ( 3.041265874999999674, 74.25000000136559208, -1.259733572207478280 ) ) ;
#4595 = ORIENTED_EDGE ( 'NONE', *, *, #2251, .T. ) ;
#4596 = ORIENTED_EDGE ( 'NONE', *, *, #8662, .T. ) ;
#4597 = EDGE_CURVE ( 'NONE', #9549, #8477, #3826, .T. ) ;
#4598 = CARTESIAN_POINT ( 'NONE',  ( -3.041265874999999674, 71.50000000136560629, -1.259733572207478058 ) ) ;
#4599 = FACE_OUTER_BOUND ( 'NONE', #5089, .T. ) ;
#4600 = CARTESIAN_POINT ( 'NONE',  ( 3.041265875000001007, 79.00000000136560629, 1.259733572207477836 ) ) ;
#4601 = CARTESIAN_POINT ( 'NONE',  ( 0.000000000000000000, 70.00000000000000000, 0.000000000000000000 ) ) ;
#4602 = CARTESIAN_POINT ( 'NONE',  ( 1.035533905932716436, 66.93750000273116996, -2.500000000000020872 ) ) ;
#4603 = CARTESIAN_POINT ( 'NONE',  ( -1.035533905932737753, 68.81250000000000000, -2.500000000000000444 ) ) ;
#4604 = ORIENTED_EDGE ( 'NONE', *, *, #2648, .F. ) ;
#4605 = ORIENTED_EDGE ( 'NONE', *, *, #5169, .F. ) ;
#4606 = CARTESIAN_POINT ( 'NONE',  ( 3.061616997868383141E-16, 70.00000000000000000, -2.500000000000000000 ) ) ;
#4607 = CARTESIAN_POINT ( 'NONE',  ( 1.259733572207479835, 70.00000000136557787, 3.041265874999999230 ) ) ;
#4608 = CARTESIAN_POINT ( 'NONE',  ( 10.50000000000001421, 99.00000000000001421, -15.00000000000000355 ) ) ;
#4609 = ADVANCED_FACE ( 'NONE', ( #260 ), #9376, .T. ) ;
#4610 = AXIS2_PLACEMENT_3D ( 'NONE', #3509, #3456, #2749 ) ;
#4611 = LINE ( 'NONE', #5276, #2708 ) ;
#4612 = CARTESIAN_POINT ( 'NONE',  ( 1.035533905932760179, 67.56250000273118417, 2.499999999999978684 ) ) ;
#4613 = VERTEX_POINT ( 'NONE', #875 ) ;
#4614 = CARTESIAN_POINT ( 'NONE',  ( 1.561251128379126385E-14, 110.0000000000000142, 15.49999999999999289 ) ) ;
#4615 = ADVANCED_FACE ( 'NONE', ( #161 ), #9476, .F. ) ;
#4616 = CARTESIAN_POINT ( 'NONE',  ( -0.5773502691921260643, 83.55000000000002558, -0.9999999999985553778 ) ) ;
#4617 = CIRCLE ( 'NONE', #872, 0.2000000000000358713 ) ;
#4618 = EDGE_CURVE ( 'NONE', #486, #2430, #7978, .T. ) ;
#4619 = CARTESIAN_POINT ( 'NONE',  ( -2.500000000000000000, 65.31250000273118417, 1.035533905932739307 ) ) ;
#4620 = ORIENTED_EDGE ( 'NONE', *, *, #7488, .F. ) ;
#4621 = ORIENTED_EDGE ( 'NONE', *, *, #7227, .F. ) ;
#4622 = ORIENTED_EDGE ( 'NONE', *, *, #9650, .F. ) ;
#4623 = EDGE_CURVE ( 'NONE', #6708, #4421, #2037, .T. ) ;
#4624 = DIRECTION ( 'NONE',  ( 0.000000000000000000, -8.773937619163356039E-17, -1.000000000000000000 ) ) ;
#4625 =( BOUNDED_CURVE ( )  B_SPLINE_CURVE ( 2, ( #5649, #4785, #8653, #5455, #7078, #9417, #7133, #6323, #2490 ),
 .UNSPECIFIED., .F., .T. ) 
 B_SPLINE_CURVE_WITH_KNOTS ( ( 3, 2, 2, 2, 3 ),
 ( 0.8499999999999997558, 0.8583333333333330595, 0.8666666666666664742, 0.8749999999999998890, 0.8833333333333331927 ),
 .UNSPECIFIED. ) 
 CURVE ( )  GEOMETRIC_REPRESENTATION_ITEM ( )  RATIONAL_B_SPLINE_CURVE ( ( 1.000000000000001998, 0.9238795325112847401, 1.000000000000000000, 0.9238795325112867385, 1.000000000000000000, 0.9238795325112867385, 1.000000000000000000, 0.9238795325112877377, 0.9999999999999990008 ) ) 
 REPRESENTATION_ITEM ( '' )  );
#4626 = CARTESIAN_POINT ( 'NONE',  ( 1.141573054441753481E-14, 99.00000000000001421, 16.20000000000000995 ) ) ;
#4627 = CARTESIAN_POINT ( 'NONE',  ( -2.500000000000000444, 69.18750000273119838, -1.035533905932737753 ) ) ;
#4628 = VERTEX_POINT ( 'NONE', #5203 ) ;
#4629 = CARTESIAN_POINT ( 'NONE',  ( 0.000000000000000000, 80.00000000000000000, 0.000000000000000000 ) ) ;
#4630 = CARTESIAN_POINT ( 'NONE',  ( -1.035533905932737753, 70.06250000273118417, -2.500000000000000444 ) ) ;
#4631 = CARTESIAN_POINT ( 'NONE',  ( -2.150499723603738200, 69.68750000136560629, 2.150499723603739533 ) ) ;
#4632 = LINE ( 'NONE', #6364, #9075 ) ;
#4633 = ORIENTED_EDGE ( 'NONE', *, *, #8940, .F. ) ;
#4634 = EDGE_CURVE ( 'NONE', #4685, #6206, #907, .T. ) ;
#4635 = ORIENTED_EDGE ( 'NONE', *, *, #8891, .F. ) ;
#4636 = CIRCLE ( 'NONE', #240, 10.49999999999999467 ) ;
#4637 = CARTESIAN_POINT ( 'NONE',  ( 5.586714778762236360E-16, 74.93750000136559208, 3.041265875000000118 ) ) ;
#4638 = CARTESIAN_POINT ( 'NONE',  ( 1.265917165546949219, 103.6300597976671583, -20.30000000000000071 ) ) ;
#4639 = LINE ( 'NONE', #2241, #8805 ) ;
#4640 = DIRECTION ( 'NONE',  ( -3.885780586188047891E-16, 1.000000000000000000, 2.603240987229339518E-29 ) ) ;
#4641 = DIRECTION ( 'NONE',  ( 2.501589552824417278E-12, 0.000000000000000000, 1.000000000000000000 ) ) ;
#4642 = CARTESIAN_POINT ( 'NONE',  ( -1.767766952966368432, 75.37500000273118417, 1.767766952966369320 ) ) ;
#4643 = CARTESIAN_POINT ( 'NONE',  ( 2.500000000000000000, 72.75000000273118417, -3.061616997868383141E-16 ) ) ;
#4644 = CARTESIAN_POINT ( 'NONE',  ( -1.862238259587412120E-16, 68.31250000136560629, -3.041265875000000118 ) ) ;
#4645 = CARTESIAN_POINT ( 'NONE',  ( -3.041265875000000118, 72.68750000136559208, 0.000000000000000000 ) ) ;
#4646 = ORIENTED_EDGE ( 'NONE', *, *, #9569, .F. ) ;
#4647 = CARTESIAN_POINT ( 'NONE',  ( -2.150499723603739088, 71.43750000136559208, -2.150499723603739088 ) ) ;
#4648 = DIRECTION ( 'NONE',  ( -8.011868568650901149E-32, 1.000000000000000000, -8.773937619163357272E-17 ) ) ;
#4649 = AXIS2_PLACEMENT_3D ( 'NONE', #7010, #8541, #4716 ) ;
#4650 = CARTESIAN_POINT ( 'NONE',  ( -3.041265875000000118, 78.56250000136559208, 0.000000000000000000 ) ) ;
#4651 = EDGE_CURVE ( 'NONE', #7380, #3231, #5912, .T. ) ;
#4652 = CYLINDRICAL_SURFACE ( 'NONE', #6054, 2.500000000000000000 ) ;
#4653 = CYLINDRICAL_SURFACE ( 'NONE', #4348, 9.000000000000000000 ) ;
#4654 = CARTESIAN_POINT ( 'NONE',  ( -2.500000000000000000, 70.00000000000000000, 0.000000000000000000 ) ) ;
#4655 = ORIENTED_EDGE ( 'NONE', *, *, #3496, .T. ) ;
#4656 = VERTEX_POINT ( 'NONE', #3614 ) ;
#4657 = CARTESIAN_POINT ( 'NONE',  ( -10.49999999999998401, 110.0000000000000284, 20.00000000000000000 ) ) ;
#4658 = AXIS2_PLACEMENT_3D ( 'NONE', #7105, #5571, #8680 ) ;
#4659 = EDGE_CURVE ( 'NONE', #7428, #4873, #8227, .T. ) ;
#4660 = CARTESIAN_POINT ( 'NONE',  ( 3.041265874999999674, 70.25000000136559208, -1.259733572207478280 ) ) ;
#4661 = CARTESIAN_POINT ( 'NONE',  ( 1.767766952966368654, 65.87500000273119838, -1.767766952966369098 ) ) ;
#4662 = DIRECTION ( 'NONE',  ( 1.000000000000000000, 0.000000000000000000, 0.000000000000000000 ) ) ;
#4663 = LINE ( 'NONE', #844, #2348 ) ;
#4664 = ORIENTED_EDGE ( 'NONE', *, *, #7979, .F. ) ;
#4665 = LINE ( 'NONE', #5436, #7966 ) ;
#4666 = CARTESIAN_POINT ( 'NONE',  ( 0.000000000000000000, 70.00000000000000000, 0.000000000000000000 ) ) ;
#4667 = DIRECTION ( 'NONE',  ( -6.645770043980267193E-32, 0.7071067811865492381, 0.7071067811865457964 ) ) ;
#4668 = EDGE_LOOP ( 'NONE', ( #7651, #1442, #1266 ) ) ;
#4669 = ORIENTED_EDGE ( 'NONE', *, *, #8145, .T. ) ;
#4670 = ORIENTED_EDGE ( 'NONE', *, *, #4429, .F. ) ;
#4671 = EDGE_CURVE ( 'NONE', #1521, #9774, #365, .T. ) ;
#4672 = CARTESIAN_POINT ( 'NONE',  ( 1.561251128379126385E-14, 99.00000000000001421, -15.50000000000000355 ) ) ;
#4673 = EDGE_CURVE ( 'NONE', #4541, #6001, #3410, .T. ) ;
#4674 = AXIS2_PLACEMENT_3D ( 'NONE', #7591, #3869, #1384 ) ;
#4675 = DIRECTION ( 'NONE',  ( 0.4888958147463141057, 0.8723421819008512212, 0.000000000000000000 ) ) ;
#4676 = CARTESIAN_POINT ( 'NONE',  ( -1.530808498934191571E-16, 71.00000000273118417, -2.500000000000000000 ) ) ;
#4677 = VECTOR ( 'NONE', #6280, 1000.000000000000114 ) ;
#4678 = ORIENTED_EDGE ( 'NONE', *, *, #2356, .F. ) ;
#4679 = CARTESIAN_POINT ( 'NONE',  ( 8.671363784582712952, 101.4098651654039998, 19.20000000000001350 ) ) ;
#4680 = CARTESIAN_POINT ( 'NONE',  ( 2.991207226025320853, 103.3145311832195574, -20.30000000000001137 ) ) ;
#4681 = CARTESIAN_POINT ( 'NONE',  ( 3.041265874999999674, 69.12500000136559208, -1.259733572207478280 ) ) ;
#4682 = EDGE_CURVE ( 'NONE', #5007, #3339, #3460, .T. ) ;
#4683 = CARTESIAN_POINT ( 'NONE',  ( -6.599871324932387928, 97.16582484633143224, 68.00000000000000000 ) ) ;
#4684 = EDGE_CURVE ( 'NONE', #8127, #2476, #3992, .T. ) ;
#4685 = VERTEX_POINT ( 'NONE', #1184 ) ;
#4686 = VECTOR ( 'NONE', #3200, 1000.000000000000000 ) ;
#4687 = ORIENTED_EDGE ( 'NONE', *, *, #2368, .T. ) ;
#4688 = VECTOR ( 'NONE', #7073, 1000.000000000000000 ) ;
#4689 = CARTESIAN_POINT ( 'NONE',  ( -2.500000000000000000, 71.25000000273118417, 0.000000000000000000 ) ) ;
#4690 = DIRECTION ( 'NONE',  ( 0.9256659661250533633, 0.3783418020226835266, 3.575146948697719901E-16 ) ) ;
#4691 = CARTESIAN_POINT ( 'NONE',  ( 1.593170040337102554E-15, 83.55000000000002558, -1.067328804764031080E-28 ) ) ;
#4692 = LINE ( 'NONE', #7794, #1095 ) ;
#4693 = CARTESIAN_POINT ( 'NONE',  ( 1.767766952966369320, 71.62500000273119838, 1.767766952966368654 ) ) ;
#4694 = CARTESIAN_POINT ( 'NONE',  ( -10.99999999999998401, 93.12500000000001421, -19.50000000000000355 ) ) ;
#4695 = CARTESIAN_POINT ( 'NONE',  ( 3.041265875000000118, 72.18750000136559208, -3.724476519174824240E-16 ) ) ;
#4696 = VERTEX_POINT ( 'NONE', #8205 ) ;
#4697 = CARTESIAN_POINT ( 'NONE',  ( 2.150499723603738644, 70.18750000136560629, -2.150499723603739088 ) ) ;
#4698 = FACE_OUTER_BOUND ( 'NONE', #9614, .T. ) ;
#4699 = DIRECTION ( 'NONE',  ( 3.885780586188047891E-16, -1.065500303100115213E-16, -1.000000000000000000 ) ) ;
#4700 = CARTESIAN_POINT ( 'NONE',  ( -3.041265875000000118, 77.56250000136559208, 0.000000000000000000 ) ) ;
#4701 = CARTESIAN_POINT ( 'NONE',  ( -3.041265875000000118, 79.56250000136559208, 0.000000000000000000 ) ) ;
#4702 = PLANE ( 'NONE',  #1103 ) ;
#4703 = CARTESIAN_POINT ( 'NONE',  ( -1.767766952966369098, 68.87500000000000000, -1.767766952966369098 ) ) ;
#4704 = VERTEX_POINT ( 'NONE', #4285 ) ;
#4705 = DIRECTION ( 'NONE',  ( 0.000000000000000000, -0.000000000000000000, -1.000000000000000000 ) ) ;
#4706 = ADVANCED_FACE ( 'NONE', ( #5151 ), #2701, .F. ) ;
#4707 = CARTESIAN_POINT ( 'NONE',  ( 3.041265874999999674, 67.25000000136559208, -1.259733572207478280 ) ) ;
#4708 = CARTESIAN_POINT ( 'NONE',  ( 2.500000000000000444, 75.43750000000001421, 1.035533905932737309 ) ) ;
#4709 = AXIS2_PLACEMENT_3D ( 'NONE', #7968, #8734, #4764 ) ;
#4710 = DIRECTION ( 'NONE',  ( -3.885780586188047891E-16, 1.000000000000000000, 2.603240987229339518E-29 ) ) ;
#4711 = CARTESIAN_POINT ( 'NONE',  ( 11.00000000000001421, 80.00000000000001421, 14.49999999999999467 ) ) ;
#4712 = ORIENTED_EDGE ( 'NONE', *, *, #3045, .T. ) ;
#4713 = CARTESIAN_POINT ( 'NONE',  ( 7.131764549386636385E-12, 81.90000000000003411, 2.849999999999996092 ) ) ;
#4714 = DIRECTION ( 'NONE',  ( 1.000000000000000000, 0.000000000000000000, -0.000000000000000000 ) ) ;
#4715 = TOROIDAL_SURFACE ( 'NONE', #9914, 6.200000000000001066, 0.2000000000000325129 ) ;
#4716 = DIRECTION ( 'NONE',  ( 0.000000000000000000, 0.000000000000000000, 1.000000000000000000 ) ) ;
#4717 = ORIENTED_EDGE ( 'NONE', *, *, #4105, .F. ) ;
#4718 = ORIENTED_EDGE ( 'NONE', *, *, #6976, .F. ) ;
#4719 = MANIFOLD_SOLID_BREP ( 'spring lock washer_3_jis-1-solid1', #8263 ) ;
#4720 = CARTESIAN_POINT ( 'NONE',  ( 2.939900837143794021, 102.7943356556532564, 21.39999999999999858 ) ) ;
#4721 = CARTESIAN_POINT ( 'NONE',  ( -2.500000000000000444, 78.93750000000000000, -1.035533905932737753 ) ) ;
#4722 = CARTESIAN_POINT ( 'NONE',  ( 1.561251128379126385E-14, 110.0000000000000284, 20.00000000000000000 ) ) ;
#4723 = CARTESIAN_POINT ( 'NONE',  ( 4.592425496802573972E-16, 70.50000000273118417, 2.500000000000000000 ) ) ;
#4724 = VECTOR ( 'NONE', #3815, 1000.000000000000000 ) ;
#4725 = ORIENTED_EDGE ( 'NONE', *, *, #5969, .T. ) ;
#4726 = CARTESIAN_POINT ( 'NONE',  ( 1.767766952966369320, 79.37500000000000000, 1.767766952966368654 ) ) ;
#4727 = CARTESIAN_POINT ( 'NONE',  ( 0.6041766542499341641, 94.23817570982936331, 21.39999999999999858 ) ) ;
#4728 = CARTESIAN_POINT ( 'NONE',  ( -2.150499723603739088, 67.43750000136560629, -2.150499723603739088 ) ) ;
#4729 = CARTESIAN_POINT ( 'NONE',  ( 2.789297643080071723E-15, 99.00000000000001421, 68.00000000000000000 ) ) ;
#4730 = ORIENTED_EDGE ( 'NONE', *, *, #1081, .T. ) ;
#4731 = APPROVAL_PERSON_ORGANIZATION ( #1109, #9974, #2577 ) ;
#4732 = ORIENTED_EDGE ( 'NONE', *, *, #2092, .F. ) ;
#4733 = CARTESIAN_POINT ( 'NONE',  ( 4.592425496802573972E-16, 71.50000000273118417, 2.500000000000000000 ) ) ;
#4734 = CARTESIAN_POINT ( 'NONE',  ( 1.141573054441753008E-14, 99.00000000000001421, 16.20000000000004192 ) ) ;
#4735 = CIRCLE ( 'NONE', #7501, 6.850000000000000533 ) ;
#4736 = DIRECTION ( 'NONE',  ( -0.000000000000000000, 8.773937619163356039E-17, 1.000000000000000000 ) ) ;
#4737 = EDGE_CURVE ( 'NONE', #9229, #5780, #677, .T. ) ;
#4738 = LINE ( 'NONE', #7842, #4686 ) ;
#4739 = CARTESIAN_POINT ( 'NONE',  ( -1.035533905932737753, 74.06250000273119838, -2.500000000000000444 ) ) ;
#4740 = DIRECTION ( 'NONE',  ( 0.7071067811865475727, -0.7071067811865475727, 6.204110788218161570E-17 ) ) ;
#4741 = EDGE_CURVE ( 'NONE', #2223, #3650, #415, .T. ) ;
#4742 = VECTOR ( 'NONE', #4991, 1000.000000000000000 ) ;
#4743 = EDGE_CURVE ( 'NONE', #6560, #1206, #7825, .T. ) ;
#4744 = CARTESIAN_POINT ( 'NONE',  ( 1.259733572207478058, 67.37500000136559208, -3.041265874999999674 ) ) ;
#4745 = ORIENTED_EDGE ( 'NONE', *, *, #4253, .T. ) ;
#4746 = CIRCLE ( 'NONE', #358, 9.750000000000000000 ) ;
#4747 = CARTESIAN_POINT ( 'NONE',  ( 0.000000000000000000, 70.00000000000000000, 0.000000000000000000 ) ) ;
#4748 = AXIS2_PLACEMENT_3D ( 'NONE', #5379, #1459, #3172 ) ;
#4749 = CARTESIAN_POINT ( 'NONE',  ( 3.041265874999999674, 73.12500000136559208, -1.259733572207478280 ) ) ;
#4750 = CARTESIAN_POINT ( 'NONE',  ( 3.211632350503328181E-14, 99.00000000000000000, -21.40000000000000213 ) ) ;
#4751 = CARTESIAN_POINT ( 'NONE',  ( -4.443196637400237847, 97.18395935029116117, 20.29999999999999716 ) ) ;
#4752 = CARTESIAN_POINT ( 'NONE',  ( -2.150499723603738200, 74.68750000136559208, 2.150499723603739533 ) ) ;
#4753 = MANIFOLD_SOLID_BREP ( 'CastStick-2-solid1', #5344 ) ;
#4754 = CIRCLE ( 'NONE', #9629, 6.000000000000000000 ) ;
#4755 = CARTESIAN_POINT ( 'NONE',  ( -1.862238259587412120E-16, 77.31250000136559208, -3.041265875000000118 ) ) ;
#4756 = DIRECTION ( 'NONE',  ( 0.5333341480664622880, -0.8459046556830273067, 2.942022057577980038E-16 ) ) ;
#4757 = CARTESIAN_POINT ( 'NONE',  ( 3.041265875000001007, 79.12500000136559208, 1.259733572207477836 ) ) ;
#4758 = VERTEX_POINT ( 'NONE', #9630 ) ;
#4759 = LINE ( 'NONE', #5568, #2250 ) ;
#4760 = CARTESIAN_POINT ( 'NONE',  ( 5.586714778762236360E-16, 68.93750000136560629, 3.041265875000000118 ) ) ;
#4761 = DIRECTION ( 'NONE',  ( 5.665246594868421190E-32, -0.7071067811865489050, -0.7071067811865462405 ) ) ;
#4762 = DIRECTION ( 'NONE',  ( 0.000000000000000000, 1.000000000000000000, 0.000000000000000000 ) ) ;
#4763 = DIRECTION ( 'NONE',  ( 0.000000000000000000, 1.000000000000000000, 0.000000000000000000 ) ) ;
#4764 = DIRECTION ( 'NONE',  ( 0.000000000000000000, 0.000000000000000000, -1.000000000000000000 ) ) ;
#4765 = FACE_OUTER_BOUND ( 'NONE', #1527, .T. ) ;
#4766 = CARTESIAN_POINT ( 'NONE',  ( -4.755941486852636402, 99.64886098174707740, 21.39999999999999503 ) ) ;
#4767 = ORIENTED_EDGE ( 'NONE', *, *, #3479, .F. ) ;
#4768 = ORIENTED_EDGE ( 'NONE', *, *, #6489, .T. ) ;
#4769 = CARTESIAN_POINT ( 'NONE',  ( 5.985997886957044045, 92.96760867727374489, -21.39999999999999858 ) ) ;
#4770 = CARTESIAN_POINT ( 'NONE',  ( -3.041265875000000118, 78.68750000136559208, 0.000000000000000000 ) ) ;
#4771 = VECTOR ( 'NONE', #7321, 999.9999999999998863 ) ;
#4772 = CARTESIAN_POINT ( 'NONE',  ( 3.968626966596900729, 76.25000000000001421, 4.500000000000005329 ) ) ;
#4773 = CARTESIAN_POINT ( 'NONE',  ( 4.592425496802573972E-16, 67.50000000273119838, 2.500000000000000000 ) ) ;
#4774 = ORIENTED_EDGE ( 'NONE', *, *, #8154, .F. ) ;
#4775 = DIRECTION ( 'NONE',  ( -8.011868568650901149E-32, 1.000000000000000000, -8.773937619163357272E-17 ) ) ;
#4776 = CARTESIAN_POINT ( 'NONE',  ( 0.7458814743014351434, 101.3535973064702773, -22.50000000000001421 ) ) ;
#4777 = ADVANCED_FACE ( 'NONE', ( #6626 ), #2755, .F. ) ;
#4778 = CARTESIAN_POINT ( 'NONE',  ( -2.150499723603738200, 68.68750000136560629, 2.150499723603739533 ) ) ;
#4779 = CARTESIAN_POINT ( 'NONE',  ( -6.905246666404282863, 92.18150051655125310, -20.30000000000000071 ) ) ;
#4780 = ORIENTED_EDGE ( 'NONE', *, *, #1326, .F. ) ;
#4781 = AXIS2_PLACEMENT_3D ( 'NONE', #3706, #7587, #378 ) ;
#4782 = VERTEX_POINT ( 'NONE', #1232 ) ;
#4783 = VERTEX_POINT ( 'NONE', #2085 ) ;
#4784 = LINE ( 'NONE', #770, #8951 ) ;
#4785 = CARTESIAN_POINT ( 'NONE',  ( -1.035533905932717103, 66.43750000273118417, 2.500000000000020872 ) ) ;
#4786 = ADVANCED_FACE ( 'NONE', ( #4184 ), #5760, .F. ) ;
#4787 = CARTESIAN_POINT ( 'NONE',  ( 2.500000000000000000, 74.75000000273118417, -3.061616997868383141E-16 ) ) ;
#4788 = CARTESIAN_POINT ( 'NONE',  ( -2.500000000000000000, 67.06250000000000000, 1.035533905932739307 ) ) ;
#4789 = CARTESIAN_POINT ( 'NONE',  ( 1.035533905932737531, 74.93750000273118417, -2.500000000000000444 ) ) ;
#4790 = CARTESIAN_POINT ( 'NONE',  ( 3.211632350503328181E-14, 99.00000000000000000, -21.40000000000000213 ) ) ;
#4791 = AXIS2_PLACEMENT_3D ( 'NONE', #6345, #9442, #7913 ) ;
#4792 = CARTESIAN_POINT ( 'NONE',  ( 3.041265874999999674, 68.25000000136557787, -1.259733572207478280 ) ) ;
#4793 = VERTEX_POINT ( 'NONE', #9269 ) ;
#4794 =( BOUNDED_CURVE ( )  B_SPLINE_CURVE ( 2, ( #1099, #2418, #4866, #8733, #126, #7156, #9491, #3327, #9544 ),
 .UNSPECIFIED., .F., .T. ) 
 B_SPLINE_CURVE_WITH_KNOTS ( ( 3, 2, 2, 2, 3 ),
 ( 0.6833333333333330151, 0.6916666666666663188, 0.6999999999999996225, 0.7083333333333330373, 0.7166666666666663410 ),
 .UNSPECIFIED. ) 
 CURVE ( )  GEOMETRIC_REPRESENTATION_ITEM ( )  RATIONAL_B_SPLINE_CURVE ( ( 1.000000000000003109, 0.9238795325112837409, 1.000000000000000000, 0.9238795325112867385, 1.000000000000000000, 0.9238795325112867385, 1.000000000000000000, 0.9238795325112897361, 0.9999999999999970024 ) ) 
 REPRESENTATION_ITEM ( '' )  );
#4795 = EDGE_CURVE ( 'NONE', #3795, #9985, #3814, .T. ) ;
#4796 = CARTESIAN_POINT ( 'NONE',  ( -3.041265874999999230, 65.62500000136559208, 1.259733572207480057 ) ) ;
#4797 = DIRECTION ( 'NONE',  ( 0.000000000000000000, 1.000000000000000000, 0.000000000000000000 ) ) ;
#4798 = LINE ( 'NONE', #7803, #4677 ) ;
#4799 = EDGE_CURVE ( 'NONE', #5078, #6414, #8357, .T. ) ;
#4800 = CARTESIAN_POINT ( 'NONE',  ( -1.259733572207478058, 74.37500000136560629, -3.041265875000000563 ) ) ;
#4801 = CARTESIAN_POINT ( 'NONE',  ( -1.259733572207478058, 76.37500000136562051, -3.041265874999999674 ) ) ;
#4802 = DIRECTION ( 'NONE',  ( 5.551115123125783935E-17, -6.662983475941639612E-17, -1.000000000000000000 ) ) ;
#4803 = EDGE_CURVE ( 'NONE', #701, #143, #8480, .T. ) ;
#4804 = CARTESIAN_POINT ( 'NONE',  ( 4.592425496802573972E-16, 66.25000000000000000, 2.500000000000000000 ) ) ;
#4805 = CARTESIAN_POINT ( 'NONE',  ( 2.150499723603739533, 73.06250000136559208, 2.150499723603738644 ) ) ;
#4806 = ORIENTED_EDGE ( 'NONE', *, *, #3094, .T. ) ;
#4807 = DIRECTION ( 'NONE',  ( -3.885780586188047891E-16, 1.000000000000000000, 2.603240987229339518E-29 ) ) ;
#4808 = CARTESIAN_POINT ( 'NONE',  ( 5.586714778762236360E-16, 64.93750000136559208, 3.041265875000000118 ) ) ;
#4809 = VECTOR ( 'NONE', #1467, 1000.000000000000000 ) ;
#4810 = PLANE ( 'NONE',  #4011 ) ;
#4811 = LINE ( 'NONE', #7814, #1921 ) ;
#4812 = CARTESIAN_POINT ( 'NONE',  ( 1.035533905932774390, 71.93750000273119838, -2.499999999999963141 ) ) ;
#4813 = ADVANCED_FACE ( 'NONE', ( #6224 ), #1330, .F. ) ;
#4814 = DIRECTION ( 'NONE',  ( 0.6785983445458485530, 0.6785983445458485530, -0.2810846377148127906 ) ) ;
#4815 = DIRECTION ( 'NONE',  ( -0.000000000000000000, -1.000000000000000000, -0.000000000000000000 ) ) ;
#4816 = VECTOR ( 'NONE', #4114, 1000.000000000000000 ) ;
#4817 = CARTESIAN_POINT ( 'NONE',  ( -1.767766952966368432, 76.12500000000000000, 1.767766952966369320 ) ) ;
#4818 = VERTEX_POINT ( 'NONE', #7692 ) ;
#4819 = EDGE_LOOP ( 'NONE', ( #7098, #649 ) ) ;
#4820 = VERTEX_POINT ( 'NONE', #5253 ) ;
#4821 = CARTESIAN_POINT ( 'NONE',  ( 5.586714778762236360E-16, 78.93750000136559208, 3.041265875000000118 ) ) ;
#4822 = DIRECTION ( 'NONE',  ( 0.9634848649536336129, 0.2677627961559977954, 0.000000000000000000 ) ) ;
#4823 = DIRECTION ( 'NONE',  ( 0.9256659661250524751, 0.3783418020226861356, 0.000000000000000000 ) ) ;
#4824 = CARTESIAN_POINT ( 'NONE',  ( -2.500000000000000444, 78.18750000273119838, -1.035533905932737753 ) ) ;
#4825 = AXIS2_PLACEMENT_3D ( 'NONE', #8132, #1824, #4927 ) ;
#4826 = ORIENTED_EDGE ( 'NONE', *, *, #2414, .T. ) ;
#4827 = CARTESIAN_POINT ( 'NONE',  ( 3.211632350503328181E-14, 99.00000000000000000, -21.40000000000000213 ) ) ;
#4828 = DIRECTION ( 'NONE',  ( -0.9606447433647388179, -0.2777799075629752701, 0.000000000000000000 ) ) ;
#4829 = VECTOR ( 'NONE', #8679, 1000.000000000000000 ) ;
#4830 = CARTESIAN_POINT ( 'NONE',  ( 1.259733572207479835, 70.87500000136559208, 3.041265874999999230 ) ) ;
#4831 = CARTESIAN_POINT ( 'NONE',  ( 1.561251128379126385E-14, 99.00000000000001421, -20.00000000000000355 ) ) ;
#4832 = VERTEX_POINT ( 'NONE', #2343 ) ;
#4833 = VERTEX_POINT ( 'NONE', #1537 ) ;
#4834 = ORIENTED_EDGE ( 'NONE', *, *, #6901, .F. ) ;
#4835 = AXIS2_PLACEMENT_3D ( 'NONE', #8511, #6070, #669 ) ;
#4836 = CARTESIAN_POINT ( 'NONE',  ( -2.500000000000000000, 72.31250000273121259, 1.035533905932739307 ) ) ;
#4837 = AXIS2_PLACEMENT_3D ( 'NONE', #6762, #9008, #9056 ) ;
#4838 = EDGE_CURVE ( 'NONE', #4183, #3193, #8640, .T. ) ;
#4839 = CARTESIAN_POINT ( 'NONE',  ( -1.530808498934191571E-16, 76.75000000000000000, -2.500000000000000000 ) ) ;
#4840 = CARTESIAN_POINT ( 'NONE',  ( -6.297504757564001743, 96.42605930712021234, 20.29999999999999361 ) ) ;
#4841 = CARTESIAN_POINT ( 'NONE',  ( 1.561251128379126385E-14, 76.25000000000001421, 4.407947838944677424E-15 ) ) ;
#4842 = CARTESIAN_POINT ( 'NONE',  ( -1.767766952966368432, 74.37500000273118417, 1.767766952966369320 ) ) ;
#4843 = DIRECTION ( 'NONE',  ( 2.501589552824418086E-12, 0.000000000000000000, 1.000000000000000000 ) ) ;
#4844 = AXIS2_PLACEMENT_3D ( 'NONE', #6671, #7333, #2031 ) ;
#4845 = VECTOR ( 'NONE', #10020, 1000.000000000000000 ) ;
#4846 = AXIS2_PLACEMENT_3D ( 'NONE', #8076, #7467, #2675 ) ;
#4847 = CARTESIAN_POINT ( 'NONE',  ( -2.150499723603738200, 69.81250000136560629, 2.150499723603739533 ) ) ;
#4848 = ORIENTED_EDGE ( 'NONE', *, *, #9279, .F. ) ;
#4849 = DIRECTION ( 'NONE',  ( 5.665246594868428854E-32, -0.7071067811865499042, 0.7071067811865452413 ) ) ;
#4850 = CARTESIAN_POINT ( 'NONE',  ( -3.041265875000000118, 68.56250000136560629, 0.000000000000000000 ) ) ;
#4851 = AXIS2_PLACEMENT_3D ( 'NONE', #7522, #9608, #6557 ) ;
#4852 = FACE_OUTER_BOUND ( 'NONE', #8717, .T. ) ;
#4853 = ORIENTED_EDGE ( 'NONE', *, *, #2497, .F. ) ;
#4854 = CARTESIAN_POINT ( 'NONE',  ( 2.500000000000000444, 73.56250000000001421, -1.035533905932737975 ) ) ;
#4855 = CARTESIAN_POINT ( 'NONE',  ( -3.041265875000000563, 75.50000000136560629, -1.259733572207478058 ) ) ;
#4856 = CARTESIAN_POINT ( 'NONE',  ( -1.862238259587412120E-16, 75.31250000136559208, -3.041265875000000118 ) ) ;
#4857 = DIRECTION ( 'NONE',  ( 0.9999870432906646789, -0.005090505946797769903, 3.575146948697720887E-16 ) ) ;
#4858 = EDGE_CURVE ( 'NONE', #4136, #2223, #4639, .T. ) ;
#4859 =( BOUNDED_CURVE ( )  B_SPLINE_CURVE ( 2, ( #107, #5607, #6427, #8053, #3312, #7894, #9525, #5709, #9576 ),
 .UNSPECIFIED., .F., .T. ) 
 B_SPLINE_CURVE_WITH_KNOTS ( ( 3, 2, 2, 2, 3 ),
 ( 0.6166666668637481585, 0.6249999999999998890, 0.6333333333333330817, 0.6416666666666664964, 0.6499999999999996891 ),
 .UNSPECIFIED. ) 
 CURVE ( )  GEOMETRIC_REPRESENTATION_ITEM ( )  RATIONAL_B_SPLINE_CURVE ( ( 1.000000000000000000, 0.9238795325112867385, 1.000000000000000000, 0.9238795325112867385, 1.000000000000000000, 0.9238795325112867385, 1.000000000000000000, 0.9238795325112897361, 0.9999999999999970024 ) ) 
 REPRESENTATION_ITEM ( '' )  );
#4860 = CARTESIAN_POINT ( 'NONE',  ( 1.767766952966368654, 65.62500000000000000, -1.767766952966369098 ) ) ;
#4861 = CARTESIAN_POINT ( 'NONE',  ( -3.041265875000000563, 71.62500000136559208, -1.259733572207478058 ) ) ;
#4862 = ORIENTED_EDGE ( 'NONE', *, *, #6590, .F. ) ;
#4863 = CARTESIAN_POINT ( 'NONE',  ( 6.599871324932400363, 100.8341751536686104, 19.70000000000001350 ) ) ;
#4864 = CARTESIAN_POINT ( 'NONE',  ( -3.041265875000000118, 64.68750000136559208, 0.000000000000000000 ) ) ;
#4865 = DIRECTION ( 'NONE',  ( 5.551115123125783935E-17, -6.662983475941639612E-17, -1.000000000000000000 ) ) ;
#4866 = CARTESIAN_POINT ( 'NONE',  ( 1.767766952966368654, 68.87500000273119838, -1.767766952966369098 ) ) ;
#4867 = EDGE_CURVE ( 'NONE', #2487, #8968, #7541, .T. ) ;
#4868 = CARTESIAN_POINT ( 'NONE',  ( -2.488814212820116341E-16, 98.99999999999998579, 21.49999999999998579 ) ) ;
#4869 = CARTESIAN_POINT ( 'NONE',  ( 3.968626966596887851, 0.000000000000000000, -4.500000000000000000 ) ) ;
#4870 = ADVANCED_FACE ( 'NONE', ( #3709, #6826 ), #7741, .F. ) ;
#4871 = CARTESIAN_POINT ( 'NONE',  ( 2.500000000000000444, 78.56250000000002842, -1.035533905932737975 ) ) ;
#4872 = ORIENTED_EDGE ( 'NONE', *, *, #4558, .F. ) ;
#4873 = VERTEX_POINT ( 'NONE', #8305 ) ;
#4874 = EDGE_CURVE ( 'NONE', #8496, #9002, #564, .T. ) ;
#4875 = EDGE_LOOP ( 'NONE', ( #10039, #5543, #283, #8929 ) ) ;
#4876 = CARTESIAN_POINT ( 'NONE',  ( -1.259733572207478502, 74.87500000136559208, 3.041265874999999230 ) ) ;
#4877 = DIRECTION ( 'NONE',  ( -0.4888958147463142723, -0.8723421819008511102, 0.000000000000000000 ) ) ;
#4878 = CARTESIAN_POINT ( 'NONE',  ( -2.500000000000000000, 64.31250000273118417, 1.035533905932739307 ) ) ;
#4879 = ORIENTED_EDGE ( 'NONE', *, *, #8264, .F. ) ;
#4880 = DIRECTION ( 'NONE',  ( -0.9920467271188890823, -0.1258701363020654218, -3.327513173005218204E-16 ) ) ;
#4881 = DIRECTION ( 'NONE',  ( 3.885780586188047398E-16, -1.000000000000000000, -2.603240987229321021E-29 ) ) ;
#4882 = AXIS2_PLACEMENT_3D ( 'NONE', #8455, #6725, #6930 ) ;
#4883 = CARTESIAN_POINT ( 'NONE',  ( 3.041265875000001007, 66.00000000136559208, 1.259733572207477836 ) ) ;
#4884 = DIRECTION ( 'NONE',  ( -0.4999999999978319010, -1.942890293085824230E-16, 0.8660254037856903730 ) ) ;
#4885 = ORIENTED_EDGE ( 'NONE', *, *, #9497, .F. ) ;
#4886 = ORIENTED_EDGE ( 'NONE', *, *, #4491, .F. ) ;
#4887 = ORIENTED_EDGE ( 'NONE', *, *, #6317, .T. ) ;
#4888 = FACE_OUTER_BOUND ( 'NONE', #8178, .T. ) ;
#4889 = CIRCLE ( 'NONE', #2280, 2.500000000000000000 ) ;
#4890 = CARTESIAN_POINT ( 'NONE',  ( -7.804227406124420341, 96.83112135113643149, 16.00000000000000711 ) ) ;
#4891 = DIRECTION ( 'NONE',  ( -3.126313675089213528E-17, -9.172147645215891396E-17, -1.000000000000000000 ) ) ;
#4892 = CARTESIAN_POINT ( 'NONE',  ( 1.943048590659658729E-14, 99.00000000000002842, 21.39999999999999858 ) ) ;
#4893 = CARTESIAN_POINT ( 'NONE',  ( 1.943048590659658729E-14, 99.00000000000002842, 21.39999999999999858 ) ) ;
#4894 = CYLINDRICAL_SURFACE ( 'NONE', #1199, 1.499999999999990896 ) ;
#4895 = AXIS2_PLACEMENT_3D ( 'NONE', #6174, #5301, #2478 ) ;
#4896 = ADVANCED_FACE ( 'NONE', ( #771 ), #3921, .F. ) ;
#4897 = CARTESIAN_POINT ( 'NONE',  ( -3.041265875000000118, 68.68750000136560629, 0.000000000000000000 ) ) ;
#4898 = ORIENTED_EDGE ( 'NONE', *, *, #7916, .T. ) ;
#4899 = AXIS2_PLACEMENT_3D ( 'NONE', #6839, #3163, #6894 ) ;
#4900 = DIRECTION ( 'NONE',  ( -3.885780586188047891E-16, 1.065500303100115213E-16, 1.000000000000000000 ) ) ;
#4901 = CARTESIAN_POINT ( 'NONE',  ( 3.041265875000000118, 67.06250000136560629, -3.724476519174824240E-16 ) ) ;
#4902 = CARTESIAN_POINT ( 'NONE',  ( -1.530808498934191571E-16, 76.00000000273118417, -2.500000000000000000 ) ) ;
#4903 = CARTESIAN_POINT ( 'NONE',  ( 1.767766952966368654, 64.87500000273119838, -1.767766952966369098 ) ) ;
#4904 = VECTOR ( 'NONE', #5799, 1000.000000000000341 ) ;
#4905 = CARTESIAN_POINT ( 'NONE',  ( -1.259733572207478058, 75.37500000136562051, -3.041265875000000563 ) ) ;
#4906 = ORIENTED_EDGE ( 'NONE', *, *, #7138, .F. ) ;
#4907 = CARTESIAN_POINT ( 'NONE',  ( 3.041265874999999674, 78.12500000136559208, -1.259733572207478280 ) ) ;
#4908 = EDGE_CURVE ( 'NONE', #8442, #2987, #9017, .T. ) ;
#4909 = DIRECTION ( 'NONE',  ( 5.551115123125783935E-17, -6.662983475941639612E-17, -1.000000000000000000 ) ) ;
#4910 = CARTESIAN_POINT ( 'NONE',  ( 1.767766952966369320, 66.37500000000000000, 1.767766952966368654 ) ) ;
#4911 = CARTESIAN_POINT ( 'NONE',  ( -3.041265875000000118, 69.68750000136560629, 0.000000000000000000 ) ) ;
#4912 = VERTEX_POINT ( 'NONE', #2905 ) ;
#4913 = CIRCLE ( 'NONE', #361, 6.000000000000000888 ) ;
#4914 = CARTESIAN_POINT ( 'NONE',  ( -3.041265875000000563, 79.62500000136560629, -1.259733572207478058 ) ) ;
#4915 = CARTESIAN_POINT ( 'NONE',  ( 1.259733572207478058, 78.25000000136560629, -3.041265874999999674 ) ) ;
#4916 = DIRECTION ( 'NONE',  ( -2.501589552824417682E-12, -9.460304020253028666E-28, -1.000000000000000000 ) ) ;
#4917 = EDGE_CURVE ( 'NONE', #9434, #925, #6173, .T. ) ;
#4918 = DIRECTION ( 'NONE',  ( -0.4888958147463141057, -0.8723421819008512212, -1.855174205273593835E-16 ) ) ;
#4919 = LINE ( 'NONE', #8988, #2101 ) ;
#4920 = CARTESIAN_POINT ( 'NONE',  ( 7.804227406124442545, 101.1688786488636111, 16.30000000000000426 ) ) ;
#4921 = CARTESIAN_POINT ( 'NONE',  ( -1.767766952966368432, 77.12500000000000000, 1.767766952966369320 ) ) ;
#4922 = EDGE_LOOP ( 'NONE', ( #1410, #8878, #2287, #1553 ) ) ;
#4923 = ORIENTED_EDGE ( 'NONE', *, *, #7453, .F. ) ;
#4924 = DIRECTION ( 'NONE',  ( 3.885780586188047891E-16, -1.065500303100115213E-16, -1.000000000000000000 ) ) ;
#4925 = CARTESIAN_POINT ( 'NONE',  ( -3.041265874999999674, 74.62500000136560629, -1.259733572207478058 ) ) ;
#4926 = EDGE_CURVE ( 'NONE', #4971, #4168, #24, .T. ) ;
#4927 = DIRECTION ( 'NONE',  ( 1.000000000000000000, 0.000000000000000000, -2.501589552824417278E-12 ) ) ;
#4928 = CARTESIAN_POINT ( 'NONE',  ( 1.035533905932739085, 66.56250000273118417, 2.500000000000000000 ) ) ;
#4929 = ORIENTED_EDGE ( 'NONE', *, *, #3233, .T. ) ;
#4930 = DIRECTION ( 'NONE',  ( 2.501589552824417682E-12, 0.000000000000000000, 1.000000000000000000 ) ) ;
#4931 = ADVANCED_FACE ( 'NONE', ( #2138 ), #9937, .T. ) ;
#4932 = LINE ( 'NONE', #4217, #4771 ) ;
#4933 = CARTESIAN_POINT ( 'NONE',  ( -2.150499723603739088, 65.43750000136559208, -2.150499723603739088 ) ) ;
#4934 = CARTESIAN_POINT ( 'NONE',  ( 0.000000000000000000, 0.000000000000000000, 0.000000000000000000 ) ) ;
#4935 = ORIENTED_EDGE ( 'NONE', *, *, #1883, .F. ) ;
#4936 =( BOUNDED_CURVE ( )  B_SPLINE_CURVE ( 2, ( #1528, #9157, #4576, #2128, #3805 ),
 .UNSPECIFIED., .F., .T. ) 
 B_SPLINE_CURVE_WITH_KNOTS ( ( 3, 2, 3 ),
 ( 0.000000000000000000, 0.008333333333333340157, 0.01666666666666668031 ),
 .UNSPECIFIED. ) 
 CURVE ( )  GEOMETRIC_REPRESENTATION_ITEM ( )  RATIONAL_B_SPLINE_CURVE ( ( 1.000000000000000000, 0.9238795325112867385, 1.000000000000000000, 0.9238795325112866275, 1.000000000000000222 ) ) 
 REPRESENTATION_ITEM ( '' )  );
#4937 = EDGE_CURVE ( 'NONE', #3859, #6662, #7189, .T. ) ;
#4938 = ORIENTED_EDGE ( 'NONE', *, *, #5637, .T. ) ;
#4939 = ORIENTED_EDGE ( 'NONE', *, *, #8422, .F. ) ;
#4940 = FACE_OUTER_BOUND ( 'NONE', #3188, .T. ) ;
#4941 = CARTESIAN_POINT ( 'NONE',  ( 1.265917165546949219, 103.6300597976671583, -20.30000000000000071 ) ) ;
#4942 = CARTESIAN_POINT ( 'NONE',  ( 4.592425496802573972E-16, 74.50000000273118417, 2.500000000000000000 ) ) ;
#4943 = AXIS2_PLACEMENT_3D ( 'NONE', #6061, #9824, #9870 ) ;
#4944 = VERTEX_POINT ( 'NONE', #4839 ) ;
#4945 = LINE ( 'NONE', #3403, #4197 ) ;
#4946 = CARTESIAN_POINT ( 'NONE',  ( 3.041265875000000563, 65.25000000136559208, -1.259733572207478502 ) ) ;
#4947 = CARTESIAN_POINT ( 'NONE',  ( 2.500000000000000000, 76.75000000273118417, -3.061616997868383141E-16 ) ) ;
#4948 = EDGE_CURVE ( 'NONE', #3420, #2949, #4625, .T. ) ;
#4949 = VECTOR ( 'NONE', #5790, 1000.000000000000000 ) ;
#4950 = CARTESIAN_POINT ( 'NONE',  ( -1.259733572207478502, 69.87500000136559208, 3.041265874999999230 ) ) ;
#4951 = VERTEX_POINT ( 'NONE', #4890 ) ;
#4952 = DIRECTION ( 'NONE',  ( -3.654459117618455439E-16, 1.199456548643360156E-16, 1.000000000000000000 ) ) ;
#4953 = CARTESIAN_POINT ( 'NONE',  ( -3.041265875000000118, 67.56250000136560629, 0.000000000000000000 ) ) ;
#4954 = DIRECTION ( 'NONE',  ( 5.551115123125783935E-17, -6.662983475941639612E-17, -1.000000000000000000 ) ) ;
#4955 = ORIENTED_EDGE ( 'NONE', *, *, #4867, .F. ) ;
#4956 = CARTESIAN_POINT ( 'NONE',  ( -1.259733572207478725, 75.75000000136560629, 3.041265874999999230 ) ) ;
#4957 = ORIENTED_EDGE ( 'NONE', *, *, #3730, .F. ) ;
#4958 = VECTOR ( 'NONE', #8218, 1000.000000000000000 ) ;
#4959 = CARTESIAN_POINT ( 'NONE',  ( 0.5773502691921315044, 82.51000000000003354, 0.9999999999985562660 ) ) ;
#4960 = CARTESIAN_POINT ( 'NONE',  ( 1.035533905932737531, 66.68750000000000000, -2.500000000000000444 ) ) ;
#4961 = CARTESIAN_POINT ( 'NONE',  ( 3.041265875000000563, 71.25000000136559208, -1.259733572207478502 ) ) ;
#4962 = VERTEX_POINT ( 'NONE', #2540 ) ;
#4963 = CARTESIAN_POINT ( 'NONE',  ( -1.259733572207478725, 78.87500000136560629, 3.041265874999999230 ) ) ;
#4964 = CARTESIAN_POINT ( 'NONE',  ( 2.150499723603738644, 66.31250000136559208, -2.150499723603739088 ) ) ;
#4965 = CARTESIAN_POINT ( 'NONE',  ( -3.749418510461536914E-12, 81.80000000000002558, -1.499999999999991340 ) ) ;
#4966 = ADVANCED_FACE ( 'NONE', ( #7942, #5502 ), #98, .F. ) ;
#4967 = FACE_OUTER_BOUND ( 'NONE', #231, .T. ) ;
#4968 = CARTESIAN_POINT ( 'NONE',  ( 1.896536728322030728E-16, 98.99999999999998579, 20.29999999999998295 ) ) ;
#4969 = LINE ( 'NONE', #6545, #5241 ) ;
#4970 = CARTESIAN_POINT ( 'NONE',  ( 2.500000000000000444, 77.56250000000002842, -1.035533905932737975 ) ) ;
#4971 = VERTEX_POINT ( 'NONE', #3913 ) ;
#4972 = ORIENTED_EDGE ( 'NONE', *, *, #4986, .F. ) ;
#4973 = ADVANCED_FACE ( 'NONE', ( #7995 ), #4121, .T. ) ;
#4974 = DIRECTION ( 'NONE',  ( -3.885780586188047398E-16, 1.000000000000000000, 2.603240987229321021E-29 ) ) ;
#4975 = CARTESIAN_POINT ( 'NONE',  ( -2.150499723603739088, 76.56250000136559208, -2.150499723603739088 ) ) ;
#4976 = COORDINATED_UNIVERSAL_TIME_OFFSET ( 7, 0, .AHEAD. ) ;
#4977 = FACE_OUTER_BOUND ( 'NONE', #1703, .T. ) ;
#4978 = CARTESIAN_POINT ( 'NONE',  ( 2.500000000000000000, 64.75000000273119838, -3.061616997868383141E-16 ) ) ;
#4979 = ORIENTED_EDGE ( 'NONE', *, *, #935, .F. ) ;
#4980 = CARTESIAN_POINT ( 'NONE',  ( -4.153311931459090722, 80.00000000000001421, 4.999999999999997335 ) ) ;
#4981 = CARTESIAN_POINT ( 'NONE',  ( 11.00000000000001421, 80.50000000000001421, -15.00000000000000533 ) ) ;
#4982 = CONICAL_SURFACE ( 'NONE', #9851, 10.49999999999999822, 0.7853981633974482790 ) ;
#4983 = CARTESIAN_POINT ( 'NONE',  ( 3.041265875000001007, 67.00000000136559208, 1.259733572207477836 ) ) ;
#4984 = CARTESIAN_POINT ( 'NONE',  ( 0.5773502691921310603, 83.55000000000002558, 0.9999999999985562660 ) ) ;
#4985 = EDGE_LOOP ( 'NONE', ( #233, #6057, #7397, #5873 ) ) ;
#4986 = EDGE_CURVE ( 'NONE', #8869, #7677, #5553, .T. ) ;
#4987 = ORIENTED_EDGE ( 'NONE', *, *, #9901, .F. ) ;
#4988 = EDGE_CURVE ( 'NONE', #5630, #4782, #1681, .T. ) ;
#4989 = CARTESIAN_POINT ( 'NONE',  ( -1.530808498934191571E-16, 72.00000000273118417, -2.500000000000000000 ) ) ;
#4990 = CIRCLE ( 'NONE', #1089, 3.049999999999998934 ) ;
#4991 = DIRECTION ( 'NONE',  ( -1.000000000000000000, -3.885780586188047891E-16, 2.499336080926311959E-12 ) ) ;
#4992 = DIRECTION ( 'NONE',  ( 0.000000000000000000, 1.000000000000000000, 0.000000000000000000 ) ) ;
#4993 = VERTEX_POINT ( 'NONE', #971 ) ;
#4994 = CARTESIAN_POINT ( 'NONE',  ( 1.767766952966368654, 77.62500000000000000, -1.767766952966369098 ) ) ;
#4995 = CARTESIAN_POINT ( 'NONE',  ( -0.4361710909504100675, 99.24444790737314293, -21.50000000000001066 ) ) ;
#4996 = EDGE_CURVE ( 'NONE', #5472, #7953, #3592, .T. ) ;
#4997 = CARTESIAN_POINT ( 'NONE',  ( 1.035533905932748189, 76.93750000273121259, -2.499999999999989786 ) ) ;
#4998 = EDGE_CURVE ( 'NONE', #8535, #6155, #838, .T. ) ;
#4999 = CIRCLE ( 'NONE', #4180, 11.00000000000000000 ) ;
#5000 = AXIS2_PLACEMENT_3D ( 'NONE', #9281, #1448, #2353 ) ;
#5001 = CARTESIAN_POINT ( 'NONE',  ( -3.041265874999999674, 65.62500000136559208, -1.259733572207478058 ) ) ;
#5002 = ORIENTED_EDGE ( 'NONE', *, *, #3117, .F. ) ;
#5003 = EDGE_CURVE ( 'NONE', #9607, #925, #7182, .T. ) ;
#5004 = CARTESIAN_POINT ( 'NONE',  ( 1.767766952966369320, 71.37500000000000000, 1.767766952966368654 ) ) ;
#5005 = CARTESIAN_POINT ( 'NONE',  ( 3.041265874999999674, 66.12500000136559208, -1.259733572207478280 ) ) ;
#5006 = FACE_OUTER_BOUND ( 'NONE', #105, .T. ) ;
#5007 = VERTEX_POINT ( 'NONE', #3349 ) ;
#5008 = DIRECTION ( 'NONE',  ( -0.4888958147463142723, -0.8723421819008511102, 0.000000000000000000 ) ) ;
#5009 = VECTOR ( 'NONE', #8345, 1000.000000000000000 ) ;
#5010 = CARTESIAN_POINT ( 'NONE',  ( 2.150499723603738644, 71.18750000136559208, -2.150499723603739088 ) ) ;
#5011 = ORIENTED_EDGE ( 'NONE', *, *, #4926, .T. ) ;
#5012 = AXIS2_PLACEMENT_3D ( 'NONE', #8245, #1273, #2894 ) ;
#5013 = LINE ( 'NONE', #9690, #4026 ) ;
#5014 = EDGE_LOOP ( 'NONE', ( #2610, #4879 ) ) ;
#5015 = CARTESIAN_POINT ( 'NONE',  ( 2.150499723603738644, 77.31250000136559208, -2.150499723603739088 ) ) ;
#5016 = CARTESIAN_POINT ( 'NONE',  ( 1.259733572207479835, 71.00000000136559208, 3.041265874999999230 ) ) ;
#5017 = ORIENTED_EDGE ( 'NONE', *, *, #3616, .T. ) ;
#5018 = CIRCLE ( 'NONE', #4658, 9.704347826086955564 ) ;
#5019 = VECTOR ( 'NONE', #8283, 1000.000000000000000 ) ;
#5020 = CARTESIAN_POINT ( 'NONE',  ( 3.041265875000000563, 79.25000000136559208, -1.259733572207478502 ) ) ;
#5021 = CARTESIAN_POINT ( 'NONE',  ( -1.862238259587412120E-16, 78.31250000136559208, -3.041265875000000118 ) ) ;
#5022 = DIRECTION ( 'NONE',  ( -2.771172519036345232E-16, 8.684692346097759303E-17, 1.000000000000000000 ) ) ;
#5023 = DIRECTION ( 'NONE',  ( 0.000000000000000000, 0.000000000000000000, -1.000000000000000000 ) ) ;
#5024 = DIRECTION ( 'NONE',  ( -0.4888958147463142168, -0.8723421819008511102, -1.855174205273594328E-16 ) ) ;
#5025 = CARTESIAN_POINT ( 'NONE',  ( 3.985202476878567978E-14, 99.00000000000001421, -67.99999999999998579 ) ) ;
#5026 = CARTESIAN_POINT ( 'NONE',  ( 2.500000000000000444, 77.43750000000001421, 1.035533905932737309 ) ) ;
#5027 = EDGE_CURVE ( 'NONE', #5957, #438, #7674, .T. ) ;
#5028 = ORIENTED_EDGE ( 'NONE', *, *, #3165, .F. ) ;
#5029 = EDGE_LOOP ( 'NONE', ( #6221, #5388 ) ) ;
#5030 = CARTESIAN_POINT ( 'NONE',  ( 3.054088517682291298E-12, 78.90000000000001990, 1.219499999999999806 ) ) ;
#5031 = CARTESIAN_POINT ( 'NONE',  ( 3.041265874999999674, 78.25000000136560629, -1.259733572207478280 ) ) ;
#5032 = APPROVAL_DATE_TIME ( #236, #829 ) ;
#5033 = CARTESIAN_POINT ( 'NONE',  ( 6.685091259270936170, 100.6256562801042520, 20.30000000000000071 ) ) ;
#5034 = CARTESIAN_POINT ( 'NONE',  ( -2.500000000000000000, 66.25000000273119838, 0.000000000000000000 ) ) ;
#5035 = ORIENTED_EDGE ( 'NONE', *, *, #1670, .F. ) ;
#5036 = CARTESIAN_POINT ( 'NONE',  ( 8.982984506048362405, 102.6715604439766878, 21.40000000000000213 ) ) ;
#5037 = CARTESIAN_POINT ( 'NONE',  ( 0.7458814743014315907, 101.3535973064702773, -12.50000000000001243 ) ) ;
#5038 = DIRECTION ( 'NONE',  ( -0.1258701363020654218, 0.9920467271188889713, -1.694517300248164365E-16 ) ) ;
#5039 = ORIENTED_EDGE ( 'NONE', *, *, #8662, .F. ) ;
#5040 = VERTEX_POINT ( 'NONE', #152 ) ;
#5041 = DIRECTION ( 'NONE',  ( 5.551115123125783935E-17, -6.662983475941639612E-17, -1.000000000000000000 ) ) ;
#5042 = CARTESIAN_POINT ( 'NONE',  ( -1.035533905932706666, 69.43750000273119838, 2.500000000000031086 ) ) ;
#5043 = MANIFOLD_SOLID_BREP ( 'ShaftForCastStick-1-solid1', #1445 ) ;
#5044 = CARTESIAN_POINT ( 'NONE',  ( 1.561251128379126385E-14, 110.0000000000000142, -15.50000000000000711 ) ) ;
#5045 = AXIS2_PLACEMENT_3D ( 'NONE', #3429, #3380, #1200 ) ;
#5046 = EDGE_LOOP ( 'NONE', ( #4939, #7474 ) ) ;
#5047 = FACE_OUTER_BOUND ( 'NONE', #9025, .T. ) ;
#5048 = DIRECTION ( 'NONE',  ( -1.665334536937734071E-16, 4.229157726022815470E-17, 1.000000000000000000 ) ) ;
#5049 = CARTESIAN_POINT ( 'NONE',  ( -1.530808498934191571E-16, 79.00000000273118417, -2.500000000000000000 ) ) ;
#5050 = CARTESIAN_POINT ( 'NONE',  ( 5.586714778762236360E-16, 65.93750000136559208, 3.041265875000000118 ) ) ;
#5051 = AXIS2_PLACEMENT_3D ( 'NONE', #5698, #1069, #4320 ) ;
#5052 = VERTEX_POINT ( 'NONE', #818 ) ;
#5053 = EDGE_CURVE ( 'NONE', #7006, #3010, #187, .T. ) ;
#5054 = DIRECTION ( 'NONE',  ( 0.000000000000000000, 1.000000000000000000, 0.000000000000000000 ) ) ;
#5055 = CARTESIAN_POINT ( 'NONE',  ( 4.592425496802573972E-16, 66.25000000000000000, 2.500000000000000000 ) ) ;
#5056 = DIRECTION ( 'NONE',  ( -1.665334536937734071E-16, 4.229157726022815470E-17, 1.000000000000000000 ) ) ;
#5057 = DIRECTION ( 'NONE',  ( 2.501589552824417278E-12, 0.000000000000000000, 1.000000000000000000 ) ) ;
#5058 = EDGE_CURVE ( 'NONE', #3239, #8002, #5883, .T. ) ;
#5059 = CARTESIAN_POINT ( 'NONE',  ( -1.259733572207478725, 69.75000000136559208, 3.041265874999999230 ) ) ;
#5060 = AXIS2_PLACEMENT_3D ( 'NONE', #1569, #5391, #5443 ) ;
#5061 = EDGE_LOOP ( 'NONE', ( #549, #284, #6483, #8919 ) ) ;
#5062 = ADVANCED_FACE ( 'NONE', ( #1734 ), #3271, .T. ) ;
#5063 = EDGE_CURVE ( 'NONE', #9037, #5982, #9771, .T. ) ;
#5064 = ORIENTED_EDGE ( 'NONE', *, *, #3609, .F. ) ;
#5065 = CARTESIAN_POINT ( 'NONE',  ( -2.150499723603738200, 77.81250000136559208, 2.150499723603739533 ) ) ;
#5066 = CARTESIAN_POINT ( 'NONE',  ( 5.586714778762236360E-16, 65.93750000136559208, 3.041265875000000118 ) ) ;
#5067 = ORIENTED_EDGE ( 'NONE', *, *, #1316, .F. ) ;
#5068 = EDGE_CURVE ( 'NONE', #9265, #4783, #5751, .T. ) ;
#5069 = CARTESIAN_POINT ( 'NONE',  ( -2.150499723603739088, 77.56250000136559208, -2.150499723603739088 ) ) ;
#5070 = CARTESIAN_POINT ( 'NONE',  ( 3.041265875000001007, 77.00000000136560629, 1.259733572207477836 ) ) ;
#5071 = CARTESIAN_POINT ( 'NONE',  ( -2.500000000000000000, 79.62500000136560629, 0.000000000000000000 ) ) ;
#5072 = DIRECTION ( 'NONE',  ( 0.9999870432906646789, -0.005090505946798832421, 4.389289323153613957E-16 ) ) ;
#5073 = CARTESIAN_POINT ( 'NONE',  ( -3.968626966596887851, 76.25000000000000000, 4.500000000000000000 ) ) ;
#5074 = CARTESIAN_POINT ( 'NONE',  ( 0.5773502691871279513, 83.55000000000002558, -1.000000000001444178 ) ) ;
#5075 = AXIS2_PLACEMENT_3D ( 'NONE', #719, #9114, #1381 ) ;
#5076 = CARTESIAN_POINT ( 'NONE',  ( -1.035533905932738197, 75.18750000000000000, 2.500000000000000000 ) ) ;
#5077 = EDGE_LOOP ( 'NONE', ( #7882, #1302, #863, #14 ) ) ;
#5078 = VERTEX_POINT ( 'NONE', #1220 ) ;
#5079 = CARTESIAN_POINT ( 'NONE',  ( -1.767766952966369098, 67.12500000273119838, -1.767766952966369098 ) ) ;
#5080 = CARTESIAN_POINT ( 'NONE',  ( -1.862238259587412120E-16, 75.43750000136559208, -3.041265875000000118 ) ) ;
#5081 = FACE_OUTER_BOUND ( 'NONE', #7228, .T. ) ;
#5082 = DIRECTION ( 'NONE',  ( 2.771172519036345232E-16, -8.684692346097759303E-17, -1.000000000000000000 ) ) ;
#5083 = ORIENTED_EDGE ( 'NONE', *, *, #4239, .T. ) ;
#5084 = CARTESIAN_POINT ( 'NONE',  ( 0.000000000000000000, 70.00000000000000000, 2.500000000000000000 ) ) ;
#5085 = CARTESIAN_POINT ( 'NONE',  ( 2.234323837058129904E-15, 81.90000000000003411, -1.496863567656871919E-28 ) ) ;
#5086 = CIRCLE ( 'NONE', #8962, 6.850000000000000533 ) ;
#5087 = AXIS2_PLACEMENT_3D ( 'NONE', #8394, #1420, #9865 ) ;
#5088 = DIRECTION ( 'NONE',  ( 0.9634848649536332799, 0.2677627961559989056, 0.000000000000000000 ) ) ;
#5089 = EDGE_LOOP ( 'NONE', ( #3395, #248, #6964, #4887 ) ) ;
#5090 = EDGE_LOOP ( 'NONE', ( #5250, #4154, #452, #1066 ) ) ;
#5091 = DIRECTION ( 'NONE',  ( 0.9634848649536336129, 0.2677627961559977954, 0.000000000000000000 ) ) ;
#5092 = CARTESIAN_POINT ( 'NONE',  ( 0.03755056118366602302, 81.90000000000003411, -0.4771251183727963086 ) ) ;
#5093 = DIRECTION ( 'NONE',  ( -0.9256659661250538074, -0.3783418020226824163, 0.000000000000000000 ) ) ;
#5094 = CARTESIAN_POINT ( 'NONE',  ( -5.973606162712518319, 97.33987066383282638, 19.79999999999997584 ) ) ;
#5095 = EDGE_CURVE ( 'NONE', #2314, #4541, #9495, .T. ) ;
#5096 = ORIENTED_EDGE ( 'NONE', *, *, #4858, .T. ) ;
#5097 = DIRECTION ( 'NONE',  ( 0.2637327428222745462, 0.9645957911806580798, -1.068728391953100484E-17 ) ) ;
#5098 = CARTESIAN_POINT ( 'NONE',  ( 1.259733572207478058, 65.37500000136559208, -3.041265875000000563 ) ) ;
#5099 = DIRECTION ( 'NONE',  ( -0.2677627961559982395, 0.9634848649536335019, -8.533875781980729164E-17 ) ) ;
#5100 = CARTESIAN_POINT ( 'NONE',  ( 2.150499723603739533, 76.93750000136559208, 2.150499723603738644 ) ) ;
#5101 = CARTESIAN_POINT ( 'NONE',  ( 1.259733572207478058, 65.37500000136559208, -3.041265874999999674 ) ) ;
#5102 = ORIENTED_EDGE ( 'NONE', *, *, #4544, .F. ) ;
#5103 = EDGE_CURVE ( 'NONE', #2046, #8664, #8194, .T. ) ;
#5104 = AXIS2_PLACEMENT_3D ( 'NONE', #7439, #9677, #7286 ) ;
#5105 = DIRECTION ( 'NONE',  ( -0.9256659661250534743, -0.3783418020226833045, -2.775557561562889872E-16 ) ) ;
#5106 = LINE ( 'NONE', #9784, #7498 ) ;
#5107 = FACE_OUTER_BOUND ( 'NONE', #3840, .T. ) ;
#5108 = DIRECTION ( 'NONE',  ( 0.2677627961559983505, -0.9634848649536335019, 8.533875781980731629E-17 ) ) ;
#5109 = AXIS2_PLACEMENT_3D ( 'NONE', #1215, #9811, #9147 ) ;
#5110 = CARTESIAN_POINT ( 'NONE',  ( -1.259733572207478058, 71.37500000136559208, -3.041265875000000563 ) ) ;
#5111 = ORIENTED_EDGE ( 'NONE', *, *, #8468, .F. ) ;
#5112 = ORIENTED_EDGE ( 'NONE', *, *, #5063, .F. ) ;
#5113 = CARTESIAN_POINT ( 'NONE',  ( -3.041265874999999230, 74.75000000136559208, 1.259733572207480057 ) ) ;
#5114 = CARTESIAN_POINT ( 'NONE',  ( 1.259733572207478058, 66.37500000136559208, -3.041265875000000563 ) ) ;
#5115 = EDGE_LOOP ( 'NONE', ( #3383, #6124, #5772, #5555 ) ) ;
#5116 = ADVANCED_FACE ( 'NONE', ( #7329 ), #8144, .F. ) ;
#5117 = EDGE_CURVE ( 'NONE', #8134, #1496, #5139, .T. ) ;
#5118 = CARTESIAN_POINT ( 'NONE',  ( -2.150499723603739088, 77.43750000136559208, -2.150499723603739088 ) ) ;
#5119 = LINE ( 'NONE', #2153, #923 ) ;
#5120 = CARTESIAN_POINT ( 'NONE',  ( -0.5773502691921256202, 82.51000000000003354, -0.9999999999985553778 ) ) ;
#5121 = LINE ( 'NONE', #6495, #4390 ) ;
#5122 = DIRECTION ( 'NONE',  ( -1.000000000000000000, 0.000000000000000000, 2.501467088144502720E-12 ) ) ;
#5123 = EDGE_CURVE ( 'NONE', #2987, #2776, #2790, .T. ) ;
#5124 = CARTESIAN_POINT ( 'NONE',  ( 2.500000000000000444, 74.56250000000002842, -1.035533905932737975 ) ) ;
#5125 = VERTEX_POINT ( 'NONE', #4321 ) ;
#5126 = VERTEX_POINT ( 'NONE', #9006 ) ;
#5127 = CIRCLE ( 'NONE', #2515, 2.499999999999997335 ) ;
#5128 = CARTESIAN_POINT ( 'NONE',  ( 4.144650863863736490, 96.57887026025579758, -21.40000000000000213 ) ) ;
#5129 = CARTESIAN_POINT ( 'NONE',  ( 3.041265875000001007, 73.12500000136559208, 1.259733572207477836 ) ) ;
#5130 = LINE ( 'NONE', #2679, #2218 ) ;
#5131 = DIRECTION ( 'NONE',  ( -3.885780586188047891E-16, 1.065500303100115213E-16, 1.000000000000000000 ) ) ;
#5132 = ORIENTED_EDGE ( 'NONE', *, *, #8853, .T. ) ;
#5133 = DIRECTION ( 'NONE',  ( -0.9606447433647389289, -0.2777799075629750480, 0.000000000000000000 ) ) ;
#5134 = LINE ( 'NONE', #2116, #5313 ) ;
#5135 = DIRECTION ( 'NONE',  ( 0.7071067811865487940, 6.204110788218156640E-17, 0.7071067811865463515 ) ) ;
#5136 = EDGE_LOOP ( 'NONE', ( #1093, #2895, #6688, #3473 ) ) ;
#5137 = VERTEX_POINT ( 'NONE', #405 ) ;
#5138 = CARTESIAN_POINT ( 'NONE',  ( -1.035533905932721987, 76.81250000000000000, -2.500000000000015987 ) ) ;
#5139 = LINE ( 'NONE', #1170, #4257 ) ;
#5140 = CIRCLE ( 'NONE', #1398, 5.249999999999999112 ) ;
#5141 = LINE ( 'NONE', #4323, #2953 ) ;
#5142 = DIRECTION ( 'NONE',  ( -0.9606447433647388179, -0.2777799075629752701, 5.551115123125782702E-17 ) ) ;
#5143 = EDGE_LOOP ( 'NONE', ( #84, #7905 ) ) ;
#5144 = DIRECTION ( 'NONE',  ( 0.9256659661250533633, 0.3783418020226835266, 3.575146948697719901E-16 ) ) ;
#5145 = CARTESIAN_POINT ( 'NONE',  ( -1.035533905932716658, 75.81249999999998579, -2.500000000000020872 ) ) ;
#5146 = LINE ( 'NONE', #360, #7215 ) ;
#5147 = CARTESIAN_POINT ( 'NONE',  ( 5.586714778762236360E-16, 71.81250000136560629, 3.041265875000000118 ) ) ;
#5148 = CIRCLE ( 'NONE', #96, 4.799999999999999822 ) ;
#5149 = ORIENTED_EDGE ( 'NONE', *, *, #7365, .T. ) ;
#5150 = EDGE_CURVE ( 'NONE', #5417, #6914, #8807, .T. ) ;
#5151 = FACE_OUTER_BOUND ( 'NONE', #9247, .T. ) ;
#5152 = CARTESIAN_POINT ( 'NONE',  ( -3.968626966596887851, 0.000000000000000000, -4.500000000000000000 ) ) ;
#5153 = LINE ( 'NONE', #3567, #7441 ) ;
#5154 = FACE_OUTER_BOUND ( 'NONE', #5877, .T. ) ;
#5155 = CARTESIAN_POINT ( 'NONE',  ( -2.500000000000000000, 78.31250000273122680, 1.035533905932739307 ) ) ;
#5156 = CARTESIAN_POINT ( 'NONE',  ( -3.041265874999999230, 71.62500000136559208, 1.259733572207480057 ) ) ;
#5157 = ORIENTED_EDGE ( 'NONE', *, *, #448, .T. ) ;
#5158 = VECTOR ( 'NONE', #4762, 1000.000000000000000 ) ;
#5159 = AXIS2_PLACEMENT_3D ( 'NONE', #6891, #6279, #2966 ) ;
#5160 = ORIENTED_EDGE ( 'NONE', *, *, #4684, .F. ) ;
#5161 = CARTESIAN_POINT ( 'NONE',  ( -1.862238259587412120E-16, 76.43750000136559208, -3.041265875000000118 ) ) ;
#5162 = CARTESIAN_POINT ( 'NONE',  ( -1.862238259587412120E-16, 67.43750000136560629, -3.041265875000000118 ) ) ;
#5163 = VERTEX_POINT ( 'NONE', #1835 ) ;
#5164 = AXIS2_PLACEMENT_3D ( 'NONE', #1285, #1994, #9738 ) ;
#5165 = CARTESIAN_POINT ( 'NONE',  ( 2.150499723603739533, 73.93750000136559208, 2.150499723603738644 ) ) ;
#5166 = DIRECTION ( 'NONE',  ( 8.246218725174991248E-48, -8.773937619163356039E-17, -1.000000000000000000 ) ) ;
#5167 = EDGE_CURVE ( 'NONE', #3145, #372, #4580, .T. ) ;
#5168 = LINE ( 'NONE', #1198, #9827 ) ;
#5169 = EDGE_CURVE ( 'NONE', #1145, #9565, #1070, .T. ) ;
#5170 = CARTESIAN_POINT ( 'NONE',  ( -3.041265875000000118, 64.62500000136559208, 0.000000000000000000 ) ) ;
#5171 = AXIS2_PLACEMENT_3D ( 'NONE', #7732, #6106, #6973 ) ;
#5172 = CARTESIAN_POINT ( 'NONE',  ( 2.500000000000000444, 72.43750000000001421, 1.035533905932737309 ) ) ;
#5173 = AXIS2_PLACEMENT_3D ( 'NONE', #8060, #268, #5616 ) ;
#5174 = VECTOR ( 'NONE', #4924, 1000.000000000000000 ) ;
#5175 = ORIENTED_EDGE ( 'NONE', *, *, #7423, .T. ) ;
#5176 = VERTEX_POINT ( 'NONE', #8957 ) ;
#5177 = LINE ( 'NONE', #8943, #951 ) ;
#5178 = CARTESIAN_POINT ( 'NONE',  ( -2.150499723603738200, 73.81250000136559208, 2.150499723603739533 ) ) ;
#5179 = EDGE_CURVE ( 'NONE', #6219, #2049, #1498, .T. ) ;
#5180 = LINE ( 'NONE', #6905, #9048 ) ;
#5181 = FACE_OUTER_BOUND ( 'NONE', #1561, .T. ) ;
#5182 = ORIENTED_EDGE ( 'NONE', *, *, #4651, .T. ) ;
#5183 = CYLINDRICAL_SURFACE ( 'NONE', #4362, 2.500000000000000000 ) ;
#5184 = ADVANCED_FACE ( 'NONE', ( #458 ), #3554, .T. ) ;
#5185 = CARTESIAN_POINT ( 'NONE',  ( -1.530808498934191571E-16, 76.00000000273118417, -2.500000000000000000 ) ) ;
#5186 = ADVANCED_FACE ( 'NONE', ( #8242 ), #1271, .F. ) ;
#5187 = DIRECTION ( 'NONE',  ( 0.9256659661250533633, 0.3783418020226835266, 3.575146948697719901E-16 ) ) ;
#5188 = EDGE_LOOP ( 'NONE', ( #737, #4717, #3524 ) ) ;
#5189 =( BOUNDED_CURVE ( )  B_SPLINE_CURVE ( 2, ( #1612, #7818, #9249, #3792, #7059, #80, #9958, #848, #5437 ),
 .UNSPECIFIED., .F., .T. ) 
 B_SPLINE_CURVE_WITH_KNOTS ( ( 3, 2, 2, 2, 3 ),
 ( 0.3833333333333336923, 0.3916666666666669960, 0.4000000000000003553, 0.4083333333333336590, 0.4166666666666670182 ),
 .UNSPECIFIED. ) 
 CURVE ( )  GEOMETRIC_REPRESENTATION_ITEM ( )  RATIONAL_B_SPLINE_CURVE ( ( 0.9999999999999970024, 0.9238795325112897361, 1.000000000000000000, 0.9238795325112867385, 1.000000000000000000, 0.9238795325112867385, 1.000000000000000000, 0.9238795325112837409, 1.000000000000003109 ) ) 
 REPRESENTATION_ITEM ( '' )  );
#5190 = ORIENTED_EDGE ( 'NONE', *, *, #9279, .T. ) ;
#5191 = CARTESIAN_POINT ( 'NONE',  ( -2.500000000000000000, 73.31250000273119838, 1.035533905932739307 ) ) ;
#5192 = LINE ( 'NONE', #8244, #8811 ) ;
#5193 = PLANE ( 'NONE',  #7280 ) ;
#5194 = EDGE_LOOP ( 'NONE', ( #3551, #2713, #2521, #1916, #2079, #9841 ) ) ;
#5195 = CARTESIAN_POINT ( 'NONE',  ( 1.035533905932748189, 77.68750000000001421, -2.499999999999989786 ) ) ;
#5196 = CARTESIAN_POINT ( 'NONE',  ( -4.755941486852637290, 99.64886098174707740, 20.29999999999999361 ) ) ;
#5197 = CARTESIAN_POINT ( 'NONE',  ( -1.767766952966368432, 64.37500000273119838, 1.767766952966369320 ) ) ;
#5198 = CARTESIAN_POINT ( 'NONE',  ( 3.041265875000001007, 75.00000000136559208, 1.259733572207477836 ) ) ;
#5199 = CARTESIAN_POINT ( 'NONE',  ( -4.443196637400237847, 97.18395935029116117, 21.39999999999999858 ) ) ;
#5200 = EDGE_LOOP ( 'NONE', ( #3745, #8752, #9463, #1935, #4068 ) ) ;
#5201 = DIRECTION ( 'NONE',  ( 0.9606447433647388179, 0.2777799075629752701, -5.551115123125782702E-17 ) ) ;
#5202 = VECTOR ( 'NONE', #3328, 1000.000000000000000 ) ;
#5203 = CARTESIAN_POINT ( 'NONE',  ( 8.645802690282701874, 101.5000191680668138, -16.20000000000000639 ) ) ;
#5204 = CARTESIAN_POINT ( 'NONE',  ( 0.000000000000000000, 70.00000000000000000, 2.500000000000000000 ) ) ;
#5205 = CARTESIAN_POINT ( 'NONE',  ( 2.500000000000000444, 68.56250000000001421, -1.035533905932737975 ) ) ;
#5206 = CARTESIAN_POINT ( 'NONE',  ( -8.952728626433682280, 102.7447318824067395, 20.29999999999999361 ) ) ;
#5207 = CARTESIAN_POINT ( 'NONE',  ( -1.767766952966368432, 77.37500000273118417, 1.767766952966369320 ) ) ;
#5208 = CARTESIAN_POINT ( 'NONE',  ( -1.259733572207478725, 70.75000000136559208, 3.041265874999999230 ) ) ;
#5209 = ORIENTED_EDGE ( 'NONE', *, *, #316, .F. ) ;
#5210 = VECTOR ( 'NONE', #6416, 1000.000000000000000 ) ;
#5211 = VERTEX_POINT ( 'NONE', #3600 ) ;
#5212 = CARTESIAN_POINT ( 'NONE',  ( 2.150499723603739533, 78.06250000136559208, 2.150499723603738644 ) ) ;
#5213 = CARTESIAN_POINT ( 'NONE',  ( -2.150499723603738200, 68.81250000136560629, 2.150499723603739533 ) ) ;
#5214 = ORIENTED_EDGE ( 'NONE', *, *, #5405, .F. ) ;
#5215 = CARTESIAN_POINT ( 'NONE',  ( 1.259733572207478058, 76.25000000136559208, -3.041265874999999674 ) ) ;
#5216 = CARTESIAN_POINT ( 'NONE',  ( -1.154700538379245911, 82.51000000000003354, 2.888699731742787646E-12 ) ) ;
#5217 = CARTESIAN_POINT ( 'NONE',  ( 2.500000000000000444, 74.56250000000001421, -1.035533905932737975 ) ) ;
#5218 = EDGE_CURVE ( 'NONE', #409, #7563, #4092, .T. ) ;
#5219 = DIRECTION ( 'NONE',  ( -3.654459117618455439E-16, 1.199456548643360156E-16, 1.000000000000000000 ) ) ;
#5220 = CARTESIAN_POINT ( 'NONE',  ( -2.500000000000000000, 72.00000000000001421, 0.000000000000000000 ) ) ;
#5221 = ORIENTED_EDGE ( 'NONE', *, *, #9628, .T. ) ;
#5222 = ORIENTED_EDGE ( 'NONE', *, *, #2788, .T. ) ;
#5223 = DIRECTION ( 'NONE',  ( 1.000000000000000000, 0.000000000000000000, 0.000000000000000000 ) ) ;
#5224 = EDGE_CURVE ( 'NONE', #2949, #9003, #383, .T. ) ;
#5225 = VECTOR ( 'NONE', #2322, 1000.000000000000000 ) ;
#5226 = CARTESIAN_POINT ( 'NONE',  ( 1.259733572207478058, 73.37500000136562051, -3.041265874999999674 ) ) ;
#5227 = DIRECTION ( 'NONE',  ( 2.501589552824417278E-12, 0.000000000000000000, 1.000000000000000000 ) ) ;
#5228 = DIRECTION ( 'NONE',  ( 0.9999870432906646789, -0.005090505946802457125, 0.000000000000000000 ) ) ;
#5229 = ORIENTED_EDGE ( 'NONE', *, *, #7753, .T. ) ;
#5230 = PLANE ( 'NONE',  #130 ) ;
#5231 = VECTOR ( 'NONE', #5105, 1000.000000000000114 ) ;
#5232 = DIRECTION ( 'NONE',  ( -0.8723421819008509992, 0.4888958147463144388, -3.473137494231631459E-16 ) ) ;
#5233 = CARTESIAN_POINT ( 'NONE',  ( 1.794230600916719931, 105.5623527345562849, -21.40000000000000213 ) ) ;
#5234 = ORIENTED_EDGE ( 'NONE', *, *, #66, .F. ) ;
#5235 = VERTEX_POINT ( 'NONE', #6145 ) ;
#5236 = EDGE_CURVE ( 'NONE', #5933, #7212, #6220, .T. ) ;
#5237 = AXIS2_PLACEMENT_3D ( 'NONE', #1513, #6091, #9293 ) ;
#5238 = DIRECTION ( 'NONE',  ( 0.9634848649536335019, 0.2677627961559984060, 0.000000000000000000 ) ) ;
#5239 = EDGE_CURVE ( 'NONE', #1050, #8335, #9951, .T. ) ;
#5240 = DIRECTION ( 'NONE',  ( 0.000000000000000000, 1.000000000000000000, 0.000000000000000000 ) ) ;
#5241 = VECTOR ( 'NONE', #8836, 1000.000000000000000 ) ;
#5242 = FACE_OUTER_BOUND ( 'NONE', #5029, .T. ) ;
#5243 = VERTEX_POINT ( 'NONE', #6956 ) ;
#5244 = CARTESIAN_POINT ( 'NONE',  ( 1.767766952966368654, 73.87500000273118417, -1.767766952966369098 ) ) ;
#5245 = PLANE ( 'NONE',  #6252 ) ;
#5246 = CARTESIAN_POINT ( 'NONE',  ( -1.530808498934191571E-16, 65.00000000273119838, -2.500000000000000000 ) ) ;
#5247 = CARTESIAN_POINT ( 'NONE',  ( -2.150499723603739088, 74.43750000136559208, -2.150499723603739088 ) ) ;
#5248 = EDGE_CURVE ( 'NONE', #1496, #8083, #8485, .T. ) ;
#5249 = CARTESIAN_POINT ( 'NONE',  ( -4.000074159388262372E-12, 81.80000000000002558, -1.599999999999990985 ) ) ;
#5250 = ORIENTED_EDGE ( 'NONE', *, *, #2193, .F. ) ;
#5251 = CARTESIAN_POINT ( 'NONE',  ( 1.259733572207478058, 78.37500000136563472, -3.041265875000000563 ) ) ;
#5252 = CARTESIAN_POINT ( 'NONE',  ( 11.00000000000001421, 110.0000000000000284, 20.00000000000000000 ) ) ;
#5253 = CARTESIAN_POINT ( 'NONE',  ( 6.803127038349613187, 98.96536819264019869, -21.39999999999999858 ) ) ;
#5254 = CARTESIAN_POINT ( 'NONE',  ( -10.99999999999998401, 78.75000000000001421, 19.49999999999999289 ) ) ;
#5255 = CARTESIAN_POINT ( 'NONE',  ( 0.000000000000000000, 70.00000000000000000, 0.000000000000000000 ) ) ;
#5256 = EDGE_CURVE ( 'NONE', #780, #8117, #6292, .T. ) ;
#5257 = CARTESIAN_POINT ( 'NONE',  ( 11.00000000000001421, 79.25000000000001421, -20.00000000000000711 ) ) ;
#5258 = CARTESIAN_POINT ( 'NONE',  ( -1.530808498934191571E-16, 76.00000000273118417, -2.500000000000000000 ) ) ;
#5259 = CARTESIAN_POINT ( 'NONE',  ( 1.259733572207479835, 64.87500000136559208, 3.041265874999999230 ) ) ;
#5260 = ORIENTED_EDGE ( 'NONE', *, *, #5179, .T. ) ;
#5261 = CARTESIAN_POINT ( 'NONE',  ( 3.041265875000000118, 71.18750000136559208, -3.724476519174824240E-16 ) ) ;
#5262 = CARTESIAN_POINT ( 'NONE',  ( -1.259733572207478058, 66.50000000136559208, -3.041265875000000563 ) ) ;
#5263 = ORIENTED_EDGE ( 'NONE', *, *, #6793, .F. ) ;
#5264 = CARTESIAN_POINT ( 'NONE',  ( 1.259733572207479835, 75.87500000136560629, 3.041265874999999230 ) ) ;
#5265 = AXIS2_PLACEMENT_3D ( 'NONE', #2530, #5641, #3391 ) ;
#5266 = PLANE ( 'NONE',  #3681 ) ;
#5267 = CARTESIAN_POINT ( 'NONE',  ( 1.259733572207479835, 76.87500000136560629, 3.041265874999999230 ) ) ;
#5268 = AXIS2_PLACEMENT_3D ( 'NONE', #6439, #9539, #7763 ) ;
#5269 = CARTESIAN_POINT ( 'NONE',  ( 1.035533905932737531, 73.68750000000001421, -2.500000000000000444 ) ) ;
#5270 = ORIENTED_EDGE ( 'NONE', *, *, #43, .F. ) ;
#5271 = ORIENTED_EDGE ( 'NONE', *, *, #4874, .F. ) ;
#5272 = CARTESIAN_POINT ( 'NONE',  ( -0.1599655505260100252, 92.12194689548945803, 21.39999999999999858 ) ) ;
#5273 = EDGE_CURVE ( 'NONE', #9358, #2760, #796, .T. ) ;
#5274 = CARTESIAN_POINT ( 'NONE',  ( -3.041265874999999674, 73.62500000136559208, -1.259733572207478058 ) ) ;
#5275 = DATE_AND_TIME ( #8381, #342 ) ;
#5276 = CARTESIAN_POINT ( 'NONE',  ( -1.154700538379245911, 82.51000000000003354, 2.888699731742787646E-12 ) ) ;
#5277 = CARTESIAN_POINT ( 'NONE',  ( 11.00000000000001421, 76.54105339059324820, -16.58394660940668075 ) ) ;
#5278 = ORIENTED_EDGE ( 'NONE', *, *, #1573, .T. ) ;
#5279 = CARTESIAN_POINT ( 'NONE',  ( -3.968626966596887851, 5.000000000000000000, 4.500000000000000000 ) ) ;
#5280 = DIRECTION ( 'NONE',  ( 3.654459117618455439E-16, -1.199456548643360156E-16, -1.000000000000000000 ) ) ;
#5281 = EDGE_CURVE ( 'NONE', #9653, #7197, #3886, .T. ) ;
#5282 = CARTESIAN_POINT ( 'NONE',  ( 6.297504757564041711, 101.5739406928798587, 21.40000000000000213 ) ) ;
#5283 = EDGE_LOOP ( 'NONE', ( #2764, #5748, #3389, #2437, #5945, #3846, #4319, #7412, #2360, #1926, #2340, #5991, #8542, #6065, #3583, #3208, #3085, #4513, #7295, #7379, #6858 ) ) ;
#5284 = ORIENTED_EDGE ( 'NONE', *, *, #1505, .T. ) ;
#5285 = CARTESIAN_POINT ( 'NONE',  ( 5.763868460188454890, 100.6666794453778522, -16.20000000000000284 ) ) ;
#5286 = CARTESIAN_POINT ( 'NONE',  ( 1.943048590659658729E-14, 99.00000000000002842, 21.39999999999999858 ) ) ;
#5287 = CARTESIAN_POINT ( 'NONE',  ( -10.99999999999998401, 99.00000000000001421, -15.50000000000000355 ) ) ;
#5288 = EDGE_LOOP ( 'NONE', ( #9399, #2650, #8057, #2146, #1891 ) ) ;
#5289 = CARTESIAN_POINT ( 'NONE',  ( 1.767766952966369320, 73.62500000273118417, 1.767766952966368654 ) ) ;
#5290 = CARTESIAN_POINT ( 'NONE',  ( 2.500000000000000000, 65.50000000000000000, -3.061616997868383141E-16 ) ) ;
#5291 = CARTESIAN_POINT ( 'NONE',  ( 1.035533905932779941, 70.93750000273116996, -2.499999999999957367 ) ) ;
#5292 = CARTESIAN_POINT ( 'NONE',  ( -3.041265874999999230, 71.62500000136559208, 1.259733572207480057 ) ) ;
#5293 = EDGE_CURVE ( 'NONE', #3774, #8096, #5721, .T. ) ;
#5294 = LINE ( 'NONE', #6110, #8262 ) ;
#5295 = EDGE_CURVE ( 'NONE', #1523, #4233, #8630, .T. ) ;
#5296 = VERTEX_POINT ( 'NONE', #27 ) ;
#5297 = CARTESIAN_POINT ( 'NONE',  ( -3.041265874999999230, 73.75000000136559208, 1.259733572207480057 ) ) ;
#5298 = AXIS2_PLACEMENT_3D ( 'NONE', #7340, #5961, #7445 ) ;
#5299 = CARTESIAN_POINT ( 'NONE',  ( 3.696544490476026646E-14, 99.00000000000001421, -16.00000000000000355 ) ) ;
#5300 = CARTESIAN_POINT ( 'NONE',  ( -1.530808498934191571E-16, 70.75000000000001421, -2.500000000000000000 ) ) ;
#5301 = DIRECTION ( 'NONE',  ( 3.885780586188047891E-16, -1.065500303100115213E-16, -1.000000000000000000 ) ) ;
#5302 = CARTESIAN_POINT ( 'NONE',  ( -5.780909189721792352, 97.39342322306403332, 19.80000000000000426 ) ) ;
#5303 = EDGE_CURVE ( 'NONE', #1274, #36, #2304, .T. ) ;
#5304 = DIRECTION ( 'NONE',  ( 8.011868568650901149E-32, -1.000000000000000000, -1.178574802204324542E-16 ) ) ;
#5305 = CARTESIAN_POINT ( 'NONE',  ( 2.500000000000000444, 78.81250000273118417, -1.035533905932737975 ) ) ;
#5306 = CARTESIAN_POINT ( 'NONE',  ( 2.150499723603738644, 68.18750000136560629, -2.150499723603739088 ) ) ;
#5307 = ORIENTED_EDGE ( 'NONE', *, *, #9161, .T. ) ;
#5308 = CIRCLE ( 'NONE', #6937, 1.024434782608709904 ) ;
#5309 = ADVANCED_FACE ( 'NONE', ( #6197 ), #9190, .F. ) ;
#5310 = CARTESIAN_POINT ( 'NONE',  ( -1.862238259587412120E-16, 72.43750000136559208, -3.041265875000000118 ) ) ;
#5311 = ORIENTED_EDGE ( 'NONE', *, *, #9089, .F. ) ;
#5312 = ORIENTED_EDGE ( 'NONE', *, *, #4988, .F. ) ;
#5313 = VECTOR ( 'NONE', #6808, 1000.000000000000000 ) ;
#5314 = CARTESIAN_POINT ( 'NONE',  ( 2.150499723603739533, 70.93750000136559208, 2.150499723603738644 ) ) ;
#5315 = CARTESIAN_POINT ( 'NONE',  ( 3.061616997868383141E-16, 2.571758278209445408E-16, 2.500000000000000000 ) ) ;
#5316 = CONICAL_SURFACE ( 'NONE', #921, 10.49999999999999822, 0.7853981633974482790 ) ;
#5317 = CIRCLE ( 'NONE', #274, 1.206000000000001515 ) ;
#5318 = CARTESIAN_POINT ( 'NONE',  ( -0.1837847867492584664, 91.09778906204566340, 21.39999999999999858 ) ) ;
#5319 = CARTESIAN_POINT ( 'NONE',  ( 2.500000000000000000, 72.75000000273118417, -3.061616997868383141E-16 ) ) ;
#5320 = CARTESIAN_POINT ( 'NONE',  ( 1.618223656202286032, 100.8647014917239630, -22.50000000000001421 ) ) ;
#5321 = CARTESIAN_POINT ( 'NONE',  ( -2.500000000000000000, 68.00000000000000000, 0.000000000000000000 ) ) ;
#5322 = ORIENTED_EDGE ( 'NONE', *, *, #5679, .F. ) ;
#5323 = ORIENTED_EDGE ( 'NONE', *, *, #2532, .F. ) ;
#5324 = CIRCLE ( 'NONE', #4835, 6.199999971414616340 ) ;
#5325 = CARTESIAN_POINT ( 'NONE',  ( -10.49999999999998401, 99.00000000000001421, 14.99999999999999467 ) ) ;
#5326 = VECTOR ( 'NONE', #6485, 1000.000000000000000 ) ;
#5327 = CARTESIAN_POINT ( 'NONE',  ( -3.041265874999999674, 71.62500000136559208, -1.259733572207478058 ) ) ;
#5328 = CARTESIAN_POINT ( 'NONE',  ( 2.500000000000000444, 75.56250000000001421, -1.035533905932737975 ) ) ;
#5329 = FACE_BOUND ( 'NONE', #8494, .T. ) ;
#5330 = CARTESIAN_POINT ( 'NONE',  ( 2.500000000000000444, 67.81250000273118417, -1.035533905932737975 ) ) ;
#5331 = ORIENTED_EDGE ( 'NONE', *, *, #6283, .T. ) ;
#5332 = DIRECTION ( 'NONE',  ( 0.5773502691896267303, 0.5773502691896239547, -0.5773502691896266192 ) ) ;
#5333 = DIRECTION ( 'NONE',  ( 0.4999999999978309573, 1.942890293085820778E-16, -0.8660254037856909282 ) ) ;
#5334 = AXIS2_PLACEMENT_3D ( 'NONE', #7135, #1683, #306 ) ;
#5335 = VECTOR ( 'NONE', #9639, 1000.000000000000000 ) ;
#5336 = EDGE_CURVE ( 'NONE', #3875, #8016, #7027, .T. ) ;
#5337 = VECTOR ( 'NONE', #440, 1000.000000000000114 ) ;
#5338 = CARTESIAN_POINT ( 'NONE',  ( -1.530808498934191571E-16, 76.00000000273118417, -2.500000000000000000 ) ) ;
#5339 = EDGE_LOOP ( 'NONE', ( #3498, #9309, #9498, #6183 ) ) ;
#5340 = VERTEX_POINT ( 'NONE', #9391 ) ;
#5341 = ORIENTED_EDGE ( 'NONE', *, *, #8891, .T. ) ;
#5342 = CARTESIAN_POINT ( 'NONE',  ( -1.530808498934191571E-16, 76.75000000000000000, -2.500000000000000000 ) ) ;
#5343 = VECTOR ( 'NONE', #4162, 1000.000000000000000 ) ;
#5344 = CLOSED_SHELL ( 'NONE', ( #4029, #568, #6988, #8042, #196, #8724, #5614, #4609, #255, #2180, #3307, #8447, #4367, #2729, #2975, #6673, #632, #3362, #4777, #5979, #5493, #4786, #1877, #1449, #9462, #5671, #4119, #4706, #6241, #1446, #6543, #1318, #9439, #5737, #2351, #1202, #7716, #2754, #9208, #8983, #1510, #5309, #453, #1361, #1607, #9757, #4431, #1494, #1929, #262, #6180, #7850, #8815, #8572, #7538 ) ) ;
#5345 = CARTESIAN_POINT ( 'NONE',  ( 3.968626966596887851, 5.000000000000000000, -4.500000000000000000 ) ) ;
#5346 = CARTESIAN_POINT ( 'NONE',  ( 1.035533905932739085, 69.56250000273119838, 2.500000000000000000 ) ) ;
#5347 = EDGE_LOOP ( 'NONE', ( #9968, #6512, #7038, #1917 ) ) ;
#5348 = DIRECTION ( 'NONE',  ( 0.000000000000000000, -1.000000000000000000, 0.000000000000000000 ) ) ;
#5349 = CARTESIAN_POINT ( 'NONE',  ( -1.767766952966368432, 70.37500000273119838, 1.767766952966369320 ) ) ;
#5350 = CARTESIAN_POINT ( 'NONE',  ( -2.150499723603738200, 71.68750000136559208, 2.150499723603739533 ) ) ;
#5351 = DIRECTION ( 'NONE',  ( -0.9606447433647388179, -0.2777799075629757142, 0.000000000000000000 ) ) ;
#5352 = EDGE_LOOP ( 'NONE', ( #9296, #3298, #6586, #8047 ) ) ;
#5353 = CARTESIAN_POINT ( 'NONE',  ( 3.041265875000000118, 75.18750000136559208, -3.724476519174824240E-16 ) ) ;
#5354 = LINE ( 'NONE', #3760, #9907 ) ;
#5355 = DIRECTION ( 'NONE',  ( 0.000000000000000000, 0.000000000000000000, -1.000000000000000000 ) ) ;
#5356 = DIRECTION ( 'NONE',  ( 0.7071067811865475727, 8.333782347742725720E-17, -0.7071067811865475727 ) ) ;
#5357 = CARTESIAN_POINT ( 'NONE',  ( -2.500000000000000000, 76.25000000273118417, 0.000000000000000000 ) ) ;
#5358 = CARTESIAN_POINT ( 'NONE',  ( -3.041265875000000118, 68.56250000136560629, 0.000000000000000000 ) ) ;
#5359 = VERTEX_POINT ( 'NONE', #2211 ) ;
#5360 = CARTESIAN_POINT ( 'NONE',  ( 3.041265874999999674, 71.25000000136557787, -1.259733572207478280 ) ) ;
#5361 = ORIENTED_EDGE ( 'NONE', *, *, #5960, .F. ) ;
#5362 = EDGE_CURVE ( 'NONE', #2738, #5630, #2849, .T. ) ;
#5363 = EDGE_LOOP ( 'NONE', ( #5645, #8803 ) ) ;
#5364 = ADVANCED_FACE ( 'NONE', ( #10000 ), #5430, .F. ) ;
#5365 = CARTESIAN_POINT ( 'NONE',  ( 2.150499723603738644, 73.18750000136559208, -2.150499723603739088 ) ) ;
#5366 = FACE_OUTER_BOUND ( 'NONE', #6400, .T. ) ;
#5367 = EDGE_CURVE ( 'NONE', #3420, #7736, #226, .T. ) ;
#5368 = DIRECTION ( 'NONE',  ( -3.885780586188047891E-16, 1.000000000000000000, 2.603240987229339518E-29 ) ) ;
#5369 = AXIS2_PLACEMENT_3D ( 'NONE', #5073, #9647, #2669 ) ;
#5370 = CARTESIAN_POINT ( 'NONE',  ( 2.150499723603738644, 79.18750000136559208, -2.150499723603739088 ) ) ;
#5371 = DIRECTION ( 'NONE',  ( -1.665334536937734071E-16, 4.229157726022815470E-17, 1.000000000000000000 ) ) ;
#5372 = ADVANCED_FACE ( 'NONE', ( #4044 ), #5775, .F. ) ;
#5373 = CARTESIAN_POINT ( 'NONE',  ( -1.530808498934191571E-16, 70.75000000000001421, -2.500000000000000000 ) ) ;
#5374 = ORIENTED_EDGE ( 'NONE', *, *, #4036, .F. ) ;
#5375 = ORIENTED_EDGE ( 'NONE', *, *, #5735, .T. ) ;
#5376 = CARTESIAN_POINT ( 'NONE',  ( -4.443196637400237847, 97.18395935029116117, 20.29999999999999716 ) ) ;
#5377 = AXIS2_PLACEMENT_3D ( 'NONE', #9514, #914, #3866 ) ;
#5378 = CARTESIAN_POINT ( 'NONE',  ( -2.150499723603739088, 69.56250000136560629, -2.150499723603739088 ) ) ;
#5379 = CARTESIAN_POINT ( 'NONE',  ( 1.943048590659658729E-14, 99.00000000000002842, 21.39999999999999858 ) ) ;
#5380 = DIRECTION ( 'NONE',  ( -3.885780586188047891E-16, 1.000000000000000000, 2.603240987229339518E-29 ) ) ;
#5381 = CARTESIAN_POINT ( 'NONE',  ( -1.530808498934191571E-16, 68.00000000273119838, -2.500000000000000000 ) ) ;
#5382 = ORIENTED_EDGE ( 'NONE', *, *, #826, .T. ) ;
#5383 = LINE ( 'NONE', #8489, #811 ) ;
#5384 = DIRECTION ( 'NONE',  ( 2.501589552824417682E-12, 0.000000000000000000, 1.000000000000000000 ) ) ;
#5385 = AXIS2_PLACEMENT_3D ( 'NONE', #3234, #7780, #2330 ) ;
#5386 = PLANE ( 'NONE',  #8881 ) ;
#5387 = ORIENTED_EDGE ( 'NONE', *, *, #3552, .F. ) ;
#5388 = ORIENTED_EDGE ( 'NONE', *, *, #5003, .F. ) ;
#5389 = CIRCLE ( 'NONE', #2943, 1.024434782608710348 ) ;
#5390 = ORIENTED_EDGE ( 'NONE', *, *, #3864, .F. ) ;
#5391 = DIRECTION ( 'NONE',  ( 4.199509984885302464E-16, -2.269162886183642352E-17, -1.000000000000000000 ) ) ;
#5392 = AXIS2_PLACEMENT_3D ( 'NONE', #3969, #8558, #5547 ) ;
#5393 = CARTESIAN_POINT ( 'NONE',  ( -4.799937807795157774, 99.02443442854463740, -21.40000000000000213 ) ) ;
#5394 = CARTESIAN_POINT ( 'NONE',  ( -1.035533905932738197, 70.43750000273119838, 2.500000000000000000 ) ) ;
#5395 = ORIENTED_EDGE ( 'NONE', *, *, #1558, .F. ) ;
#5396 = CARTESIAN_POINT ( 'NONE',  ( -4.169085292408304610, 96.62119193194901356, -21.40000000000000213 ) ) ;
#5397 = DIRECTION ( 'NONE',  ( -0.9773013845959502843, -0.2118537317746340409, -3.167164066876352830E-16 ) ) ;
#5398 = CARTESIAN_POINT ( 'NONE',  ( 2.150499723603738644, 68.18750000136560629, -2.150499723603739088 ) ) ;
#5399 = CYLINDRICAL_SURFACE ( 'NONE', #2726, 1.024434782608708128 ) ;
#5400 = EDGE_LOOP ( 'NONE', ( #8829, #3384, #232, #300 ) ) ;
#5401 = VECTOR ( 'NONE', #742, 1000.000000000000000 ) ;
#5402 = ORIENTED_EDGE ( 'NONE', *, *, #5068, .F. ) ;
#5403 = CARTESIAN_POINT ( 'NONE',  ( -1.259733572207478058, 74.50000000136559208, -3.041265875000000563 ) ) ;
#5404 = CARTESIAN_POINT ( 'NONE',  ( 4.144650863863736490, 96.57887026025579758, -21.40000000000000213 ) ) ;
#5405 = EDGE_CURVE ( 'NONE', #8403, #3679, #2792, .T. ) ;
#5406 = DIRECTION ( 'NONE',  ( 5.551115123125783935E-17, -6.662983475941639612E-17, -1.000000000000000000 ) ) ;
#5407 = AXIS2_PLACEMENT_3D ( 'NONE', #4691, #4534, #4641 ) ;
#5408 = DIRECTION ( 'NONE',  ( -0.9606447433647362644, -0.2777799075629840964, 0.000000000000000000 ) ) ;
#5409 = CARTESIAN_POINT ( 'NONE',  ( 1.265917165546949441, 103.6300597976671583, -21.40000000000000213 ) ) ;
#5410 = CARTESIAN_POINT ( 'NONE',  ( -2.500000000000000444, 72.93750000000000000, -1.035533905932737753 ) ) ;
#5411 = CARTESIAN_POINT ( 'NONE',  ( -1.035533905932738197, 74.43750000273119838, 2.500000000000000000 ) ) ;
#5412 = CARTESIAN_POINT ( 'NONE',  ( 3.041265875000001007, 68.00000000136559208, 1.259733572207477836 ) ) ;
#5413 = AXIS2_PLACEMENT_3D ( 'NONE', #5978, #6593, #8175 ) ;
#5414 = EDGE_CURVE ( 'NONE', #6155, #36, #7153, .T. ) ;
#5415 = CARTESIAN_POINT ( 'NONE',  ( -3.041265874999999230, 70.75000000136560629, 1.259733572207480057 ) ) ;
#5416 = ORIENTED_EDGE ( 'NONE', *, *, #9261, .T. ) ;
#5417 = VERTEX_POINT ( 'NONE', #9591 ) ;
#5418 = CARTESIAN_POINT ( 'NONE',  ( -2.150499723603738200, 71.68750000136559208, 2.150499723603739533 ) ) ;
#5419 = DIRECTION ( 'NONE',  ( 3.654459117618455439E-16, -1.199456548643360156E-16, -1.000000000000000000 ) ) ;
#5420 = CARTESIAN_POINT ( 'NONE',  ( -1.259733572207478725, 78.75000000136560629, 3.041265874999999230 ) ) ;
#5421 = CARTESIAN_POINT ( 'NONE',  ( 1.943048590659658729E-14, 99.00000000000002842, 21.39999999999999858 ) ) ;
#5422 = DIRECTION ( 'NONE',  ( 0.9634848649536331688, 0.2677627961559990166, 0.000000000000000000 ) ) ;
#5423 = EDGE_CURVE ( 'NONE', #209, #8852, #8778, .T. ) ;
#5424 = CARTESIAN_POINT ( 'NONE',  ( -1.530808498934191571E-16, 71.75000000000001421, -2.500000000000000000 ) ) ;
#5425 = VERTEX_POINT ( 'NONE', #4965 ) ;
#5426 = ORIENTED_EDGE ( 'NONE', *, *, #1182, .F. ) ;
#5427 = EDGE_CURVE ( 'NONE', #349, #8010, #4913, .T. ) ;
#5428 = CARTESIAN_POINT ( 'NONE',  ( 1.154700538379252794, 83.55000000000002558, -2.888586803450264932E-12 ) ) ;
#5429 = CARTESIAN_POINT ( 'NONE',  ( -3.041265874999999674, 67.62500000136559208, -1.259733572207478058 ) ) ;
#5430 = PLANE ( 'NONE',  #6698 ) ;
#5431 = AXIS2_PLACEMENT_3D ( 'NONE', #3308, #6422, #1686 ) ;
#5432 = EDGE_CURVE ( 'NONE', #9774, #1837, #9134, .T. ) ;
#5433 = CARTESIAN_POINT ( 'NONE',  ( 4.592425496802573972E-16, 72.25000000000001421, 2.500000000000000000 ) ) ;
#5434 = DIRECTION ( 'NONE',  ( 0.000000000000000000, 1.000000000000000000, 0.000000000000000000 ) ) ;
#5435 = ORIENTED_EDGE ( 'NONE', *, *, #7789, .F. ) ;
#5436 = CARTESIAN_POINT ( 'NONE',  ( 1.561251128379126385E-14, 109.5000000000000142, -20.00000000000000000 ) ) ;
#5437 = CARTESIAN_POINT ( 'NONE',  ( -1.530808498934191571E-16, 73.75000000000000000, -2.500000000000000000 ) ) ;
#5438 = VECTOR ( 'NONE', #8085, 1000.000000000000000 ) ;
#5439 = DIRECTION ( 'NONE',  ( 0.5333341480664622880, -0.8459046556830273067, 2.942022057577980531E-16 ) ) ;
#5440 = ORIENTED_EDGE ( 'NONE', *, *, #8077, .T. ) ;
#5441 = ORIENTED_EDGE ( 'NONE', *, *, #9317, .T. ) ;
#5442 = ORIENTED_EDGE ( 'NONE', *, *, #6489, .F. ) ;
#5443 = DIRECTION ( 'NONE',  ( 0.4888958147463141057, 0.8723421819008512212, 1.855174205273593835E-16 ) ) ;
#5444 = DIRECTION ( 'NONE',  ( 0.005090505946797966794, 0.9999870432906646789, -8.543513119185788499E-17 ) ) ;
#5445 = CARTESIAN_POINT ( 'NONE',  ( 2.500000000000000444, 69.81250000273118417, -1.035533905932737975 ) ) ;
#5446 = ORIENTED_EDGE ( 'NONE', *, *, #9533, .T. ) ;
#5447 = CONICAL_SURFACE ( 'NONE', #3486, 10.49999999999999822, 0.7853981633974482790 ) ;
#5448 = CARTESIAN_POINT ( 'NONE',  ( 1.561251128379126385E-14, 99.00000000000001421, 19.20000000000000639 ) ) ;
#5449 = CARTESIAN_POINT ( 'NONE',  ( 11.78661165235172170, 79.78293199591135476, -18.71338834764830139 ) ) ;
#5450 = CARTESIAN_POINT ( 'NONE',  ( -2.150499723603739088, 70.43750000136560629, -2.150499723603739088 ) ) ;
#5451 = CARTESIAN_POINT ( 'NONE',  ( 6.808341929702590001, 99.98978970194519889, -21.39999999999999858 ) ) ;
#5452 = ORIENTED_EDGE ( 'NONE', *, *, #1813, .F. ) ;
#5453 = ORIENTED_EDGE ( 'NONE', *, *, #5576, .T. ) ;
#5454 = DIRECTION ( 'NONE',  ( -3.885780586188047891E-16, 1.065500303100115213E-16, 1.000000000000000000 ) ) ;
#5455 = CARTESIAN_POINT ( 'NONE',  ( -2.500000000000000000, 66.31250000273118417, 1.035533905932739307 ) ) ;
#5456 = CARTESIAN_POINT ( 'NONE',  ( 3.359342905424150150, 103.9713997268150223, -12.50000000000001066 ) ) ;
#5457 = CARTESIAN_POINT ( 'NONE',  ( -2.500000000000000444, 75.18750000273121259, -1.035533905932737753 ) ) ;
#5458 = CARTESIAN_POINT ( 'NONE',  ( 4.592425496802573972E-16, 72.50000000273118417, 2.500000000000000000 ) ) ;
#5459 = DIRECTION ( 'NONE',  ( 0.9999870432906647899, -0.005090505946798766501, 0.000000000000000000 ) ) ;
#5460 = EDGE_CURVE ( 'NONE', #4820, #7601, #1148, .T. ) ;
#5461 = EDGE_CURVE ( 'NONE', #82, #372, #8732, .T. ) ;
#5462 = CARTESIAN_POINT ( 'NONE',  ( 3.041265875000001007, 73.12500000136559208, 1.259733572207477836 ) ) ;
#5463 = ORIENTED_EDGE ( 'NONE', *, *, #4659, .T. ) ;
#5464 = CARTESIAN_POINT ( 'NONE',  ( -1.259733572207478058, 72.37500000136560629, -3.041265874999999674 ) ) ;
#5465 = CARTESIAN_POINT ( 'NONE',  ( 0.000000000000000000, 70.00000000000000000, 2.500000000000000000 ) ) ;
#5466 = CARTESIAN_POINT ( 'NONE',  ( 1.943048590659658729E-14, 99.00000000000002842, 21.39999999999999858 ) ) ;
#5467 = AXIS2_PLACEMENT_3D ( 'NONE', #6963, #4667, #10061 ) ;
#5468 = CARTESIAN_POINT ( 'NONE',  ( -3.041265875000000563, 78.50000000136560629, -1.259733572207478058 ) ) ;
#5469 = CARTESIAN_POINT ( 'NONE',  ( 2.500000000000000444, 72.68750000273119838, 1.035533905932737309 ) ) ;
#5470 = FACE_OUTER_BOUND ( 'NONE', #4008, .T. ) ;
#5471 = CARTESIAN_POINT ( 'NONE',  ( 1.767766952966369320, 71.37500000000000000, 1.767766952966368654 ) ) ;
#5472 = VERTEX_POINT ( 'NONE', #6541 ) ;
#5473 = CARTESIAN_POINT ( 'NONE',  ( 3.755675391104076992E-12, 79.18050000000000921, 1.499999999999991340 ) ) ;
#5474 = AXIS2_PLACEMENT_3D ( 'NONE', #5739, #1923, #6655 ) ;
#5475 = CARTESIAN_POINT ( 'NONE',  ( 2.150499723603739533, 68.06250000136560629, 2.150499723603738644 ) ) ;
#5476 = CARTESIAN_POINT ( 'NONE',  ( -10.49999999999998401, 80.50000000000002842, 14.99999999999999467 ) ) ;
#5477 = CARTESIAN_POINT ( 'NONE',  ( 1.561251128379126385E-14, 99.00000000000001421, -19.19999999999999929 ) ) ;
#5478 = CARTESIAN_POINT ( 'NONE',  ( 6.297504757564041711, 101.5739406928798587, 20.30000000000000071 ) ) ;
#5479 = ORIENTED_EDGE ( 'NONE', *, *, #9465, .F. ) ;
#5480 = CARTESIAN_POINT ( 'NONE',  ( 1.997291221300659204E-15, 82.51000000000003354, -1.338065867435882278E-28 ) ) ;
#5481 = VECTOR ( 'NONE', #1186, 1000.000000000000000 ) ;
#5482 = CIRCLE ( 'NONE', #1096, 1.206000000000001293 ) ;
#5483 = FACE_OUTER_BOUND ( 'NONE', #3413, .T. ) ;
#5484 = ORIENTED_EDGE ( 'NONE', *, *, #1385, .F. ) ;
#5485 = ORIENTED_EDGE ( 'NONE', *, *, #3352, .T. ) ;
#5486 = ORIENTED_EDGE ( 'NONE', *, *, #9957, .F. ) ;
#5487 = ADVANCED_FACE ( 'NONE', ( #1044 ), #6393, .T. ) ;
#5488 = DIRECTION ( 'NONE',  ( 0.000000000000000000, 1.000000000000000000, 0.000000000000000000 ) ) ;
#5489 = EDGE_CURVE ( 'NONE', #8040, #5886, #9054, .T. ) ;
#5490 = DIRECTION ( 'NONE',  ( -8.246218725174991248E-48, 8.773937619163356039E-17, 1.000000000000000000 ) ) ;
#5491 = CARTESIAN_POINT ( 'NONE',  ( -2.500000000000000000, 67.25000000273119838, 0.000000000000000000 ) ) ;
#5492 = AXIS2_PLACEMENT_3D ( 'NONE', #2970, #735, #8574 ) ;
#5493 = ADVANCED_FACE ( 'NONE', ( #124 ), #6342, .F. ) ;
#5494 = VERTEX_POINT ( 'NONE', #2465 ) ;
#5495 = LINE ( 'NONE', #7932, #1913 ) ;
#5496 = DIRECTION ( 'NONE',  ( 0.000000000000000000, 1.000000000000000000, 0.000000000000000000 ) ) ;
#5497 = CARTESIAN_POINT ( 'NONE',  ( -3.041265874999999230, 67.62500000136559208, 1.259733572207480057 ) ) ;
#5498 = DIRECTION ( 'NONE',  ( 0.000000000000000000, -1.000000000000000000, 0.000000000000000000 ) ) ;
#5499 = EDGE_LOOP ( 'NONE', ( #1017, #5855, #4605, #1290 ) ) ;
#5500 = ORIENTED_EDGE ( 'NONE', *, *, #753, .F. ) ;
#5501 = DIRECTION ( 'NONE',  ( 0.9256659661250536963, 0.3783418020226825829, 4.389289323153614450E-16 ) ) ;
#5502 = FACE_BOUND ( 'NONE', #3296, .T. ) ;
#5503 = CARTESIAN_POINT ( 'NONE',  ( 1.035533905932729759, 78.31250000000000000, 2.500000000000009770 ) ) ;
#5504 = CARTESIAN_POINT ( 'NONE',  ( -2.500000000000000000, 73.00000000000000000, 0.000000000000000000 ) ) ;
#5505 = CARTESIAN_POINT ( 'NONE',  ( 2.500000000000000444, 74.81250000273119838, -1.035533905932737975 ) ) ;
#5506 = DIRECTION ( 'NONE',  ( 3.885780586188047891E-16, -1.000000000000000000, -2.603240987229339518E-29 ) ) ;
#5507 = CARTESIAN_POINT ( 'NONE',  ( -2.150499723603738200, 68.81250000136560629, 2.150499723603739533 ) ) ;
#5508 = EDGE_LOOP ( 'NONE', ( #3463, #1579, #7614, #9791, #2113 ) ) ;
#5509 = DIRECTION ( 'NONE',  ( -0.000000000000000000, -1.000000000000000000, -0.000000000000000000 ) ) ;
#5510 = CARTESIAN_POINT ( 'NONE',  ( 2.150499723603738644, 72.18750000136559208, -2.150499723603739088 ) ) ;
#5511 = CARTESIAN_POINT ( 'NONE',  ( -7.781222421254346600, 96.74998274873991022, -20.00000000000000000 ) ) ;
#5512 = CARTESIAN_POINT ( 'NONE',  ( 1.259733572207478058, 76.25000000136559208, -3.041265875000000563 ) ) ;
#5513 = CARTESIAN_POINT ( 'NONE',  ( -3.041265874999999674, 77.50000000136559208, -1.259733572207478058 ) ) ;
#5514 = CARTESIAN_POINT ( 'NONE',  ( 4.592425496802573972E-16, 66.50000000273119838, 2.500000000000000000 ) ) ;
#5515 = CARTESIAN_POINT ( 'NONE',  ( -1.767766952966369098, 70.87500000000001421, -1.767766952966369098 ) ) ;
#5516 = ORIENTED_EDGE ( 'NONE', *, *, #4948, .F. ) ;
#5517 = PLANE ( 'NONE',  #5268 ) ;
#5518 = CARTESIAN_POINT ( 'NONE',  ( -2.150499723603738200, 66.81250000136559208, 2.150499723603739533 ) ) ;
#5519 = CARTESIAN_POINT ( 'NONE',  ( 2.500000000000000444, 65.68750000273118417, 1.035533905932737309 ) ) ;
#5520 = AXIS2_PLACEMENT_3D ( 'NONE', #4868, #3891, #2518 ) ;
#5521 = EDGE_CURVE ( 'NONE', #8184, #119, #5570, .T. ) ;
#5522 = CARTESIAN_POINT ( 'NONE',  ( 1.035533905932791932, 72.31249999999998579, 2.499999999999947153 ) ) ;
#5523 = CARTESIAN_POINT ( 'NONE',  ( 7.832763439007586648, 99.98457481059220697, -20.29999999999999716 ) ) ;
#5524 = CARTESIAN_POINT ( 'NONE',  ( -3.122936995344876898, 106.2612656664573620, -21.40000000000000213 ) ) ;
#5525 = LINE ( 'NONE', #8634, #5561 ) ;
#5526 = AXIS2_PLACEMENT_3D ( 'NONE', #455, #5797, #3553 ) ;
#5527 = CARTESIAN_POINT ( 'NONE',  ( -1.767766952966368432, 65.37500000273119838, 1.767766952966369320 ) ) ;
#5528 = ORIENTED_EDGE ( 'NONE', *, *, #2560, .T. ) ;
#5529 = ORIENTED_EDGE ( 'NONE', *, *, #6163, .T. ) ;
#5530 = ADVANCED_FACE ( 'NONE', ( #1708 ), #4810, .F. ) ;
#5531 = VERTEX_POINT ( 'NONE', #5675 ) ;
#5532 = CARTESIAN_POINT ( 'NONE',  ( 2.150499723603738644, 79.31250000136559208, -2.150499723603739088 ) ) ;
#5533 = DIRECTION ( 'NONE',  ( -2.771172519036345232E-16, 8.684692346097759303E-17, 1.000000000000000000 ) ) ;
#5534 = CARTESIAN_POINT ( 'NONE',  ( 1.035533905932739085, 68.56250000273119838, 2.500000000000000000 ) ) ;
#5535 =( GEOMETRIC_REPRESENTATION_CONTEXT ( 3 ) GLOBAL_UNCERTAINTY_ASSIGNED_CONTEXT ( ( #3206 ) ) GLOBAL_UNIT_ASSIGNED_CONTEXT ( ( #1209, #1823, #2677 ) ) REPRESENTATION_CONTEXT ( 'NONE', 'WORKASPACE' ) );
#5536 = ORIENTED_EDGE ( 'NONE', *, *, #5651, .F. ) ;
#5537 = FACE_OUTER_BOUND ( 'NONE', #7937, .T. ) ;
#5538 = DIRECTION ( 'NONE',  ( -0.2118537317746340132, 0.9773013845959501733, -1.978081032427849943E-16 ) ) ;
#5539 = CARTESIAN_POINT ( 'NONE',  ( 2.150499723603738644, 70.18750000136560629, -2.150499723603739088 ) ) ;
#5540 = CARTESIAN_POINT ( 'NONE',  ( -1.530808498934191571E-16, 68.00000000273119838, -2.500000000000000000 ) ) ;
#5541 = EDGE_LOOP ( 'NONE', ( #6046, #6311, #7367, #7270 ) ) ;
#5542 = ADVANCED_FACE ( 'NONE', ( #1810 ), #4148, .F. ) ;
#5543 = ORIENTED_EDGE ( 'NONE', *, *, #6852, .F. ) ;
#5544 = ADVANCED_FACE ( 'NONE', ( #3378 ), #2391, .T. ) ;
#5545 = VECTOR ( 'NONE', #34, 1000.000000000000114 ) ;
#5546 = DIRECTION ( 'NONE',  ( 0.000000000000000000, -1.000000000000000000, 0.000000000000000000 ) ) ;
#5547 = DIRECTION ( 'NONE',  ( -0.9606447433647388179, -0.2777799075629757142, 0.000000000000000000 ) ) ;
#5548 = DIRECTION ( 'NONE',  ( 2.501589552824417278E-12, 0.000000000000000000, 1.000000000000000000 ) ) ;
#5549 = LINE ( 'NONE', #1736, #7772 ) ;
#5550 = CARTESIAN_POINT ( 'NONE',  ( 2.500000000000000444, 71.68750000273119838, 1.035533905932737309 ) ) ;
#5551 = ADVANCED_FACE ( 'NONE', ( #2868, #9032 ), #5975, .F. ) ;
#5552 = DIRECTION ( 'NONE',  ( -1.665334536937734071E-16, 4.229157726022815470E-17, 1.000000000000000000 ) ) ;
#5553 = CIRCLE ( 'NONE', #9615, 2.849999999999996092 ) ;
#5554 = CARTESIAN_POINT ( 'NONE',  ( -1.259733572207478058, 67.50000000136559208, -3.041265874999999674 ) ) ;
#5555 = ORIENTED_EDGE ( 'NONE', *, *, #2318, .F. ) ;
#5556 = VECTOR ( 'NONE', #1272, 1000.000000000000000 ) ;
#5557 = FACE_OUTER_BOUND ( 'NONE', #8377, .T. ) ;
#5558 = CARTESIAN_POINT ( 'NONE',  ( 2.150499723603738644, 66.18750000136559208, -2.150499723603739088 ) ) ;
#5559 = CARTESIAN_POINT ( 'NONE',  ( 9.704222089672915885, 98.95059995968151156, -20.29999999999999716 ) ) ;
#5560 = CARTESIAN_POINT ( 'NONE',  ( 7.832763439007586648, 99.98457481059220697, -21.39999999999999858 ) ) ;
#5561 = VECTOR ( 'NONE', #1659, 1000.000000000000000 ) ;
#5562 = CARTESIAN_POINT ( 'NONE',  ( -2.150499723603739088, 75.43750000136559208, -2.150499723603739088 ) ) ;
#5563 = CARTESIAN_POINT ( 'NONE',  ( -2.150499723603739088, 75.43750000136559208, -2.150499723603739088 ) ) ;
#5564 = DIRECTION ( 'NONE',  ( -0.9606447433647389289, -0.2777799075629749925, 0.000000000000000000 ) ) ;
#5565 = CARTESIAN_POINT ( 'NONE',  ( -2.500000000000000444, 66.93750000000000000, -1.035533905932737753 ) ) ;
#5566 = CARTESIAN_POINT ( 'NONE',  ( -3.041265874999999230, 72.75000000136557787, 1.259733572207480057 ) ) ;
#5567 = VERTEX_POINT ( 'NONE', #9081 ) ;
#5568 = CARTESIAN_POINT ( 'NONE',  ( 2.933374888477884745, 104.2340530914051016, 22.49999999999998579 ) ) ;
#5569 = CARTESIAN_POINT ( 'NONE',  ( 2.150499723603738644, 79.18750000136559208, -2.150499723603739088 ) ) ;
#5570 = LINE ( 'NONE', #3326, #4829 ) ;
#5571 = DIRECTION ( 'NONE',  ( -2.771172519036345232E-16, 8.684692346097759303E-17, 1.000000000000000000 ) ) ;
#5572 = CARTESIAN_POINT ( 'NONE',  ( 1.144903723515628919E-14, 99.00000000000001421, 16.00000000000000711 ) ) ;
#5573 = DIRECTION ( 'NONE',  ( -0.5773502691896263972, 0.5773502691896246208, -0.5773502691896263972 ) ) ;
#5574 = DIRECTION ( 'NONE',  ( -5.665246594868421190E-32, 0.7071067811865489050, 0.7071067811865462405 ) ) ;
#5575 = CARTESIAN_POINT ( 'NONE',  ( 4.592425496802573972E-16, 76.25000000000000000, 2.500000000000000000 ) ) ;
#5576 = EDGE_CURVE ( 'NONE', #760, #9028, #9844, .T. ) ;
#5577 = ORIENTED_EDGE ( 'NONE', *, *, #3039, .T. ) ;
#5578 = VERTEX_POINT ( 'NONE', #380 ) ;
#5579 = CARTESIAN_POINT ( 'NONE',  ( -1.767766952966369098, 71.87500000000000000, -1.767766952966369098 ) ) ;
#5580 = VECTOR ( 'NONE', #8813, 1000.000000000000000 ) ;
#5581 =( BOUNDED_CURVE ( )  B_SPLINE_CURVE ( 2, ( #1540, #7592, #774, #6071, #5504, #5410, #9272, #53, #3150 ),
 .UNSPECIFIED., .F., .T. ) 
 B_SPLINE_CURVE_WITH_KNOTS ( ( 3, 2, 2, 2, 3 ),
 ( 0.4500000000000003997, 0.4583333333333337034, 0.4666666666666670626, 0.4750000000000003664, 0.4833333333333337256 ),
 .UNSPECIFIED. ) 
 CURVE ( )  GEOMETRIC_REPRESENTATION_ITEM ( )  RATIONAL_B_SPLINE_CURVE ( ( 0.9999999999999964473, 0.9238795325112902912, 1.000000000000000000, 0.9238795325112867385, 1.000000000000000000, 0.9238795325112867385, 1.000000000000000000, 0.9238795325112831858, 1.000000000000003553 ) ) 
 REPRESENTATION_ITEM ( '' )  );
#5582 = FACE_OUTER_BOUND ( 'NONE', #6678, .T. ) ;
#5583 = CARTESIAN_POINT ( 'NONE',  ( 1.561251128379126385E-14, 76.25000000000001421, 4.407947838944677424E-15 ) ) ;
#5584 = AXIS2_PLACEMENT_3D ( 'NONE', #6044, #6710, #6755 ) ;
#5585 = DIRECTION ( 'NONE',  ( 3.885780586188047891E-16, -1.065500303100115213E-16, -1.000000000000000000 ) ) ;
#5586 = CARTESIAN_POINT ( 'NONE',  ( -1.035533905932738197, 64.43750000273118417, 2.500000000000000000 ) ) ;
#5587 = ORIENTED_EDGE ( 'NONE', *, *, #8848, .T. ) ;
#5588 = LINE ( 'NONE', #8695, #5343 ) ;
#5589 = DIRECTION ( 'NONE',  ( 0.4999999999978318455, 1.942890293085824230E-16, -0.8660254037856904841 ) ) ;
#5590 = CARTESIAN_POINT ( 'NONE',  ( -3.041265875000000118, 70.56250000136560629, 0.000000000000000000 ) ) ;
#5591 = CARTESIAN_POINT ( 'NONE',  ( 1.144903723515628919E-14, 99.00000000000001421, 16.00000000000000711 ) ) ;
#5592 = ORIENTED_EDGE ( 'NONE', *, *, #133, .F. ) ;
#5593 = VECTOR ( 'NONE', #2696, 1000.000000000000114 ) ;
#5594 = ORIENTED_EDGE ( 'NONE', *, *, #9656, .F. ) ;
#5595 = ORIENTED_EDGE ( 'NONE', *, *, #115, .F. ) ;
#5596 = LINE ( 'NONE', #2392, #8464 ) ;
#5597 = DIRECTION ( 'NONE',  ( 0.000000000000000000, 1.000000000000000000, 0.000000000000000000 ) ) ;
#5598 = CARTESIAN_POINT ( 'NONE',  ( 2.789297643080071723E-15, 99.00000000000001421, 68.00000000000000000 ) ) ;
#5599 = CARTESIAN_POINT ( 'NONE',  ( -2.500000000000000000, 67.00000000000000000, 0.000000000000000000 ) ) ;
#5600 = EDGE_CURVE ( 'NONE', #2985, #2374, #578, .T. ) ;
#5601 = CARTESIAN_POINT ( 'NONE',  ( -1.767766952966369098, 73.12500000273118417, -1.767766952966369098 ) ) ;
#5602 = DIRECTION ( 'NONE',  ( 0.9634848649536332799, 0.2677627961559989056, 0.000000000000000000 ) ) ;
#5603 = VECTOR ( 'NONE', #10002, 1000.000000000000000 ) ;
#5604 = CARTESIAN_POINT ( 'NONE',  ( -1.259733572207478502, 68.87500000136559208, 3.041265874999999230 ) ) ;
#5605 = ORIENTED_EDGE ( 'NONE', *, *, #1193, .F. ) ;
#5606 = ADVANCED_FACE ( 'NONE', ( #431 ), #5266, .T. ) ;
#5607 = CARTESIAN_POINT ( 'NONE',  ( 1.035533905932737531, 69.93750000273118417, -2.500000000000000444 ) ) ;
#5608 = CARTESIAN_POINT ( 'NONE',  ( 5.586714778762236360E-16, 66.81250000136559208, 3.041265875000000118 ) ) ;
#5609 = DIRECTION ( 'NONE',  ( 3.885780586188047891E-16, -1.065500303100115213E-16, -1.000000000000000000 ) ) ;
#5610 = ORIENTED_EDGE ( 'NONE', *, *, #1018, .T. ) ;
#5611 = LINE ( 'NONE', #7384, #6246 ) ;
#5612 = ADVANCED_FACE ( 'NONE', ( #1295 ), #1956, .T. ) ;
#5613 = CARTESIAN_POINT ( 'NONE',  ( -2.150499723603739088, 74.43750000136559208, -2.150499723603739088 ) ) ;
#5614 = ADVANCED_FACE ( 'NONE', ( #3528 ), #4396, .T. ) ;
#5615 = CARTESIAN_POINT ( 'NONE',  ( 5.586714778762236360E-16, 76.81250000136559208, 3.041265875000000118 ) ) ;
#5616 = DIRECTION ( 'NONE',  ( -0.9634848649536421616, -0.2677627961559667091, 0.000000000000000000 ) ) ;
#5617 = CARTESIAN_POINT ( 'NONE',  ( -3.041265875000000118, 79.68750000136559208, 0.000000000000000000 ) ) ;
#5618 = CARTESIAN_POINT ( 'NONE',  ( 1.259733572207478058, 71.37500000136559208, -3.041265875000000563 ) ) ;
#5619 = VERTEX_POINT ( 'NONE', #6789 ) ;
#5620 = AXIS2_PLACEMENT_3D ( 'NONE', #7052, #6390, #839 ) ;
#5621 = CC_DESIGN_PERSON_AND_ORGANIZATION_ASSIGNMENT ( #8029, #7217, ( #334 ) ) ;
#5622 = CARTESIAN_POINT ( 'NONE',  ( -2.500000000000000000, 64.25000000273119838, 0.000000000000000000 ) ) ;
#5623 = CARTESIAN_POINT ( 'NONE',  ( -2.150499723603738200, 65.81250000136559208, 2.150499723603739533 ) ) ;
#5624 = DIRECTION ( 'NONE',  ( -0.7071067811865474617, 6.204110788218154175E-17, 0.7071067811865474617 ) ) ;
#5625 = DIRECTION ( 'NONE',  ( 3.654459117618455932E-16, -1.199456548643360156E-16, -1.000000000000000000 ) ) ;
#5626 = DIRECTION ( 'NONE',  ( 2.501589552824417278E-12, 0.000000000000000000, 1.000000000000000000 ) ) ;
#5627 = DIRECTION ( 'NONE',  ( 0.000000000000000000, 0.000000000000000000, 1.000000000000000000 ) ) ;
#5628 = VECTOR ( 'NONE', #3393, 1000.000000000000000 ) ;
#5629 = CARTESIAN_POINT ( 'NONE',  ( -1.035533905932737753, 76.81250000000001421, -2.500000000000000444 ) ) ;
#5630 = VERTEX_POINT ( 'NONE', #2718 ) ;
#5631 = VERTEX_POINT ( 'NONE', #7507 ) ;
#5632 = VERTEX_POINT ( 'NONE', #532 ) ;
#5633 = CARTESIAN_POINT ( 'NONE',  ( 1.259733572207479835, 75.00000000136559208, 3.041265874999999230 ) ) ;
#5634 = DIRECTION ( 'NONE',  ( -0.5000000000021653790, -1.942890293102212322E-16, -0.8660254037831884855 ) ) ;
#5635 = DIRECTION ( 'NONE',  ( 0.000000000000000000, 1.000000000000000000, 0.000000000000000000 ) ) ;
#5636 = CARTESIAN_POINT ( 'NONE',  ( 1.767766952966368654, 64.87500000273119838, -1.767766952966369098 ) ) ;
#5637 = EDGE_CURVE ( 'NONE', #4568, #5125, #5317, .T. ) ;
#5638 = AXIS2_PLACEMENT_3D ( 'NONE', #1460, #5380, #5227 ) ;
#5639 = EDGE_LOOP ( 'NONE', ( #9803, #1662, #6785, #3448 ) ) ;
#5640 = LINE ( 'NONE', #4061, #6308 ) ;
#5641 = DIRECTION ( 'NONE',  ( -2.771172519036345232E-16, 8.684692346097759303E-17, 1.000000000000000000 ) ) ;
#5642 = CARTESIAN_POINT ( 'NONE',  ( -1.259733572207478502, 64.75000000136559208, 3.041265874999999230 ) ) ;
#5643 = DIRECTION ( 'NONE',  ( 0.000000000000000000, 0.000000000000000000, -1.000000000000000000 ) ) ;
#5644 = ORIENTED_EDGE ( 'NONE', *, *, #2281, .F. ) ;
#5645 = ORIENTED_EDGE ( 'NONE', *, *, #2739, .F. ) ;
#5646 = ORIENTED_EDGE ( 'NONE', *, *, #2872, .F. ) ;
#5647 = CIRCLE ( 'NONE', #1262, 8.099999999999999645 ) ;
#5648 = DIRECTION ( 'NONE',  ( -1.665334536937734071E-16, 4.229157726022815470E-17, 1.000000000000000000 ) ) ;
#5649 = CARTESIAN_POINT ( 'NONE',  ( 4.592425496802573972E-16, 66.50000000273119838, 2.500000000000000000 ) ) ;
#5650 = FACE_BOUND ( 'NONE', #3656, .T. ) ;
#5651 = EDGE_CURVE ( 'NONE', #4452, #5825, #7433, .T. ) ;
#5652 = DIRECTION ( 'NONE',  ( 0.9999870432906646789, -0.005090505946802457125, 0.000000000000000000 ) ) ;
#5653 = CYLINDRICAL_SURFACE ( 'NONE', #9991, 4.799999999999998046 ) ;
#5654 = CIRCLE ( 'NONE', #7449, 6.000000000000000888 ) ;
#5655 = AXIS2_PLACEMENT_3D ( 'NONE', #7199, #9483, #2510 ) ;
#5656 = CARTESIAN_POINT ( 'NONE',  ( 1.259733572207478058, 69.37500000136559208, -3.041265874999999674 ) ) ;
#5657 = ORIENTED_EDGE ( 'NONE', *, *, #9250, .F. ) ;
#5658 = LINE ( 'NONE', #7088, #257 ) ;
#5659 = CARTESIAN_POINT ( 'NONE',  ( 2.150499723603739533, 68.93750000136560629, 2.150499723603738644 ) ) ;
#5660 = VECTOR ( 'NONE', #2833, 1000.000000000000000 ) ;
#5661 = LINE ( 'NONE', #8716, #7597 ) ;
#5662 = CIRCLE ( 'NONE', #1280, 6.000000000000000888 ) ;
#5663 = DIRECTION ( 'NONE',  ( 0.9634848649536333909, 0.2677627961559981840, 1.491283511613613163E-16 ) ) ;
#5664 = CARTESIAN_POINT ( 'NONE',  ( -3.041265875000000118, 76.56250000136559208, 0.000000000000000000 ) ) ;
#5665 = VERTEX_POINT ( 'NONE', #9890 ) ;
#5666 = CARTESIAN_POINT ( 'NONE',  ( -3.041265875000000118, 75.56250000136559208, 0.000000000000000000 ) ) ;
#5667 = CARTESIAN_POINT ( 'NONE',  ( 3.211632350503328181E-14, 99.00000000000000000, -21.40000000000000213 ) ) ;
#5668 = CARTESIAN_POINT ( 'NONE',  ( 2.500000000000000444, 67.56250000000000000, -1.035533905932737975 ) ) ;
#5669 = CARTESIAN_POINT ( 'NONE',  ( 5.586714778762236360E-16, 69.93750000136560629, 3.041265875000000118 ) ) ;
#5670 = ORIENTED_EDGE ( 'NONE', *, *, #43, .T. ) ;
#5671 = ADVANCED_FACE ( 'NONE', ( #2051 ), #6024, .F. ) ;
#5672 = CARTESIAN_POINT ( 'NONE',  ( 2.150499723603738644, 79.31250000136559208, -2.150499723603739088 ) ) ;
#5673 = EDGE_CURVE ( 'NONE', #4014, #9354, #3196, .T. ) ;
#5674 = CARTESIAN_POINT ( 'NONE',  ( 3.041265875000001007, 65.12500000136559208, 1.259733572207477836 ) ) ;
#5675 = CARTESIAN_POINT ( 'NONE',  ( 10.50000000000001421, 99.00000000000001421, 19.99999999999999645 ) ) ;
#5676 = DIRECTION ( 'NONE',  ( -2.771172519036345232E-16, 8.684692346097759303E-17, 1.000000000000000000 ) ) ;
#5677 = LINE ( 'NONE', #6250, #3082 ) ;
#5678 = DIRECTION ( 'NONE',  ( 0.000000000000000000, 8.773937619163356039E-17, 1.000000000000000000 ) ) ;
#5679 = EDGE_CURVE ( 'NONE', #7337, #2889, #5119, .T. ) ;
#5680 = CARTESIAN_POINT ( 'NONE',  ( -2.500000000000000444, 78.93750000000000000, -1.035533905932737753 ) ) ;
#5681 = VERTEX_POINT ( 'NONE', #3476 ) ;
#5682 = ORIENTED_EDGE ( 'NONE', *, *, #1944, .F. ) ;
#5683 = DIRECTION ( 'NONE',  ( -2.771172519036345232E-16, 8.684692346097759303E-17, 1.000000000000000000 ) ) ;
#5684 = AXIS2_PLACEMENT_3D ( 'NONE', #7007, #8782, #8682 ) ;
#5685 = CARTESIAN_POINT ( 'NONE',  ( 3.041265875000000118, 77.18750000136559208, -3.724476519174824240E-16 ) ) ;
#5686 = CALENDAR_DATE ( 2026, 27, 4 ) ;
#5687 = CARTESIAN_POINT ( 'NONE',  ( -6.143273330438597911E-16, 98.99999999999998579, 22.49999999999998579 ) ) ;
#5688 = CARTESIAN_POINT ( 'NONE',  ( -1.035533905932737753, 66.06250000273118417, -2.500000000000000444 ) ) ;
#5689 = ORIENTED_EDGE ( 'NONE', *, *, #7600, .F. ) ;
#5690 = LINE ( 'NONE', #8797, #4517 ) ;
#5691 = CARTESIAN_POINT ( 'NONE',  ( -9.366286247806163701, 96.29164590126100620, -67.99999999999998579 ) ) ;
#5692 = VECTOR ( 'NONE', #4814, 1000.000000000000000 ) ;
#5693 = CARTESIAN_POINT ( 'NONE',  ( 1.259733572207478058, 65.25000000136559208, -3.041265874999999674 ) ) ;
#5694 = DIRECTION ( 'NONE',  ( 0.9256659661250541404, 0.3783418020226818057, 0.000000000000000000 ) ) ;
#5695 = ORIENTED_EDGE ( 'NONE', *, *, #9638, .T. ) ;
#5696 = ORIENTED_EDGE ( 'NONE', *, *, #10062, .T. ) ;
#5697 = EDGE_LOOP ( 'NONE', ( #9909, #8204, #6232, #1800 ) ) ;
#5698 = CARTESIAN_POINT ( 'NONE',  ( 3.717638727943904999E-14, 99.00000000000001421, -19.79999999999996874 ) ) ;
#5699 = CIRCLE ( 'NONE', #9275, 7.904347826086998374 ) ;
#5700 = CARTESIAN_POINT ( 'NONE',  ( 4.592425496802573972E-16, 70.25000000000000000, 2.500000000000000000 ) ) ;
#5701 = CARTESIAN_POINT ( 'NONE',  ( 4.799937807795221723, 98.97556557145537681, -20.30000000000000071 ) ) ;
#5702 = DIRECTION ( 'NONE',  ( 1.000000000000000000, 0.000000000000000000, -2.501589552824417682E-12 ) ) ;
#5703 = CARTESIAN_POINT ( 'NONE',  ( 0.000000000000000000, 8.497848452431096433, 0.000000000000000000 ) ) ;
#5704 = CARTESIAN_POINT ( 'NONE',  ( 1.083286345648932762E-14, 99.00000000000001421, 19.70000000000001350 ) ) ;
#5705 = CARTESIAN_POINT ( 'NONE',  ( -2.150499723603739088, 67.56250000136560629, -2.150499723603739088 ) ) ;
#5706 = ORIENTED_EDGE ( 'NONE', *, *, #3734, .F. ) ;
#5707 = EDGE_CURVE ( 'NONE', #6157, #7712, #1419, .T. ) ;
#5708 = AXIS2_PLACEMENT_3D ( 'NONE', #493, #2782, #6805 ) ;
#5709 = CARTESIAN_POINT ( 'NONE',  ( 1.035533905932770837, 69.56250000273119838, 2.499999999999968026 ) ) ;
#5710 = CARTESIAN_POINT ( 'NONE',  ( -2.150499723603738200, 68.68750000136560629, 2.150499723603739533 ) ) ;
#5711 = DIRECTION ( 'NONE',  ( 0.9634848649536335019, 0.2677627961559984060, 0.000000000000000000 ) ) ;
#5712 = AXIS2_PLACEMENT_3D ( 'NONE', #6117, #1485, #6931 ) ;
#5713 = CARTESIAN_POINT ( 'NONE',  ( 3.041265875000000118, 76.06250000136559208, -3.724476519174824240E-16 ) ) ;
#5714 = ORIENTED_EDGE ( 'NONE', *, *, #128, .F. ) ;
#5715 = EDGE_CURVE ( 'NONE', #6170, #8599, #4339, .T. ) ;
#5716 = FACE_BOUND ( 'NONE', #5046, .T. ) ;
#5717 = AXIS2_PLACEMENT_3D ( 'NONE', #3648, #6918, #5240 ) ;
#5718 = CARTESIAN_POINT ( 'NONE',  ( -1.767766952966369098, 66.87500000000000000, -1.767766952966369098 ) ) ;
#5719 = CARTESIAN_POINT ( 'NONE',  ( 1.259733572207478058, 73.37500000136562051, -3.041265875000000563 ) ) ;
#5720 = ORIENTED_EDGE ( 'NONE', *, *, #2315, .T. ) ;
#5721 = CIRCLE ( 'NONE', #4748, 4.799999999999998046 ) ;
#5722 = CARTESIAN_POINT ( 'NONE',  ( 3.041265875000000118, 78.18750000136559208, -3.724476519174824240E-16 ) ) ;
#5723 = CARTESIAN_POINT ( 'NONE',  ( 5.586714778762236360E-16, 77.81250000136559208, 3.041265875000000118 ) ) ;
#5724 = DIRECTION ( 'NONE',  ( -3.654459117618455439E-16, 1.199456548643360156E-16, 1.000000000000000000 ) ) ;
#5725 = CIRCLE ( 'NONE', #1340, 6.000000000000000888 ) ;
#5726 = CARTESIAN_POINT ( 'NONE',  ( 4.592425496802573972E-16, 73.25000000000000000, 2.500000000000000000 ) ) ;
#5727 = LINE ( 'NONE', #5881, #9756 ) ;
#5728 = EDGE_CURVE ( 'NONE', #8335, #5163, #9799, .T. ) ;
#5729 = CARTESIAN_POINT ( 'NONE',  ( -2.500000000000000000, 69.00000000000000000, 0.000000000000000000 ) ) ;
#5730 = ADVANCED_FACE ( 'NONE', ( #1197 ), #8567, .T. ) ;
#5731 = CARTESIAN_POINT ( 'NONE',  ( 1.035533905932737531, 78.68750000000001421, -2.500000000000000444 ) ) ;
#5732 = ORIENTED_EDGE ( 'NONE', *, *, #4996, .T. ) ;
#5733 = EDGE_LOOP ( 'NONE', ( #583, #8327 ) ) ;
#5734 = FACE_OUTER_BOUND ( 'NONE', #6859, .T. ) ;
#5735 = EDGE_CURVE ( 'NONE', #5163, #8948, #4546, .T. ) ;
#5736 = CARTESIAN_POINT ( 'NONE',  ( 1.259733572207479835, 76.00000000136559208, 3.041265874999999230 ) ) ;
#5737 = ADVANCED_FACE ( 'NONE', ( #6942 ), #783, .T. ) ;
#5738 = COORDINATED_UNIVERSAL_TIME_OFFSET ( 7, 0, .AHEAD. ) ;
#5739 = CARTESIAN_POINT ( 'NONE',  ( 1.593170040337102160E-15, 83.55000000000002558, -1.067328804764031080E-28 ) ) ;
#5740 = CARTESIAN_POINT ( 'NONE',  ( 2.500000000000000000, 66.75000000273119838, -3.061616997868383141E-16 ) ) ;
#5741 = ORIENTED_EDGE ( 'NONE', *, *, #3459, .T. ) ;
#5742 = PLANE ( 'NONE',  #7130 ) ;
#5743 = DIRECTION ( 'NONE',  ( -8.011868568650901149E-32, 1.000000000000000000, 1.178574802204324542E-16 ) ) ;
#5744 = EDGE_CURVE ( 'NONE', #8210, #2262, #8406, .T. ) ;
#5745 = CARTESIAN_POINT ( 'NONE',  ( -1.259733572207478502, 66.75000000136559208, 3.041265874999999230 ) ) ;
#5746 = DIRECTION ( 'NONE',  ( 0.000000000000000000, 0.000000000000000000, 1.000000000000000000 ) ) ;
#5747 = ORIENTED_EDGE ( 'NONE', *, *, #295, .T. ) ;
#5748 = ORIENTED_EDGE ( 'NONE', *, *, #9287, .F. ) ;
#5749 = VECTOR ( 'NONE', #3293, 1000.000000000000000 ) ;
#5750 = DIRECTION ( 'NONE',  ( -8.011868568650901149E-32, 1.000000000000000000, -8.773937619163357272E-17 ) ) ;
#5751 = LINE ( 'NONE', #4941, #4904 ) ;
#5752 = FACE_OUTER_BOUND ( 'NONE', #9754, .T. ) ;
#5753 = EDGE_LOOP ( 'NONE', ( #3831, #4091 ) ) ;
#5754 = DIRECTION ( 'NONE',  ( -1.389837649247941979E-47, 8.573297140604717370E-17, -1.000000000000000000 ) ) ;
#5755 = DIRECTION ( 'NONE',  ( 0.000000000000000000, 0.000000000000000000, -1.000000000000000000 ) ) ;
#5756 = CARTESIAN_POINT ( 'NONE',  ( 1.767766952966368654, 76.62500000000000000, -1.767766952966369098 ) ) ;
#5757 = AXIS2_PLACEMENT_3D ( 'NONE', #6421, #308, #7334 ) ;
#5758 = CARTESIAN_POINT ( 'NONE',  ( -1.259733572207478502, 64.87500000136559208, 3.041265874999999230 ) ) ;
#5759 = EDGE_LOOP ( 'NONE', ( #7277, #4222, #305, #1205 ) ) ;
#5760 = CYLINDRICAL_SURFACE ( 'NONE', #6693, 2.500000000000000000 ) ;
#5761 = CARTESIAN_POINT ( 'NONE',  ( 3.041265874999999674, 67.12500000136559208, -1.259733572207478280 ) ) ;
#5762 = CARTESIAN_POINT ( 'NONE',  ( -9.393977433297918012, 96.38931273747904527, 20.00000000000001066 ) ) ;
#5763 = VERTEX_POINT ( 'NONE', #5511 ) ;
#5764 = DIRECTION ( 'NONE',  ( 5.665246594868411338E-32, -0.7071067811865476838, -0.7071067811865474617 ) ) ;
#5765 = CARTESIAN_POINT ( 'NONE',  ( 2.150499723603739533, 70.93750000136559208, 2.150499723603738644 ) ) ;
#5766 = ORIENTED_EDGE ( 'NONE', *, *, #8661, .T. ) ;
#5767 = ADVANCED_FACE ( 'NONE', ( #2404, #4698 ), #3932, .F. ) ;
#5768 = VECTOR ( 'NONE', #4547, 1000.000000000000227 ) ;
#5769 = CARTESIAN_POINT ( 'NONE',  ( 2.939900837143794465, 102.7943356556532564, 20.29999999999999716 ) ) ;
#5770 = CARTESIAN_POINT ( 'NONE',  ( -3.041265874999999674, 75.62500000136559208, -1.259733572207478058 ) ) ;
#5771 = CARTESIAN_POINT ( 'NONE',  ( 3.041265875000001007, 72.12500000136559208, 1.259733572207477836 ) ) ;
#5772 = ORIENTED_EDGE ( 'NONE', *, *, #1756, .T. ) ;
#5773 = CARTESIAN_POINT ( 'NONE',  ( 1.259733572207478058, 79.37500000136563472, -3.041265875000000563 ) ) ;
#5774 = CARTESIAN_POINT ( 'NONE',  ( -3.041265874999999230, 77.62500000136560629, 1.259733572207480057 ) ) ;
#5775 = CYLINDRICAL_SURFACE ( 'NONE', #6537, 1.024434782608709016 ) ;
#5776 = LINE ( 'NONE', #5977, #8530 ) ;
#5777 = FACE_BOUND ( 'NONE', #4485, .T. ) ;
#5778 = CARTESIAN_POINT ( 'NONE',  ( 3.968626966596887851, 5.000000000000000000, -4.500000000000000000 ) ) ;
#5779 = CARTESIAN_POINT ( 'NONE',  ( -1.035533905932737753, 77.81250000000000000, -2.500000000000000444 ) ) ;
#5780 = VERTEX_POINT ( 'NONE', #2200 ) ;
#5781 = ORIENTED_EDGE ( 'NONE', *, *, #1974, .T. ) ;
#5782 = CIRCLE ( 'NONE', #2692, 9.704347826086959117 ) ;
#5783 = FACE_BOUND ( 'NONE', #5934, .T. ) ;
#5784 = CARTESIAN_POINT ( 'NONE',  ( -3.041265875000000118, 76.68750000136559208, 0.000000000000000000 ) ) ;
#5785 = DIRECTION ( 'NONE',  ( 1.000000000000000000, 0.000000000000000000, 0.000000000000000000 ) ) ;
#5786 = CARTESIAN_POINT ( 'NONE',  ( 6.000000000000015987, 79.50000000000002842, 4.265371352633272014E-15 ) ) ;
#5787 = DIRECTION ( 'NONE',  ( 0.9634848649536336129, 0.2677627961559977954, 0.000000000000000000 ) ) ;
#5788 = EDGE_LOOP ( 'NONE', ( #5940, #4774, #1517, #3086 ) ) ;
#5789 = CARTESIAN_POINT ( 'NONE',  ( 3.717083616431592294E-14, 99.00000000000001421, -19.70000000000000639 ) ) ;
#5790 = DIRECTION ( 'NONE',  ( 1.000000000000000000, 9.398538128609710963E-32, 0.000000000000000000 ) ) ;
#5791 = VECTOR ( 'NONE', #2887, 1000.000000000000000 ) ;
#5792 = DIRECTION ( 'NONE',  ( -1.665334536937734071E-16, 4.229157726022815470E-17, 1.000000000000000000 ) ) ;
#5793 = EDGE_CURVE ( 'NONE', #1497, #7062, #5801, .T. ) ;
#5794 = ORIENTED_EDGE ( 'NONE', *, *, #6676, .F. ) ;
#5795 = VERTEX_POINT ( 'NONE', #8424 ) ;
#5796 = EDGE_CURVE ( 'NONE', #1349, #4136, #1252, .T. ) ;
#5797 = DIRECTION ( 'NONE',  ( 0.000000000000000000, 1.000000000000000000, 0.000000000000000000 ) ) ;
#5798 = CIRCLE ( 'NONE', #5638, 1.599999999999990985 ) ;
#5799 = DIRECTION ( 'NONE',  ( 0.2637327428222745462, 0.9645957911806581908, -1.068728391953100484E-17 ) ) ;
#5800 = ADVANCED_FACE ( 'NONE', ( #5366 ), #1500, .F. ) ;
#5801 = CIRCLE ( 'NONE', #8086, 5.249999999999999112 ) ;
#5802 = DIRECTION ( 'NONE',  ( -0.4888958147463141057, -0.8723421819008512212, -1.855174205273593835E-16 ) ) ;
#5803 = ORIENTED_EDGE ( 'NONE', *, *, #1944, .T. ) ;
#5804 = CARTESIAN_POINT ( 'NONE',  ( 2.500000000000000000, 77.50000000000000000, -3.061616997868383141E-16 ) ) ;
#5805 = FACE_OUTER_BOUND ( 'NONE', #9636, .T. ) ;
#5806 = CARTESIAN_POINT ( 'NONE',  ( 2.500000000000000444, 78.68750000273119838, 1.035533905932737309 ) ) ;
#5807 = ADVANCED_FACE ( 'NONE', ( #9232 ), #3015, .F. ) ;
#5808 = AXIS2_PLACEMENT_3D ( 'NONE', #5964, #6630, #9787 ) ;
#5809 = AXIS2_PLACEMENT_3D ( 'NONE', #8371, #8986, #7557 ) ;
#5810 = CARTESIAN_POINT ( 'NONE',  ( -2.150499723603738200, 64.81250000136559208, 2.150499723603739533 ) ) ;
#5811 = ORIENTED_EDGE ( 'NONE', *, *, #6230, .T. ) ;
#5812 = CIRCLE ( 'NONE', #9715, 11.00000000000000000 ) ;
#5813 = CARTESIAN_POINT ( 'NONE',  ( 1.081621011111995122E-14, 99.00000000000001421, 19.80000000000000426 ) ) ;
#5814 = CARTESIAN_POINT ( 'NONE',  ( -1.862238259587412120E-16, 65.31250000136559208, -3.041265875000000118 ) ) ;
#5815 = DIRECTION ( 'NONE',  ( -2.501589552824417682E-12, -9.460304020253026872E-28, -1.000000000000000000 ) ) ;
#5816 = LINE ( 'NONE', #8158, #5481 ) ;
#5817 = AXIS2_PLACEMENT_3D ( 'NONE', #2529, #4880, #7985 ) ;
#5818 = CARTESIAN_POINT ( 'NONE',  ( 3.041265875000000563, 70.12500000136559208, -1.259733572207478502 ) ) ;
#5819 = ORIENTED_EDGE ( 'NONE', *, *, #4867, .T. ) ;
#5820 = AXIS2_PLACEMENT_3D ( 'NONE', #5667, #7095, #4857 ) ;
#5821 = DIRECTION ( 'NONE',  ( 0.000000000000000000, 0.000000000000000000, -1.000000000000000000 ) ) ;
#5822 = EDGE_LOOP ( 'NONE', ( #7615, #4669, #6169 ) ) ;
#5823 = CARTESIAN_POINT ( 'NONE',  ( -1.259733572207478502, 77.87500000136559208, 3.041265874999999230 ) ) ;
#5824 = CARTESIAN_POINT ( 'NONE',  ( 5.586714778762236360E-16, 67.93750000136560629, 3.041265875000000118 ) ) ;
#5825 = VERTEX_POINT ( 'NONE', #9378 ) ;
#5826 = VECTOR ( 'NONE', #5332, 1000.000000000000000 ) ;
#5827 = CARTESIAN_POINT ( 'NONE',  ( 3.041265875000000563, 78.25000000136557787, -1.259733572207478502 ) ) ;
#5828 = AXIS2_PLACEMENT_3D ( 'NONE', #9948, #2974, #3682 ) ;
#5829 = CARTESIAN_POINT ( 'NONE',  ( -1.259733572207478502, 73.75000000136559208, 3.041265874999999230 ) ) ;
#5830 = CARTESIAN_POINT ( 'NONE',  ( -4.443196637400237847, 97.18395935029116117, 21.39999999999999858 ) ) ;
#5831 = CARTESIAN_POINT ( 'NONE',  ( 1.561251128379126385E-14, 109.5000000000000142, -15.00000000000000355 ) ) ;
#5832 = PLANE ( 'NONE',  #5369 ) ;
#5833 = CARTESIAN_POINT ( 'NONE',  ( -5.034382250536990202E-15, 80.51662401574805017, 1.934234859304755356E-26 ) ) ;
#5834 = CARTESIAN_POINT ( 'NONE',  ( -1.530808498934191571E-16, 72.75000000000000000, -2.500000000000000000 ) ) ;
#5835 = EDGE_LOOP ( 'NONE', ( #94, #5190, #6462, #4430 ) ) ;
#5836 = ORIENTED_EDGE ( 'NONE', *, *, #4937, .T. ) ;
#5837 = LINE ( 'NONE', #1868, #785 ) ;
#5838 = EDGE_CURVE ( 'NONE', #3680, #8339, #8243, .T. ) ;
#5839 =( BOUNDED_CURVE ( )  B_SPLINE_CURVE ( 2, ( #6522, #9623, #5756, #1372, #2996, #7534, #2847, #5954, #7633 ),
 .UNSPECIFIED., .F., .T. ) 
 B_SPLINE_CURVE_WITH_KNOTS ( ( 3, 2, 2, 2, 3 ),
 ( 0.2166666666666668406, 0.2250000000000001998, 0.2333333333333335313, 0.2416666666666668628, 0.2500000000000002220 ),
 .UNSPECIFIED. ) 
 CURVE ( )  GEOMETRIC_REPRESENTATION_ITEM ( )  RATIONAL_B_SPLINE_CURVE ( ( 0.9999999999999984457, 0.9238795325112882928, 1.000000000000000000, 0.9238795325112867385, 1.000000000000000000, 0.9238795325112867385, 1.000000000000000000, 0.9238795325112847401, 1.000000000000001998 ) ) 
 REPRESENTATION_ITEM ( '' )  );
#5840 = CARTESIAN_POINT ( 'NONE',  ( 2.150499723603739533, 76.06250000136559208, 2.150499723603738644 ) ) ;
#5841 = PERSON_AND_ORGANIZATION ( #9327, #1153 ) ;
#5842 = LINE ( 'NONE', #1969, #592 ) ;
#5843 = DIRECTION ( 'NONE',  ( 5.551115123125783935E-17, -6.662983475941639612E-17, -1.000000000000000000 ) ) ;
#5844 = EDGE_LOOP ( 'NONE', ( #6831, #3506, #9253, #9904, #6288, #7202, #8606, #6193, #4538, #4440, #2826, #1614, #6511, #857, #4767, #6367, #5996, #3796, #4780, #3072, #3811 ) ) ;
#5845 = FACE_OUTER_BOUND ( 'NONE', #4563, .T. ) ;
#5846 = CARTESIAN_POINT ( 'NONE',  ( 1.035533905932717991, 75.56250000273119838, 2.500000000000020872 ) ) ;
#5847 = EDGE_CURVE ( 'NONE', #9564, #9774, #9179, .T. ) ;
#5848 = CARTESIAN_POINT ( 'NONE',  ( -3.968626966596869643, 76.25000000000001421, 4.500000000000005329 ) ) ;
#5849 = ORIENTED_EDGE ( 'NONE', *, *, #3746, .F. ) ;
#5850 = ORIENTED_EDGE ( 'NONE', *, *, #8784, .F. ) ;
#5851 = CARTESIAN_POINT ( 'NONE',  ( 1.561251128379126385E-14, 99.00000000000001421, 19.20000000000000639 ) ) ;
#5852 = DIRECTION ( 'NONE',  ( 0.000000000000000000, 8.773937619163356039E-17, 1.000000000000000000 ) ) ;
#5853 = DIRECTION ( 'NONE',  ( -4.199509984885302464E-16, 2.269162886183642352E-17, 1.000000000000000000 ) ) ;
#5854 = CARTESIAN_POINT ( 'NONE',  ( 1.767766952966368654, 67.62500000000000000, -1.767766952966369098 ) ) ;
#5855 = ORIENTED_EDGE ( 'NONE', *, *, #947, .T. ) ;
#5856 = DIRECTION ( 'NONE',  ( 0.9645957911806583018, -0.2637327428222746573, 2.902105121798359134E-16 ) ) ;
#5857 = CARTESIAN_POINT ( 'NONE',  ( -1.259733572207478725, 64.87500000136559208, 3.041265874999999230 ) ) ;
#5858 = CARTESIAN_POINT ( 'NONE',  ( 1.035533905932723320, 76.56250000273121259, 2.500000000000015543 ) ) ;
#5859 = CARTESIAN_POINT ( 'NONE',  ( 2.150499723603739533, 77.93750000136559208, 2.150499723603738644 ) ) ;
#5860 = EDGE_CURVE ( 'NONE', #8636, #6926, #7604, .T. ) ;
#5861 = EDGE_CURVE ( 'NONE', #8126, #3575, #9541, .T. ) ;
#5862 = CARTESIAN_POINT ( 'NONE',  ( -10.99999999999998401, 79.50000000000001421, -14.50000000000000355 ) ) ;
#5863 = AXIS2_PLACEMENT_3D ( 'NONE', #2539, #5648, #1021 ) ;
#5864 = EDGE_LOOP ( 'NONE', ( #4646, #1416, #9768, #2002 ) ) ;
#5865 = CARTESIAN_POINT ( 'NONE',  ( 0.000000000000000000, 70.00000000000000000, 0.000000000000000000 ) ) ;
#5866 = DIRECTION ( 'NONE',  ( -0.9606447433647388179, -0.2777799075629757142, 0.000000000000000000 ) ) ;
#5867 = ADVANCED_FACE ( 'NONE', ( #3776 ), #3116, .F. ) ;
#5868 = DIRECTION ( 'NONE',  ( 0.4888958147463141057, 0.8723421819008512212, 2.891205793294677833E-16 ) ) ;
#5869 = CARTESIAN_POINT ( 'NONE',  ( 1.985792177107727192E-14, 99.00000000000002842, 20.29999999999999716 ) ) ;
#5870 = CARTESIAN_POINT ( 'NONE',  ( 3.041265875000000118, 72.06250000136560629, -3.724476519174824240E-16 ) ) ;
#5871 = VECTOR ( 'NONE', #772, 1000.000000000000000 ) ;
#5872 = VERTEX_POINT ( 'NONE', #5315 ) ;
#5873 = ORIENTED_EDGE ( 'NONE', *, *, #1722, .F. ) ;
#5874 = VECTOR ( 'NONE', #7560, 1000.000000000000114 ) ;
#5875 = CARTESIAN_POINT ( 'NONE',  ( 3.041265875000001007, 75.12500000136560629, 1.259733572207477836 ) ) ;
#5876 = CARTESIAN_POINT ( 'NONE',  ( -2.150499723603738200, 65.81250000136559208, 2.150499723603739533 ) ) ;
#5877 = EDGE_LOOP ( 'NONE', ( #7647, #3947, #3347, #590 ) ) ;
#5878 = CARTESIAN_POINT ( 'NONE',  ( 2.150499723603739533, 76.93750000136559208, 2.150499723603738644 ) ) ;
#5879 = CARTESIAN_POINT ( 'NONE',  ( 0.000000000000000000, 70.00000000000000000, 0.000000000000000000 ) ) ;
#5880 = CARTESIAN_POINT ( 'NONE',  ( -2.500000000000000444, 74.93750000000000000, -1.035533905932737753 ) ) ;
#5881 = CARTESIAN_POINT ( 'NONE',  ( -10.49999999999998401, 99.00000000000001421, 19.99999999999999645 ) ) ;
#5882 = CARTESIAN_POINT ( 'NONE',  ( 2.844530166967874730E-14, 81.90000000000003411, 5.637851296924671966E-15 ) ) ;
#5883 = CIRCLE ( 'NONE', #3757, 0.9999999999999997780 ) ;
#5884 = CARTESIAN_POINT ( 'NONE',  ( -1.530808498934191571E-16, 74.75000000000000000, -2.500000000000000000 ) ) ;
#5885 = ORIENTED_EDGE ( 'NONE', *, *, #7009, .F. ) ;
#5886 = VERTEX_POINT ( 'NONE', #6132 ) ;
#5887 = CARTESIAN_POINT ( 'NONE',  ( 0.000000000000000000, 70.00000000000000000, 0.000000000000000000 ) ) ;
#5888 = CIRCLE ( 'NONE', #9621, 1.024434782608708572 ) ;
#5889 = CARTESIAN_POINT ( 'NONE',  ( -3.041265875000000118, 70.68750000136559208, 0.000000000000000000 ) ) ;
#5890 = DIRECTION ( 'NONE',  ( -4.199509984885302464E-16, 2.269162886183642352E-17, 1.000000000000000000 ) ) ;
#5891 = FACE_OUTER_BOUND ( 'NONE', #6302, .T. ) ;
#5892 = EDGE_LOOP ( 'NONE', ( #3467, #2387 ) ) ;
#5893 = CARTESIAN_POINT ( 'NONE',  ( 10.50000000000001421, 80.00000000000001421, 14.49999999999999467 ) ) ;
#5894 = CARTESIAN_POINT ( 'NONE',  ( 1.767766952966369320, 75.62500000273118417, 1.767766952966368654 ) ) ;
#5895 = AXIS2_PLACEMENT_3D ( 'NONE', #5170, #8273, #534 ) ;
#5896 = ADVANCED_FACE ( 'NONE', ( #4599 ), #7706, .F. ) ;
#5897 = LINE ( 'NONE', #7427, #6115 ) ;
#5898 = ORIENTED_EDGE ( 'NONE', *, *, #7365, .F. ) ;
#5899 = ORIENTED_EDGE ( 'NONE', *, *, #7843, .T. ) ;
#5900 = CARTESIAN_POINT ( 'NONE',  ( 7.804227406124433664, 101.1688786488636111, 68.00000000000000000 ) ) ;
#5901 = DIRECTION ( 'NONE',  ( 3.654459117618455932E-16, -1.199456548643360156E-16, -1.000000000000000000 ) ) ;
#5902 = CARTESIAN_POINT ( 'NONE',  ( -4.169085292408306387, 96.62119193194901356, -20.30000000000000071 ) ) ;
#5903 = CYLINDRICAL_SURFACE ( 'NONE', #5012, 7.904347826086998374 ) ;
#5904 = ORIENTED_EDGE ( 'NONE', *, *, #5860, .F. ) ;
#5905 = DIRECTION ( 'NONE',  ( 2.501589552824417278E-12, 0.000000000000000000, 1.000000000000000000 ) ) ;
#5906 = DIRECTION ( 'NONE',  ( 0.4888958147463141057, 0.8723421819008512212, 1.855174205273593835E-16 ) ) ;
#5907 = CARTESIAN_POINT ( 'NONE',  ( 1.081621011111995596E-14, 99.00000000000001421, 19.79999999999997584 ) ) ;
#5908 = CARTESIAN_POINT ( 'NONE',  ( -1.862238259587412120E-16, 74.31250000136559208, -3.041265875000000118 ) ) ;
#5909 = EDGE_CURVE ( 'NONE', #5631, #7712, #5661, .T. ) ;
#5910 = VERTEX_POINT ( 'NONE', #1031 ) ;
#5911 = AXIS2_PLACEMENT_3D ( 'NONE', #3505, #880, #3216 ) ;
#5912 = LINE ( 'NONE', #8105, #6760 ) ;
#5913 = EDGE_CURVE ( 'NONE', #5763, #3959, #2878, .T. ) ;
#5914 = CARTESIAN_POINT ( 'NONE',  ( 3.718748950968529777E-14, 99.00000000000001421, -20.00000000000000000 ) ) ;
#5915 = CARTESIAN_POINT ( 'NONE',  ( 4.592425496802573972E-16, 68.25000000000000000, 2.500000000000000000 ) ) ;
#5916 = FACE_OUTER_BOUND ( 'NONE', #2963, .T. ) ;
#5917 = CARTESIAN_POINT ( 'NONE',  ( -1.530808498934191571E-16, 77.00000000273118417, -2.500000000000000000 ) ) ;
#5918 = AXIS2_PLACEMENT_3D ( 'NONE', #1311, #7424, #7523 ) ;
#5919 = CARTESIAN_POINT ( 'NONE',  ( 1.259733572207479835, 69.87500000136559208, 3.041265874999999230 ) ) ;
#5920 = ORIENTED_EDGE ( 'NONE', *, *, #1352, .T. ) ;
#5921 = ORIENTED_EDGE ( 'NONE', *, *, #7407, .T. ) ;
#5922 = CARTESIAN_POINT ( 'NONE',  ( 2.150499723603739533, 76.06250000136559208, 2.150499723603738644 ) ) ;
#5923 = CARTESIAN_POINT ( 'NONE',  ( -2.150499723603738200, 67.81250000136560629, 2.150499723603739533 ) ) ;
#5924 = EDGE_CURVE ( 'NONE', #4053, #3194, #5482, .T. ) ;
#5925 = EDGE_LOOP ( 'NONE', ( #1251, #6205 ) ) ;
#5926 = EDGE_CURVE ( 'NONE', #4793, #4389, #7341, .T. ) ;
#5927 = CARTESIAN_POINT ( 'NONE',  ( -1.862238259587412120E-16, 74.31250000136559208, -3.041265875000000118 ) ) ;
#5928 = DIRECTION ( 'NONE',  ( -0.5000000000021653790, -1.942890293102212322E-16, -0.8660254037831884855 ) ) ;
#5929 = ADVANCED_FACE ( 'NONE', ( #6331 ), #1845, .T. ) ;
#5930 = CARTESIAN_POINT ( 'NONE',  ( 6.808341929702590001, 99.98978970194519889, -21.39999999999999858 ) ) ;
#5931 = DIRECTION ( 'NONE',  ( 0.000000000000000000, 1.000000000000000000, 0.000000000000000000 ) ) ;
#5932 = CARTESIAN_POINT ( 'NONE',  ( 1.767766952966368654, 74.62500000000000000, -1.767766952966369098 ) ) ;
#5933 = VERTEX_POINT ( 'NONE', #5559 ) ;
#5934 = EDGE_LOOP ( 'NONE', ( #6548, #8177 ) ) ;
#5935 = VECTOR ( 'NONE', #1549, 1000.000000000000000 ) ;
#5936 = CARTESIAN_POINT ( 'NONE',  ( -2.500000000000000444, 67.18750000273118417, -1.035533905932737753 ) ) ;
#5937 = CARTESIAN_POINT ( 'NONE',  ( -1.862238259587412120E-16, 74.43750000136559208, -3.041265875000000118 ) ) ;
#5938 = LINE ( 'NONE', #9902, #6290 ) ;
#5939 = CARTESIAN_POINT ( 'NONE',  ( -2.168878648863575620, 106.8042274061244541, 19.70000000000000995 ) ) ;
#5940 = ORIENTED_EDGE ( 'NONE', *, *, #6793, .T. ) ;
#5941 = PLANE ( 'NONE',  #4851 ) ;
#5942 = DIRECTION ( 'NONE',  ( 2.501589552824417278E-12, 0.000000000000000000, 1.000000000000000000 ) ) ;
#5943 = DIRECTION ( 'NONE',  ( -1.665334536937734071E-16, 4.229157726022815470E-17, 1.000000000000000000 ) ) ;
#5944 = ORIENTED_EDGE ( 'NONE', *, *, #3300, .T. ) ;
#5945 = ORIENTED_EDGE ( 'NONE', *, *, #6481, .F. ) ;
#5946 = CARTESIAN_POINT ( 'NONE',  ( -3.968626966596887851, 5.000000000000000000, -4.500000000000000000 ) ) ;
#5947 = EDGE_CURVE ( 'NONE', #8126, #2071, #1858, .T. ) ;
#5948 = VECTOR ( 'NONE', #3691, 1000.000000000000000 ) ;
#5949 = DIRECTION ( 'NONE',  ( -0.9999870432906645679, 0.005090505946798831553, -2.775557561562890365E-16 ) ) ;
#5950 = CARTESIAN_POINT ( 'NONE',  ( 0.6041766542499346082, 94.23817570982936331, 20.29999999999999716 ) ) ;
#5951 = ORIENTED_EDGE ( 'NONE', *, *, #3358, .T. ) ;
#5952 = CARTESIAN_POINT ( 'NONE',  ( 3.359342905424153258, 103.9713997268150223, -20.30000000000001137 ) ) ;
#5953 = CARTESIAN_POINT ( 'NONE',  ( 8.671363784582730716, 101.4098651654040140, 16.20000000000001350 ) ) ;
#5954 = CARTESIAN_POINT ( 'NONE',  ( 1.035533905932717991, 76.31249999999997158, 2.500000000000020872 ) ) ;
#5955 = CARTESIAN_POINT ( 'NONE',  ( -2.150499723603739088, 73.43750000136559208, -2.150499723603739088 ) ) ;
#5956 =( BOUNDED_CURVE ( )  B_SPLINE_CURVE ( 2, ( #7364, #580, #8221, #7510, #3677, #8325, #385, #3532, #2824 ),
 .UNSPECIFIED., .F., .T. ) 
 B_SPLINE_CURVE_WITH_KNOTS ( ( 3, 2, 2, 2, 3 ),
 ( 0.6833333333333330151, 0.6916666666666663188, 0.6999999999999996225, 0.7083333333333330373, 0.7166666666666663410 ),
 .UNSPECIFIED. ) 
 CURVE ( )  GEOMETRIC_REPRESENTATION_ITEM ( )  RATIONAL_B_SPLINE_CURVE ( ( 1.000000000000003109, 0.9238795325112837409, 1.000000000000000000, 0.9238795325112867385, 1.000000000000000000, 0.9238795325112867385, 1.000000000000000000, 0.9238795325112897361, 0.9999999999999970024 ) ) 
 REPRESENTATION_ITEM ( '' )  );
#5957 = VERTEX_POINT ( 'NONE', #3979 ) ;
#5958 = AXIS2_PLACEMENT_3D ( 'NONE', #1709, #8870, #5008 ) ;
#5959 = PLANE ( 'NONE',  #3407 ) ;
#5960 = EDGE_CURVE ( 'NONE', #5125, #3010, #4187, .T. ) ;
#5961 = DIRECTION ( 'NONE',  ( -3.885780586188047891E-16, 1.065500303100115213E-16, 1.000000000000000000 ) ) ;
#5962 = CARTESIAN_POINT ( 'NONE',  ( 3.041265875000000118, 65.06250000136559208, -3.724476519174824240E-16 ) ) ;
#5963 = CARTESIAN_POINT ( 'NONE',  ( 1.943048590659658729E-14, 99.00000000000002842, 21.39999999999999858 ) ) ;
#5964 = CARTESIAN_POINT ( 'NONE',  ( 2.789297643080071723E-15, 99.00000000000001421, 68.00000000000000000 ) ) ;
#5965 = CARTESIAN_POINT ( 'NONE',  ( 1.767766952966369320, 76.62500000273118417, 1.767766952966368654 ) ) ;
#5966 = CARTESIAN_POINT ( 'NONE',  ( -1.862238259587412120E-16, 72.31250000136559208, -3.041265875000000118 ) ) ;
#5967 = EDGE_LOOP ( 'NONE', ( #8032, #9057, #7064 ) ) ;
#5968 = AXIS2_PLACEMENT_3D ( 'NONE', #9219, #6985, #6271 ) ;
#5969 = EDGE_CURVE ( 'NONE', #8636, #5340, #7420, .T. ) ;
#5970 = ORIENTED_EDGE ( 'NONE', *, *, #3518, .T. ) ;
#5971 = CARTESIAN_POINT ( 'NONE',  ( -3.041265874999999674, 78.62500000136560629, -1.259733572207478058 ) ) ;
#5972 = CARTESIAN_POINT ( 'NONE',  ( -1.862238259587412120E-16, 69.43750000136560629, -3.041265875000000118 ) ) ;
#5973 = ORIENTED_EDGE ( 'NONE', *, *, #15, .T. ) ;
#5974 = CARTESIAN_POINT ( 'NONE',  ( 5.586714778762236360E-16, 74.81250000136559208, 3.041265875000000118 ) ) ;
#5975 = PLANE ( 'NONE',  #1741 ) ;
#5976 = VECTOR ( 'NONE', #8767, 1000.000000000000000 ) ;
#5977 = CARTESIAN_POINT ( 'NONE',  ( -4.799937807795157774, 99.02443442854463740, -21.40000000000000213 ) ) ;
#5978 = CARTESIAN_POINT ( 'NONE',  ( 1.943048590659658729E-14, 99.00000000000002842, 21.39999999999999858 ) ) ;
#5979 = ADVANCED_FACE ( 'NONE', ( #1796 ), #6527, .F. ) ;
#5980 = AXIS2_PLACEMENT_3D ( 'NONE', #2645, #5754, #4229 ) ;
#5981 = CARTESIAN_POINT ( 'NONE',  ( -2.500000000000000000, 73.06250000000000000, 1.035533905932739307 ) ) ;
#5982 = VERTEX_POINT ( 'NONE', #7090 ) ;
#5983 = EDGE_LOOP ( 'NONE', ( #4635, #1010, #6156, #10051 ) ) ;
#5984 = EDGE_CURVE ( 'NONE', #3010, #9002, #4018, .T. ) ;
#5985 = CARTESIAN_POINT ( 'NONE',  ( 1.561251128379126385E-14, 80.00000000000001421, 4.078925178226051680E-15 ) ) ;
#5986 = CARTESIAN_POINT ( 'NONE',  ( 1.259733572207478058, 71.37500000136560629, -3.041265874999999674 ) ) ;
#5987 = EDGE_CURVE ( 'NONE', #4912, #4568, #9427, .T. ) ;
#5988 = DIRECTION ( 'NONE',  ( 0.9999870432906646789, -0.005090505946802467534, 0.000000000000000000 ) ) ;
#5989 = CARTESIAN_POINT ( 'NONE',  ( 11.78661165235171104, 79.78293199591134055, 18.71338834764830139 ) ) ;
#5990 = AXIS2_PLACEMENT_3D ( 'NONE', #8378, #3783, #5223 ) ;
#5991 = ORIENTED_EDGE ( 'NONE', *, *, #1939, .F. ) ;
#5992 = CARTESIAN_POINT ( 'NONE',  ( -2.500000000000000000, 79.25000000273118417, 0.000000000000000000 ) ) ;
#5993 = DIRECTION ( 'NONE',  ( 0.000000000000000000, -1.000000000000000000, 0.000000000000000000 ) ) ;
#5994 = CARTESIAN_POINT ( 'NONE',  ( 3.400058012914544666E-15, 78.90000000000001990, -2.277835863825673830E-28 ) ) ;
#5995 = ORIENTED_EDGE ( 'NONE', *, *, #5926, .F. ) ;
#5996 = ORIENTED_EDGE ( 'NONE', *, *, #9596, .F. ) ;
#5997 = ADVANCED_FACE ( 'NONE', ( #2601 ), #2453, .T. ) ;
#5998 = CARTESIAN_POINT ( 'NONE',  ( 1.078290342038119526E-14, 99.00000000000001421, 20.00000000000001066 ) ) ;
#5999 = DIRECTION ( 'NONE',  ( 0.9999870432906646789, -0.005090505946797769903, 3.575146948697720887E-16 ) ) ;
#6000 = CYLINDRICAL_SURFACE ( 'NONE', #2719, 6.850000000000000533 ) ;
#6001 = VERTEX_POINT ( 'NONE', #3263 ) ;
#6002 = CARTESIAN_POINT ( 'NONE',  ( 2.487000723523298706, 104.4602955415613366, -12.50000000000001066 ) ) ;
#6003 = DIRECTION ( 'NONE',  ( -4.632792164159807407E-48, 1.455634920575271343E-16, 1.000000000000000000 ) ) ;
#6004 = CARTESIAN_POINT ( 'NONE',  ( -10.99999999999998401, 76.25000000000001421, 16.99999999999999645 ) ) ;
#6005 = CARTESIAN_POINT ( 'NONE',  ( -3.041265874999999230, 73.62500000136559208, 1.259733572207480057 ) ) ;
#6006 = CARTESIAN_POINT ( 'NONE',  ( -2.566703027418149485, 94.42020354502052726, 20.29999999999998295 ) ) ;
#6007 = ORIENTED_EDGE ( 'NONE', *, *, #8661, .F. ) ;
#6008 = CARTESIAN_POINT ( 'NONE',  ( -1.259733572207478725, 77.87500000136559208, 3.041265874999999230 ) ) ;
#6009 = CARTESIAN_POINT ( 'NONE',  ( 4.931807595171235903, 94.20307626389225675, 21.40000000000000213 ) ) ;
#6010 = VECTOR ( 'NONE', #544, 1000.000000000000000 ) ;
#6011 = DIRECTION ( 'NONE',  ( 1.000000000000000000, 0.000000000000000000, 0.000000000000000000 ) ) ;
#6012 = DIRECTION ( 'NONE',  ( -2.501589552824417682E-12, -9.460304020253028666E-28, -1.000000000000000000 ) ) ;
#6013 = CARTESIAN_POINT ( 'NONE',  ( 1.139907719904815683E-14, 99.00000000000001421, 16.30000000000000426 ) ) ;
#6014 = DIRECTION ( 'NONE',  ( 1.000000000000000000, 0.000000000000000000, 0.000000000000000000 ) ) ;
#6015 = CARTESIAN_POINT ( 'NONE',  ( -2.500000000000000000, 75.31250000273121259, 1.035533905932739307 ) ) ;
#6016 = CARTESIAN_POINT ( 'NONE',  ( 3.041265875000001007, 65.00000000136559208, 1.259733572207477836 ) ) ;
#6017 = EDGE_LOOP ( 'NONE', ( #4060, #2197, #5484, #3897 ) ) ;
#6018 = TOROIDAL_SURFACE ( 'NONE', #1149, 6.200000000000001066, 0.2000000000000319855 ) ;
#6019 = EDGE_CURVE ( 'NONE', #4318, #1293, #157, .T. ) ;
#6020 = CARTESIAN_POINT ( 'NONE',  ( -3.041265874999999230, 72.75000000136560629, 1.259733572207480057 ) ) ;
#6021 = CARTESIAN_POINT ( 'NONE',  ( -3.041265875000000563, 66.62500000136559208, -1.259733572207478058 ) ) ;
#6022 = ORIENTED_EDGE ( 'NONE', *, *, #3235, .T. ) ;
#6023 = CARTESIAN_POINT ( 'NONE',  ( -1.862238259587412120E-16, 77.31250000136559208, -3.041265875000000118 ) ) ;
#6024 = CYLINDRICAL_SURFACE ( 'NONE', #7755, 2.500000000000000000 ) ;
#6025 = APPROVAL_PERSON_ORGANIZATION ( #5841, #829, #3438 ) ;
#6026 = ADVANCED_FACE ( 'NONE', ( #4852 ), #6575, .T. ) ;
#6027 = CARTESIAN_POINT ( 'NONE',  ( 3.041265875000000118, 77.06250000136559208, -3.724476519174824240E-16 ) ) ;
#6028 = LINE ( 'NONE', #435, #7838 ) ;
#6029 = CARTESIAN_POINT ( 'NONE',  ( -1.530808498934191571E-16, 67.00000000273119838, -2.500000000000000000 ) ) ;
#6030 = CC_DESIGN_APPROVAL ( #9974, ( #7819 ) ) ;
#6031 = CARTESIAN_POINT ( 'NONE',  ( 2.500000000000000444, 73.43750000000001421, 1.035533905932737309 ) ) ;
#6032 = ORIENTED_EDGE ( 'NONE', *, *, #9323, .T. ) ;
#6033 = EDGE_LOOP ( 'NONE', ( #6572, #1639, #2986, #8318 ) ) ;
#6034 = FACE_OUTER_BOUND ( 'NONE', #2221, .T. ) ;
#6035 = CIRCLE ( 'NONE', #3914, 1.024434782608710126 ) ;
#6036 = CARTESIAN_POINT ( 'NONE',  ( 2.150499723603739533, 74.06250000136559208, 2.150499723603738644 ) ) ;
#6037 = EDGE_CURVE ( 'NONE', #2476, #8127, #777, .T. ) ;
#6038 = PLANE ( 'NONE',  #1899 ) ;
#6039 = CARTESIAN_POINT ( 'NONE',  ( -2.718191992680865088, 105.3201768785966834, -21.40000000000000213 ) ) ;
#6040 = ORIENTED_EDGE ( 'NONE', *, *, #1514, .F. ) ;
#6041 = DIRECTION ( 'NONE',  ( 3.885780586188047398E-16, -1.000000000000000000, -2.603240987229339518E-29 ) ) ;
#6042 = ADVANCED_FACE ( 'NONE', ( #5006 ), #1234, .T. ) ;
#6043 = VECTOR ( 'NONE', #4532, 1000.000000000000000 ) ;
#6044 = CARTESIAN_POINT ( 'NONE',  ( 1.561251128379126385E-14, 76.25000000000001421, 4.407947838944677424E-15 ) ) ;
#6045 = CARTESIAN_POINT ( 'NONE',  ( 3.968626966596900729, 79.50000000000002842, 4.500000000000003553 ) ) ;
#6046 = ORIENTED_EDGE ( 'NONE', *, *, #6056, .F. ) ;
#6047 = CONICAL_SURFACE ( 'NONE', #1830, 6.000000000000000000, 0.7853981633974536081 ) ;
#6048 = ADVANCED_FACE ( 'NONE', ( #4287 ), #4237, .F. ) ;
#6049 = ORIENTED_EDGE ( 'NONE', *, *, #2341, .T. ) ;
#6050 = EDGE_CURVE ( 'NONE', #2911, #5137, #9714, .T. ) ;
#6051 = VECTOR ( 'NONE', #4761, 1000.000000000000000 ) ;
#6052 = CARTESIAN_POINT ( 'NONE',  ( -1.530808498934191571E-16, 73.00000000273118417, -2.500000000000000000 ) ) ;
#6053 = CARTESIAN_POINT ( 'NONE',  ( 7.781222421254423871, 101.2500172512601182, -67.99999999999998579 ) ) ;
#6054 = AXIS2_PLACEMENT_3D ( 'NONE', #4601, #65, #8573 ) ;
#6055 = DIRECTION ( 'NONE',  ( -0.9606447433647389289, -0.2777799075629747705, 0.000000000000000000 ) ) ;
#6056 = EDGE_CURVE ( 'NONE', #5340, #745, #5153, .T. ) ;
#6057 = ORIENTED_EDGE ( 'NONE', *, *, #3165, .T. ) ;
#6058 = CARTESIAN_POINT ( 'NONE',  ( 1.035533905932723320, 77.31250000000000000, 2.500000000000015543 ) ) ;
#6059 = VECTOR ( 'NONE', #6970, 1000.000000000000000 ) ;
#6060 = CARTESIAN_POINT ( 'NONE',  ( -2.500000000000000000, 76.06250000000000000, 1.035533905932739307 ) ) ;
#6061 = CARTESIAN_POINT ( 'NONE',  ( 0.000000000000000000, 70.00000000000000000, 0.000000000000000000 ) ) ;
#6062 = PRODUCT ( 'CastRod_Default_sldprt', 'CastRod_Default_sldprt', '', ( #4264 ) ) ;
#6063 = CARTESIAN_POINT ( 'NONE',  ( -1.259733572207478502, 71.75000000136559208, 3.041265874999999230 ) ) ;
#6064 = DIRECTION ( 'NONE',  ( -0.2118537317746339854, 0.9773013845959501733, -1.978081032427849697E-16 ) ) ;
#6065 = ORIENTED_EDGE ( 'NONE', *, *, #1172, .F. ) ;
#6066 = CARTESIAN_POINT ( 'NONE',  ( 3.041265875000001007, 74.12500000136559208, 1.259733572207477836 ) ) ;
#6067 = CARTESIAN_POINT ( 'NONE',  ( 4.443196637400277815, 100.8160406497089099, 21.39999999999999858 ) ) ;
#6068 = DIRECTION ( 'NONE',  ( 0.000000000000000000, 0.000000000000000000, 1.000000000000000000 ) ) ;
#6069 = CARTESIAN_POINT ( 'NONE',  ( -2.566703027418149929, 94.42020354502052726, 21.49999999999998579 ) ) ;
#6070 = DIRECTION ( 'NONE',  ( 5.551115123125783935E-17, -6.662983475941639612E-17, -1.000000000000000000 ) ) ;
#6071 = CARTESIAN_POINT ( 'NONE',  ( -2.500000000000000000, 73.06250000000000000, 1.035533905932739307 ) ) ;
#6072 = CARTESIAN_POINT ( 'NONE',  ( -1.035533905932737753, 79.06250000273119838, -2.500000000000000444 ) ) ;
#6073 = CARTESIAN_POINT ( 'NONE',  ( -3.041265875000000118, 65.56250000136559208, 0.000000000000000000 ) ) ;
#6074 = EDGE_LOOP ( 'NONE', ( #1455, #6049, #2549, #7893 ) ) ;
#6075 = CARTESIAN_POINT ( 'NONE',  ( -2.150499723603739088, 73.56250000136559208, -2.150499723603739088 ) ) ;
#6076 = EDGE_LOOP ( 'NONE', ( #4848, #5605, #3719, #8739 ) ) ;
#6077 = ORIENTED_EDGE ( 'NONE', *, *, #7901, .T. ) ;
#6078 = CARTESIAN_POINT ( 'NONE',  ( -3.041265874999999230, 69.62500000136560629, 1.259733572207480057 ) ) ;
#6079 = AXIS2_PLACEMENT_3D ( 'NONE', #6607, #8899, #6410 ) ;
#6080 = DIRECTION ( 'NONE',  ( -5.665246594868416811E-32, 0.7071067811865484609, 0.7071067811865465735 ) ) ;
#6081 = EDGE_CURVE ( 'NONE', #6219, #7212, #417, .T. ) ;
#6082 = CARTESIAN_POINT ( 'NONE',  ( -1.259733572207478058, 77.37500000136563472, -3.041265875000000563 ) ) ;
#6083 = CARTESIAN_POINT ( 'NONE',  ( 1.259733572207478058, 79.25000000136559208, -3.041265874999999674 ) ) ;
#6084 = CARTESIAN_POINT ( 'NONE',  ( -6.047102705684198831, 93.02886404106693874, -20.30000000000000071 ) ) ;
#6085 = AXIS2_PLACEMENT_3D ( 'NONE', #8399, #2846, #5906 ) ;
#6086 = CARTESIAN_POINT ( 'NONE',  ( 1.767766952966369320, 68.37500000000000000, 1.767766952966368654 ) ) ;
#6087 = ORIENTED_EDGE ( 'NONE', *, *, #8519, .T. ) ;
#6088 = ORIENTED_EDGE ( 'NONE', *, *, #2851, .T. ) ;
#6089 = FACE_OUTER_BOUND ( 'NONE', #5288, .T. ) ;
#6090 = CARTESIAN_POINT ( 'NONE',  ( 3.041265875000000118, 71.18750000136559208, -3.724476519174824240E-16 ) ) ;
#6091 = DIRECTION ( 'NONE',  ( 8.011868568650901149E-32, -1.000000000000000000, 1.455634920575271590E-16 ) ) ;
#6092 = DIRECTION ( 'NONE',  ( 0.2777799075629752701, -0.9606447433647388179, 7.942748297062764966E-17 ) ) ;
#6093 = CARTESIAN_POINT ( 'NONE',  ( 1.896536728322030728E-16, 98.99999999999998579, 20.29999999999998295 ) ) ;
#6094 = ORIENTED_EDGE ( 'NONE', *, *, #6546, .T. ) ;
#6095 = CARTESIAN_POINT ( 'NONE',  ( -8.645802690282613057, 96.49998083193324305, -19.20000000000000639 ) ) ;
#6096 = DIRECTION ( 'NONE',  ( 0.9999870432906646789, -0.005090505946802457125, 0.000000000000000000 ) ) ;
#6097 = AXIS2_PLACEMENT_3D ( 'NONE', #6471, #1636, #2545 ) ;
#6098 = FACE_OUTER_BOUND ( 'NONE', #2366, .T. ) ;
#6099 = ORIENTED_EDGE ( 'NONE', *, *, #5489, .T. ) ;
#6100 = ORIENTED_EDGE ( 'NONE', *, *, #4463, .T. ) ;
#6101 = EDGE_LOOP ( 'NONE', ( #4806, #3346, #398, #3402, #6338, #9464, #3299, #2761, #7014, #9086, #6200, #247 ) ) ;
#6102 = DIRECTION ( 'NONE',  ( -0.9606447433647388179, -0.2777799075629757142, 0.000000000000000000 ) ) ;
#6103 = CARTESIAN_POINT ( 'NONE',  ( 1.561251128379126385E-14, 99.00000000000001421, -19.50000000000000000 ) ) ;
#6104 = CARTESIAN_POINT ( 'NONE',  ( -2.500000000000000000, 69.31250000273121259, 1.035533905932739307 ) ) ;
#6105 = ORIENTED_EDGE ( 'NONE', *, *, #4741, .T. ) ;
#6106 = DIRECTION ( 'NONE',  ( 0.000000000000000000, -8.773937619163356039E-17, -1.000000000000000000 ) ) ;
#6107 = CARTESIAN_POINT ( 'NONE',  ( -1.035533905932770171, 74.43750000273119838, 2.499999999999968026 ) ) ;
#6108 = EDGE_CURVE ( 'NONE', #8968, #487, #9174, .T. ) ;
#6109 = CARTESIAN_POINT ( 'NONE',  ( -1.259733572207478502, 72.75000000136560629, 3.041265874999999230 ) ) ;
#6110 = CARTESIAN_POINT ( 'NONE',  ( 10.50000000000001421, 80.00000000000001421, -15.00000000000000533 ) ) ;
#6111 = EDGE_CURVE ( 'NONE', #2883, #1714, #7111, .T. ) ;
#6112 = VERTEX_POINT ( 'NONE', #7544 ) ;
#6113 = EDGE_CURVE ( 'NONE', #1567, #9252, #2757, .T. ) ;
#6114 = CARTESIAN_POINT ( 'NONE',  ( 3.041265875000001007, 76.12500000136560629, 1.259733572207477836 ) ) ;
#6115 = VECTOR ( 'NONE', #6809, 1000.000000000000000 ) ;
#6116 = DIRECTION ( 'NONE',  ( 0.4888958147463141057, 0.8723421819008512212, 0.000000000000000000 ) ) ;
#6117 = CARTESIAN_POINT ( 'NONE',  ( 2.782396080560154861, 105.2921757394963436, -21.40000000000000213 ) ) ;
#6118 = CYLINDRICAL_SURFACE ( 'NONE', #4566, 6.000000000000000000 ) ;
#6119 = CARTESIAN_POINT ( 'NONE',  ( 3.061616997868381662E-16, 0.000000000000000000, 2.499999999999998668 ) ) ;
#6120 = CARTESIAN_POINT ( 'NONE',  ( 9.393977433297937552, 101.6106872625209974, 20.00000000000001066 ) ) ;
#6121 = CARTESIAN_POINT ( 'NONE',  ( 1.767766952966368654, 76.87500000273118417, -1.767766952966369098 ) ) ;
#6122 = ADVANCED_FACE ( 'NONE', ( #5107 ), #9069, .F. ) ;
#6123 = CARTESIAN_POINT ( 'NONE',  ( -2.150499723603739088, 66.43750000136559208, -2.150499723603739088 ) ) ;
#6124 = ORIENTED_EDGE ( 'NONE', *, *, #7167, .T. ) ;
#6125 = AXIS2_PLACEMENT_3D ( 'NONE', #9412, #8452, #2435 ) ;
#6126 = CARTESIAN_POINT ( 'NONE',  ( -1.259733572207478058, 74.50000000136560629, -3.041265874999999674 ) ) ;
#6127 = ORIENTED_EDGE ( 'NONE', *, *, #3895, .T. ) ;
#6128 = ORIENTED_EDGE ( 'NONE', *, *, #3062, .F. ) ;
#6129 = TOROIDAL_SURFACE ( 'NONE', #6775, 8.800000000000000711, 0.2000000000000350109 ) ;
#6130 = EDGE_CURVE ( 'NONE', #925, #9607, #5647, .T. ) ;
#6131 = CARTESIAN_POINT ( 'NONE',  ( 1.259733572207479835, 71.87500000136559208, 3.041265874999999230 ) ) ;
#6132 = CARTESIAN_POINT ( 'NONE',  ( 5.955997393443991150, 100.7222354224323624, -20.00000000000000355 ) ) ;
#6133 = AXIS2_PLACEMENT_3D ( 'NONE', #10001, #4506, #7566 ) ;
#6134 = AXIS2_PLACEMENT_3D ( 'NONE', #1763, #4865, #7965 ) ;
#6135 = CARTESIAN_POINT ( 'NONE',  ( -1.259733572207478058, 78.37500000136563472, -3.041265875000000563 ) ) ;
#6136 = CARTESIAN_POINT ( 'NONE',  ( -3.041265874999999674, 79.50000000136560629, -1.259733572207478058 ) ) ;
#6137 = CARTESIAN_POINT ( 'NONE',  ( 1.767766952966369320, 66.62500000273119838, 1.767766952966368654 ) ) ;
#6138 = CARTESIAN_POINT ( 'NONE',  ( 1.767766952966368654, 68.62500000000000000, -1.767766952966369098 ) ) ;
#6139 = ORIENTED_EDGE ( 'NONE', *, *, #4311, .F. ) ;
#6140 = VERTEX_POINT ( 'NONE', #368 ) ;
#6141 = VECTOR ( 'NONE', #615, 1000.000000000000000 ) ;
#6142 = CARTESIAN_POINT ( 'NONE',  ( 0.000000000000000000, 70.00000000000000000, 0.000000000000000000 ) ) ;
#6143 = CIRCLE ( 'NONE', #9225, 8.099999999999999645 ) ;
#6144 = CARTESIAN_POINT ( 'NONE',  ( -1.862238259587412120E-16, 70.43750000136560629, -3.041265875000000118 ) ) ;
#6145 = CARTESIAN_POINT ( 'NONE',  ( -1.530808498934191571E-16, 78.75000000000000000, -2.500000000000000000 ) ) ;
#6146 = CARTESIAN_POINT ( 'NONE',  ( 4.116149958470326276, 93.58326238577234335, 21.40000000000000213 ) ) ;
#6147 = CARTESIAN_POINT ( 'NONE',  ( 1.035533905932716436, 67.93750000273116996, -2.500000000000020872 ) ) ;
#6148 = EDGE_LOOP ( 'NONE', ( #9240, #7290, #2864, #1826 ) ) ;
#6149 = CARTESIAN_POINT ( 'NONE',  ( -2.488814212820116341E-16, 98.99999999999998579, 21.49999999999998579 ) ) ;
#6150 = CARTESIAN_POINT ( 'NONE',  ( -4.799937807795157774, 99.02443442854463740, -20.30000000000000071 ) ) ;
#6151 = AXIS2_PLACEMENT_3D ( 'NONE', #8198, #6620, #1225 ) ;
#6152 = CIRCLE ( 'NONE', #1759, 2.499999999999997335 ) ;
#6153 = CYLINDRICAL_SURFACE ( 'NONE', #4164, 1.499999999999990896 ) ;
#6154 = ADVANCED_FACE ( 'NONE', ( #3660 ), #6728, .T. ) ;
#6155 = VERTEX_POINT ( 'NONE', #2087 ) ;
#6156 = ORIENTED_EDGE ( 'NONE', *, *, #4838, .T. ) ;
#6157 = VERTEX_POINT ( 'NONE', #5762 ) ;
#6158 = CARTESIAN_POINT ( 'NONE',  ( -2.500000000000000000, 79.00000000000000000, 0.000000000000000000 ) ) ;
#6159 = CONICAL_SURFACE ( 'NONE', #1768, 1.219499999999999806, 0.7853981633974529419 ) ;
#6160 = CARTESIAN_POINT ( 'NONE',  ( 5.985997886957044045, 92.96760867727374489, -20.29999999999999716 ) ) ;
#6161 = CARTESIAN_POINT ( 'NONE',  ( 2.500000000000000444, 70.68750000273118417, 1.035533905932737309 ) ) ;
#6162 = ORIENTED_EDGE ( 'NONE', *, *, #1629, .T. ) ;
#6163 = EDGE_CURVE ( 'NONE', #2184, #1731, #5324, .T. ) ;
#6164 = CARTESIAN_POINT ( 'NONE',  ( 1.035533905932707555, 73.56250000273119838, 2.500000000000031086 ) ) ;
#6165 = LINE ( 'NONE', #8034, #5749 ) ;
#6166 = EDGE_CURVE ( 'NONE', #8477, #9549, #280, .T. ) ;
#6167 = CARTESIAN_POINT ( 'NONE',  ( 3.041265875000001007, 70.00000000136557787, 1.259733572207477836 ) ) ;
#6168 = DIRECTION ( 'NONE',  ( 0.9634848649536336129, 0.2677627961559976844, 0.000000000000000000 ) ) ;
#6169 = ORIENTED_EDGE ( 'NONE', *, *, #8609, .T. ) ;
#6170 = VERTEX_POINT ( 'NONE', #2243 ) ;
#6171 = CARTESIAN_POINT ( 'NONE',  ( -3.041265875000000563, 74.62500000136559208, -1.259733572207478058 ) ) ;
#6172 = DIRECTION ( 'NONE',  ( 0.000000000000000000, -8.773937619163356039E-17, -1.000000000000000000 ) ) ;
#6173 = LINE ( 'NONE', #666, #1978 ) ;
#6174 = CARTESIAN_POINT ( 'NONE',  ( -7.840135496326073650, 102.2793583476657062, 20.29999999999999361 ) ) ;
#6175 = DIRECTION ( 'NONE',  ( 0.000000000000000000, -8.773937619163356039E-17, -1.000000000000000000 ) ) ;
#6176 = CARTESIAN_POINT ( 'NONE',  ( 4.592425496802573972E-16, 67.25000000000000000, 2.500000000000000000 ) ) ;
#6177 = EDGE_CURVE ( 'NONE', #454, #4528, #9928, .T. ) ;
#6178 = CARTESIAN_POINT ( 'NONE',  ( -1.035533905932737753, 72.06250000273119838, -2.500000000000000444 ) ) ;
#6179 = CARTESIAN_POINT ( 'NONE',  ( 1.259733572207478058, 66.25000000136559208, -3.041265875000000563 ) ) ;
#6180 = ADVANCED_FACE ( 'NONE', ( #2141 ), #9169, .F. ) ;
#6181 = CARTESIAN_POINT ( 'NONE',  ( -1.862238259587412120E-16, 73.43750000136559208, -3.041265875000000118 ) ) ;
#6182 = ORIENTED_EDGE ( 'NONE', *, *, #1641, .T. ) ;
#6183 = ORIENTED_EDGE ( 'NONE', *, *, #8915, .T. ) ;
#6184 = EDGE_CURVE ( 'NONE', #4207, #5872, #9062, .T. ) ;
#6185 = CARTESIAN_POINT ( 'NONE',  ( 5.586714778762236360E-16, 70.81250000136560629, 3.041265875000000118 ) ) ;
#6186 = CARTESIAN_POINT ( 'NONE',  ( 1.546529278447734532E-14, 98.99999999999998579, -21.50000000000001066 ) ) ;
#6187 = DIRECTION ( 'NONE',  ( 2.501589552824417278E-12, 0.000000000000000000, 1.000000000000000000 ) ) ;
#6188 = AXIS2_PLACEMENT_3D ( 'NONE', #9545, #5573, #1658 ) ;
#6189 = DIRECTION ( 'NONE',  ( -0.7071067811865474617, 0.7071067811865474617, -6.204110788218161570E-17 ) ) ;
#6190 = FACE_BOUND ( 'NONE', #10023, .T. ) ;
#6191 = CARTESIAN_POINT ( 'NONE',  ( -1.035533905932738197, 70.18750000000000000, 2.500000000000000000 ) ) ;
#6192 = EDGE_LOOP ( 'NONE', ( #864, #3286, #3334, #6815 ) ) ;
#6193 = ORIENTED_EDGE ( 'NONE', *, *, #2555, .F. ) ;
#6194 = DIRECTION ( 'NONE',  ( 0.000000000000000000, 0.000000000000000000, -1.000000000000000000 ) ) ;
#6195 = CIRCLE ( 'NONE', #7972, 6.000000000000000888 ) ;
#6196 = CARTESIAN_POINT ( 'NONE',  ( 3.041265875000000118, 68.18750000136560629, -3.724476519174824240E-16 ) ) ;
#6197 = FACE_OUTER_BOUND ( 'NONE', #7823, .T. ) ;
#6198 = DIRECTION ( 'NONE',  ( 0.000000000000000000, 8.773937619163356039E-17, 1.000000000000000000 ) ) ;
#6199 = FACE_OUTER_BOUND ( 'NONE', #5753, .T. ) ;
#6200 = ORIENTED_EDGE ( 'NONE', *, *, #6904, .F. ) ;
#6201 = DIRECTION ( 'NONE',  ( 1.000000000000000000, 0.000000000000000000, 0.000000000000000000 ) ) ;
#6202 = DIRECTION ( 'NONE',  ( 0.000000000000000000, 0.000000000000000000, 1.000000000000000000 ) ) ;
#6203 = AXIS2_PLACEMENT_3D ( 'NONE', #2854, #2756, #5866 ) ;
#6204 = CARTESIAN_POINT ( 'NONE',  ( 3.359342905424137271, 103.9713997268150223, 22.49999999999998579 ) ) ;
#6205 = ORIENTED_EDGE ( 'NONE', *, *, #9414, .F. ) ;
#6206 = VERTEX_POINT ( 'NONE', #5302 ) ;
#6207 = AXIS2_PLACEMENT_3D ( 'NONE', #2831, #7419, #397 ) ;
#6208 = EDGE_LOOP ( 'NONE', ( #6099, #2160, #5111, #9228 ) ) ;
#6209 = CARTESIAN_POINT ( 'NONE',  ( 10.50000000000001421, 80.50000000000001421, -15.00000000000000533 ) ) ;
#6210 = AXIS2_PLACEMENT_3D ( 'NONE', #6417, #250, #8758 ) ;
#6211 = DIRECTION ( 'NONE',  ( 0.9634848649536337239, 0.2677627961559977399, 0.000000000000000000 ) ) ;
#6212 = CARTESIAN_POINT ( 'NONE',  ( -1.767766952966368432, 67.37500000273119838, 1.767766952966369320 ) ) ;
#6213 = EDGE_CURVE ( 'NONE', #853, #4183, #6880, .T. ) ;
#6214 = ORIENTED_EDGE ( 'NONE', *, *, #15, .F. ) ;
#6215 = CARTESIAN_POINT ( 'NONE',  ( 4.592425496802573972E-16, 77.25000000000000000, 2.500000000000000000 ) ) ;
#6216 = CARTESIAN_POINT ( 'NONE',  ( 6.580416492048501098, 100.9027923668063949, -20.00000000000000000 ) ) ;
#6217 = CARTESIAN_POINT ( 'NONE',  ( -3.041265874999999230, 68.62500000136560629, 1.259733572207480057 ) ) ;
#6218 = FACE_OUTER_BOUND ( 'NONE', #8190, .T. ) ;
#6219 = VERTEX_POINT ( 'NONE', #1539 ) ;
#6220 = CIRCLE ( 'NONE', #33, 9.704347826086955564 ) ;
#6221 = ORIENTED_EDGE ( 'NONE', *, *, #6130, .F. ) ;
#6222 = CARTESIAN_POINT ( 'NONE',  ( 1.259733572207479835, 76.00000000136560629, 3.041265874999999230 ) ) ;
#6223 = CARTESIAN_POINT ( 'NONE',  ( -1.767766952966369098, 72.12500000273118417, -1.767766952966369098 ) ) ;
#6224 = FACE_OUTER_BOUND ( 'NONE', #716, .T. ) ;
#6225 = VECTOR ( 'NONE', #1023, 1000.000000000000000 ) ;
#6226 = CARTESIAN_POINT ( 'NONE',  ( -1.767766952966369098, 67.87500000000000000, -1.767766952966369098 ) ) ;
#6227 = CARTESIAN_POINT ( 'NONE',  ( -2.500000000000000000, 75.31250000273121259, 1.035533905932739307 ) ) ;
#6228 = CARTESIAN_POINT ( 'NONE',  ( 2.500000000000000000, 74.75000000273118417, -3.061616997868383141E-16 ) ) ;
#6229 = CARTESIAN_POINT ( 'NONE',  ( 3.041265875000000118, 65.06250000136559208, -3.724476519174824240E-16 ) ) ;
#6230 = EDGE_CURVE ( 'NONE', #5137, #7984, #6933, .T. ) ;
#6231 = CARTESIAN_POINT ( 'NONE',  ( -1.259733572207478058, 72.50000000136559208, -3.041265874999999674 ) ) ;
#6232 = ORIENTED_EDGE ( 'NONE', *, *, #2968, .T. ) ;
#6233 = CARTESIAN_POINT ( 'NONE',  ( 1.259733572207479835, 72.87500000136559208, 3.041265874999999230 ) ) ;
#6234 = DIRECTION ( 'NONE',  ( -1.665334536937734071E-16, 4.229157726022815470E-17, 1.000000000000000000 ) ) ;
#6235 = CARTESIAN_POINT ( 'NONE',  ( -2.150499723603738200, 77.68750000136559208, 2.150499723603739533 ) ) ;
#6236 = CARTESIAN_POINT ( 'NONE',  ( 4.592425496802573972E-16, 72.50000000273118417, 2.500000000000000000 ) ) ;
#6237 = EDGE_CURVE ( 'NONE', #1901, #9093, #8559, .T. ) ;
#6238 = FACE_OUTER_BOUND ( 'NONE', #4249, .T. ) ;
#6239 = CARTESIAN_POINT ( 'NONE',  ( -1.767766952966368432, 69.12500000000000000, 1.767766952966369320 ) ) ;
#6240 = VERTEX_POINT ( 'NONE', #1435 ) ;
#6241 = ADVANCED_FACE ( 'NONE', ( #9116 ), #1585, .F. ) ;
#6242 = CARTESIAN_POINT ( 'NONE',  ( -10.99999999999998401, 76.25000000000001421, 16.99999999999999645 ) ) ;
#6243 = EDGE_CURVE ( 'NONE', #7020, #3596, #4586, .T. ) ;
#6244 = CARTESIAN_POINT ( 'NONE',  ( 3.041265874999999674, 69.25000000136559208, -1.259733572207478280 ) ) ;
#6245 = CARTESIAN_POINT ( 'NONE',  ( -1.732050807571371642, 82.51000000000003354, -0.9999999999956669106 ) ) ;
#6246 = VECTOR ( 'NONE', #2354, 1000.000000000000000 ) ;
#6247 = DIRECTION ( 'NONE',  ( -1.665334536937734071E-16, 4.229157726022815470E-17, 1.000000000000000000 ) ) ;
#6248 = LINE ( 'NONE', #7056, #19 ) ;
#6249 = EDGE_LOOP ( 'NONE', ( #8991, #363, #4687, #5067, #4898, #7221 ) ) ;
#6250 = CARTESIAN_POINT ( 'NONE',  ( -8.671363784582698742, 96.59013483459604288, 68.00000000000000000 ) ) ;
#6251 = FACE_OUTER_BOUND ( 'NONE', #9290, .T. ) ;
#6252 = AXIS2_PLACEMENT_3D ( 'NONE', #9776, #9206, #1226 ) ;
#6253 = CARTESIAN_POINT ( 'NONE',  ( -2.500000000000000000, 65.25000000273119838, 0.000000000000000000 ) ) ;
#6254 = EDGE_LOOP ( 'NONE', ( #136, #648, #9137, #3042 ) ) ;
#6255 = ORIENTED_EDGE ( 'NONE', *, *, #330, .T. ) ;
#6256 = ORIENTED_EDGE ( 'NONE', *, *, #1629, .F. ) ;
#6257 = CARTESIAN_POINT ( 'NONE',  ( 3.041265875000001007, 79.12500000136559208, 1.259733572207477836 ) ) ;
#6258 = CARTESIAN_POINT ( 'NONE',  ( 0.000000000000000000, 80.00000000000000000, 0.000000000000000000 ) ) ;
#6259 = CARTESIAN_POINT ( 'NONE',  ( 2.500000000000000000, 69.75000000273119838, -3.061616997868383141E-16 ) ) ;
#6260 = EDGE_LOOP ( 'NONE', ( #6022, #5132, #5160, #5898 ) ) ;
#6261 = AXIS2_PLACEMENT_3D ( 'NONE', #5930, #9749, #8323 ) ;
#6262 = CARTESIAN_POINT ( 'NONE',  ( -1.218713474383134932, 103.6427079885942675, -21.40000000000000213 ) ) ;
#6263 = DIRECTION ( 'NONE',  ( 3.885780586188047891E-16, -1.065500303100115213E-16, -1.000000000000000000 ) ) ;
#6264 = CARTESIAN_POINT ( 'NONE',  ( 3.041265874999999674, 68.12500000136559208, -1.259733572207478280 ) ) ;
#6265 = DIRECTION ( 'NONE',  ( 0.4999999999978309573, 1.942890293085820778E-16, -0.8660254037856909282 ) ) ;
#6266 = ORIENTED_EDGE ( 'NONE', *, *, #1761, .T. ) ;
#6267 = VERTEX_POINT ( 'NONE', #9980 ) ;
#6268 = CARTESIAN_POINT ( 'NONE',  ( 1.943048590659658729E-14, 99.00000000000002842, 21.39999999999999858 ) ) ;
#6269 = DIRECTION ( 'NONE',  ( 3.885780586188047891E-16, -1.065500303100115213E-16, -1.000000000000000000 ) ) ;
#6270 = DIRECTION ( 'NONE',  ( 2.501589552824418086E-12, 0.000000000000000000, 1.000000000000000000 ) ) ;
#6271 = DIRECTION ( 'NONE',  ( -0.9606447433647389289, -0.2777799075629749925, 0.000000000000000000 ) ) ;
#6272 = CARTESIAN_POINT ( 'NONE',  ( 2.500000000000000444, 74.68750000273119838, 1.035533905932737309 ) ) ;
#6273 = FACE_OUTER_BOUND ( 'NONE', #9996, .T. ) ;
#6274 = CARTESIAN_POINT ( 'NONE',  ( 3.041265875000000118, 67.18750000136560629, -3.724476519174824240E-16 ) ) ;
#6275 = ORIENTED_EDGE ( 'NONE', *, *, #7391, .T. ) ;
#6276 = EDGE_CURVE ( 'NONE', #8302, #7568, #8324, .T. ) ;
#6277 = CARTESIAN_POINT ( 'NONE',  ( 6.685091259270936170, 100.6256562801042520, 20.30000000000000071 ) ) ;
#6278 = CARTESIAN_POINT ( 'NONE',  ( -3.041265874999999230, 71.62500000136559208, 1.259733572207480057 ) ) ;
#6279 = DIRECTION ( 'NONE',  ( 1.665334536937734318E-16, -4.229157726022816087E-17, -1.000000000000000000 ) ) ;
#6280 = DIRECTION ( 'NONE',  ( -0.9999870432906645679, 0.005090505946798831553, -2.775557561562890365E-16 ) ) ;
#6281 = CIRCLE ( 'NONE', #4322, 9.750000000000001776 ) ;
#6282 = CARTESIAN_POINT ( 'NONE',  ( 3.041265875000001007, 74.00000000136559208, 1.259733572207477836 ) ) ;
#6283 = EDGE_CURVE ( 'NONE', #5359, #5872, #3107, .T. ) ;
#6284 = CARTESIAN_POINT ( 'NONE',  ( 2.500000000000000444, 72.81250000273119838, -1.035533905932737975 ) ) ;
#6285 = DIRECTION ( 'NONE',  ( 0.6785983445458479979, 0.6785983445458479979, 0.2810846377148156217 ) ) ;
#6286 =( BOUNDED_CURVE ( )  B_SPLINE_CURVE ( 2, ( #657, #6107, #1276, #3753, #4378, #8199, #6870, #1324, #4424 ),
 .UNSPECIFIED., .F., .T. ) 
 B_SPLINE_CURVE_WITH_KNOTS ( ( 3, 2, 2, 2, 3 ),
 ( 0.3166666666666669849, 0.3250000000000003442, 0.3333333333333336479, 0.3416666666666670071, 0.3500000000000003109 ),
 .UNSPECIFIED. ) 
 CURVE ( )  GEOMETRIC_REPRESENTATION_ITEM ( )  RATIONAL_B_SPLINE_CURVE ( ( 0.9999999999999970024, 0.9238795325112897361, 1.000000000000000000, 0.9238795325112867385, 1.000000000000000000, 0.9238795325112867385, 1.000000000000000000, 0.9238795325112837409, 1.000000000000003109 ) ) 
 REPRESENTATION_ITEM ( '' )  );
#6287 = CARTESIAN_POINT ( 'NONE',  ( 4.592425496802573972E-16, 70.25000000000000000, 2.500000000000000000 ) ) ;
#6288 = ORIENTED_EDGE ( 'NONE', *, *, #9515, .F. ) ;
#6289 = PLANE ( 'NONE',  #7083 ) ;
#6290 = VECTOR ( 'NONE', #1307, 1000.000000000000000 ) ;
#6291 = CARTESIAN_POINT ( 'NONE',  ( -2.150499723603739088, 67.56250000136560629, -2.150499723603739088 ) ) ;
#6292 = LINE ( 'NONE', #841, #1007 ) ;
#6293 = CARTESIAN_POINT ( 'NONE',  ( 2.500000000000000444, 72.43750000000001421, 1.035533905932737309 ) ) ;
#6294 = CARTESIAN_POINT ( 'NONE',  ( -1.218713474383134265, 103.6427079885942675, -21.40000000000000213 ) ) ;
#6295 = DIRECTION ( 'NONE',  ( -1.665334536937734071E-16, 4.229157726022815470E-17, 1.000000000000000000 ) ) ;
#6296 = EDGE_CURVE ( 'NONE', #487, #6505, #6707, .T. ) ;
#6297 = DIRECTION ( 'NONE',  ( -1.000000000000000000, 0.000000000000000000, -1.776356839400250465E-15 ) ) ;
#6298 = VECTOR ( 'NONE', #9880, 1000.000000000000000 ) ;
#6299 = EDGE_CURVE ( 'NONE', #4267, #8702, #9271, .T. ) ;
#6300 = AXIS2_PLACEMENT_3D ( 'NONE', #1397, #5419, #4493 ) ;
#6301 = CARTESIAN_POINT ( 'NONE',  ( 0.000000000000000000, 8.497848452431096433, -2.499999999999997335 ) ) ;
#6302 = EDGE_LOOP ( 'NONE', ( #318, #2169, #4745, #4245, #2633, #5696, #9551, #5083, #3183, #8295, #8261, #3952 ) ) ;
#6303 = EDGE_LOOP ( 'NONE', ( #1470, #3737, #4712, #8817 ) ) ;
#6304 = FACE_OUTER_BOUND ( 'NONE', #9347, .T. ) ;
#6305 = EDGE_CURVE ( 'NONE', #6155, #8535, #681, .T. ) ;
#6306 = FACE_OUTER_BOUND ( 'NONE', #4451, .T. ) ;
#6307 = CARTESIAN_POINT ( 'NONE',  ( 6.685091259270936170, 100.6256562801042520, 21.40000000000000213 ) ) ;
#6308 = VECTOR ( 'NONE', #7070, 1000.000000000000000 ) ;
#6309 = CARTESIAN_POINT ( 'NONE',  ( 1.035533905932737531, 69.93750000273118417, -2.500000000000000444 ) ) ;
#6310 = AXIS2_PLACEMENT_3D ( 'NONE', #6084, #7807, #1600 ) ;
#6311 = ORIENTED_EDGE ( 'NONE', *, *, #8044, .T. ) ;
#6312 = CARTESIAN_POINT ( 'NONE',  ( 1.767766952966368654, 79.62500000000000000, -1.767766952966369098 ) ) ;
#6313 = CARTESIAN_POINT ( 'NONE',  ( 3.968626966596900729, 76.25000000000001421, 4.500000000000005329 ) ) ;
#6314 = CARTESIAN_POINT ( 'NONE',  ( 3.041265874999999674, 67.12500000136559208, -1.259733572207478280 ) ) ;
#6315 = CYLINDRICAL_SURFACE ( 'NONE', #6125, 5.999999999999999112 ) ;
#6316 = ORIENTED_EDGE ( 'NONE', *, *, #4520, .T. ) ;
#6317 = EDGE_CURVE ( 'NONE', #1603, #1166, #3436, .T. ) ;
#6318 = AXIS2_PLACEMENT_3D ( 'NONE', #8844, #5890, #1110 ) ;
#6319 = VECTOR ( 'NONE', #4410, 1000.000000000000000 ) ;
#6320 = EDGE_LOOP ( 'NONE', ( #5836, #7500 ) ) ;
#6321 = CONICAL_SURFACE ( 'NONE', #3536, 2.499999999999997335, 1.029744258676653201 ) ;
#6322 = DIRECTION ( 'NONE',  ( -0.9256659661250534743, -0.3783418020226833045, -2.775557561562889872E-16 ) ) ;
#6323 = CARTESIAN_POINT ( 'NONE',  ( -1.035533905932748411, 66.06250000273119838, -2.499999999999989786 ) ) ;
#6324 = CARTESIAN_POINT ( 'NONE',  ( 4.592425496802573972E-16, 67.25000000000000000, 2.500000000000000000 ) ) ;
#6325 = CARTESIAN_POINT ( 'NONE',  ( 1.767766952966368654, 71.87500000273118417, -1.767766952966369098 ) ) ;
#6326 = DIRECTION ( 'NONE',  ( 2.501589552824418086E-12, 0.000000000000000000, 1.000000000000000000 ) ) ;
#6327 = CARTESIAN_POINT ( 'NONE',  ( 2.150499723603739533, 70.06250000136560629, 2.150499723603738644 ) ) ;
#6328 = ORIENTED_EDGE ( 'NONE', *, *, #9343, .T. ) ;
#6329 = DIRECTION ( 'NONE',  ( -0.4888958147463141057, -0.8723421819008512212, 0.000000000000000000 ) ) ;
#6330 = CARTESIAN_POINT ( 'NONE',  ( 2.150499723603739533, 65.93750000136559208, 2.150499723603738644 ) ) ;
#6331 = FACE_OUTER_BOUND ( 'NONE', #6260, .T. ) ;
#6332 = DIRECTION ( 'NONE',  ( 0.000000000000000000, 0.000000000000000000, 1.000000000000000000 ) ) ;
#6333 = CARTESIAN_POINT ( 'NONE',  ( -1.862238259587412120E-16, 76.31250000136559208, -3.041265875000000118 ) ) ;
#6334 = EDGE_CURVE ( 'NONE', #8313, #4452, #8759, .T. ) ;
#6335 = CARTESIAN_POINT ( 'NONE',  ( 1.259733572207478058, 76.25000000136559208, -3.041265874999999674 ) ) ;
#6336 = CARTESIAN_POINT ( 'NONE',  ( 14.20313640033961633, 79.95313640033961633, -15.46611067966187214 ) ) ;
#6337 = CARTESIAN_POINT ( 'NONE',  ( -3.041265874999999230, 78.75000000136559208, 1.259733572207480057 ) ) ;
#6338 = ORIENTED_EDGE ( 'NONE', *, *, #2003, .T. ) ;
#6339 = DIRECTION ( 'NONE',  ( 3.654459117618455932E-16, -1.199456548643360156E-16, -1.000000000000000000 ) ) ;
#6340 = EDGE_CURVE ( 'NONE', #4161, #6596, #842, .T. ) ;
#6341 = CARTESIAN_POINT ( 'NONE',  ( -3.041265874999999230, 67.75000000136559208, 1.259733572207480057 ) ) ;
#6342 = CYLINDRICAL_SURFACE ( 'NONE', #9213, 2.500000000000000000 ) ;
#6343 = TOROIDAL_SURFACE ( 'NONE', #4882, 6.200000000000001066, 0.2000000000000319855 ) ;
#6344 = DIRECTION ( 'NONE',  ( 0.9634848649536335019, 0.2677627961559984060, 0.000000000000000000 ) ) ;
#6345 = CARTESIAN_POINT ( 'NONE',  ( 3.696544490476026646E-14, 99.00000000000001421, -16.00000000000000355 ) ) ;
#6346 = DIRECTION ( 'NONE',  ( -2.771172519036345232E-16, 8.684692346097759303E-17, 1.000000000000000000 ) ) ;
#6347 = DIRECTION ( 'NONE',  ( -0.000000000000000000, 1.000000000000000000, 0.000000000000000000 ) ) ;
#6348 = CIRCLE ( 'NONE', #6508, 6.199999971414616340 ) ;
#6349 = CARTESIAN_POINT ( 'NONE',  ( 1.035533905932739085, 76.31250000000000000, 2.500000000000000000 ) ) ;
#6350 = ORIENTED_EDGE ( 'NONE', *, *, #8289, .T. ) ;
#6351 = ORIENTED_EDGE ( 'NONE', *, *, #7789, .T. ) ;
#6352 = CARTESIAN_POINT ( 'NONE',  ( -1.767766952966368432, 72.12500000000000000, 1.767766952966369320 ) ) ;
#6353 = EDGE_CURVE ( 'NONE', #4238, #5631, #6377, .T. ) ;
#6354 = CARTESIAN_POINT ( 'NONE',  ( 2.150499723603739533, 79.06250000136559208, 2.150499723603738644 ) ) ;
#6355 = CARTESIAN_POINT ( 'NONE',  ( -3.863564217507593663E-13, 1081.932649730810454, 2.588357346670238535E-26 ) ) ;
#6356 = EDGE_CURVE ( 'NONE', #1054, #6415, #868, .T. ) ;
#6357 = CYLINDRICAL_SURFACE ( 'NONE', #2148, 1.024434782608708572 ) ;
#6358 = CARTESIAN_POINT ( 'NONE',  ( -1.035533905932742194, 78.43750000273119838, 2.499999999999995559 ) ) ;
#6359 = ORIENTED_EDGE ( 'NONE', *, *, #2774, .F. ) ;
#6360 = DIRECTION ( 'NONE',  ( 5.551115123125783935E-17, -6.662983475941639612E-17, -1.000000000000000000 ) ) ;
#6361 = CARTESIAN_POINT ( 'NONE',  ( 2.939900837143794021, 102.7943356556532564, 21.39999999999999858 ) ) ;
#6362 = CARTESIAN_POINT ( 'NONE',  ( 1.259733572207479835, 68.87500000136559208, 3.041265874999999230 ) ) ;
#6363 = AXIS2_PLACEMENT_3D ( 'NONE', #129, #4151, #5627 ) ;
#6364 = CARTESIAN_POINT ( 'NONE',  ( -4.799937807795157774, 99.02443442854463740, -21.40000000000000213 ) ) ;
#6365 = EDGE_CURVE ( 'NONE', #5425, #1469, #8163, .T. ) ;
#6366 = ORIENTED_EDGE ( 'NONE', *, *, #1756, .F. ) ;
#6367 = ORIENTED_EDGE ( 'NONE', *, *, #6644, .F. ) ;
#6368 = ORIENTED_EDGE ( 'NONE', *, *, #2436, .T. ) ;
#6369 = CARTESIAN_POINT ( 'NONE',  ( 1.997291221300659204E-15, 82.51000000000003354, -1.338065867435882278E-28 ) ) ;
#6370 = EDGE_CURVE ( 'NONE', #7326, #3453, #3762, .T. ) ;
#6371 = CYLINDRICAL_SURFACE ( 'NONE', #7678, 9.750000000000000000 ) ;
#6372 = PLANE ( 'NONE',  #8744 ) ;
#6373 = CARTESIAN_POINT ( 'NONE',  ( 1.035533905932737531, 71.93750000273118417, -2.500000000000000444 ) ) ;
#6374 = CARTESIAN_POINT ( 'NONE',  ( -10.49999999999998401, 80.00000000000001421, 14.49999999999999467 ) ) ;
#6375 = CARTESIAN_POINT ( 'NONE',  ( 5.586714778762236360E-16, 67.93750000136560629, 3.041265875000000118 ) ) ;
#6376 = VERTEX_POINT ( 'NONE', #4174 ) ;
#6377 = CIRCLE ( 'NONE', #2466, 9.750000000000000000 ) ;
#6378 = DIRECTION ( 'NONE',  ( 1.000000000000000000, 9.398538128609710963E-32, -8.246218725174991248E-48 ) ) ;
#6379 = CARTESIAN_POINT ( 'NONE',  ( -3.041265875000000118, 65.56250000136559208, 0.000000000000000000 ) ) ;
#6380 = CARTESIAN_POINT ( 'NONE',  ( -4.031526565385480154, 79.66641669595998110, -4.666416695959963334 ) ) ;
#6381 = CARTESIAN_POINT ( 'NONE',  ( 2.500000000000000000, 64.75000000273119838, -3.061616997868383141E-16 ) ) ;
#6382 = VECTOR ( 'NONE', #1960, 1000.000000000000000 ) ;
#6383 = CARTESIAN_POINT ( 'NONE',  ( -1.862238259587412120E-16, 74.31250000136559208, -3.041265875000000118 ) ) ;
#6384 = AXIS2_PLACEMENT_3D ( 'NONE', #4573, #7681, #10013 ) ;
#6385 = CARTESIAN_POINT ( 'NONE',  ( -3.041265874999999230, 77.62500000136560629, 1.259733572207480057 ) ) ;
#6386 = CARTESIAN_POINT ( 'NONE',  ( -3.968626966596870531, 76.25000000000001421, -4.499999999999995559 ) ) ;
#6387 = CARTESIAN_POINT ( 'NONE',  ( 1.035533905932739085, 65.31250000000000000, 2.500000000000000000 ) ) ;
#6388 = CARTESIAN_POINT ( 'NONE',  ( 1.259733572207479835, 73.00000000136559208, 3.041265874999999230 ) ) ;
#6389 = ORIENTED_EDGE ( 'NONE', *, *, #5248, .T. ) ;
#6390 = DIRECTION ( 'NONE',  ( 2.771172519036345232E-16, -8.684692346097759303E-17, -1.000000000000000000 ) ) ;
#6391 = EDGE_CURVE ( 'NONE', #7278, #3113, #8380, .T. ) ;
#6392 = CARTESIAN_POINT ( 'NONE',  ( -2.150499723603738200, 64.81250000136559208, 2.150499723603739533 ) ) ;
#6393 = CYLINDRICAL_SURFACE ( 'NONE', #3520, 6.000000000000000888 ) ;
#6394 = LINE ( 'NONE', #8533, #2546 ) ;
#6395 = CARTESIAN_POINT ( 'NONE',  ( 0.000000000000000000, 70.00000000000000000, 2.500000000000000000 ) ) ;
#6396 = FACE_OUTER_BOUND ( 'NONE', #6476, .T. ) ;
#6397 = CARTESIAN_POINT ( 'NONE',  ( 10.50000000000001421, 80.00000000000001421, 14.49999999999999467 ) ) ;
#6398 = CARTESIAN_POINT ( 'NONE',  ( -2.500000000000000000, 76.00000000000000000, 0.000000000000000000 ) ) ;
#6399 = EDGE_LOOP ( 'NONE', ( #3822, #5670, #9424, #9809 ) ) ;
#6400 = EDGE_LOOP ( 'NONE', ( #8161, #3134, #1591, #336 ) ) ;
#6401 = VERTEX_POINT ( 'NONE', #9368 ) ;
#6402 = VECTOR ( 'NONE', #1277, 1000.000000000000000 ) ;
#6403 = CARTESIAN_POINT ( 'NONE',  ( 1.259733572207478058, 75.37500000136562051, -3.041265874999999674 ) ) ;
#6404 = CARTESIAN_POINT ( 'NONE',  ( 0.6041766542499341641, 94.23817570982936331, 21.39999999999999858 ) ) ;
#6405 = CIRCLE ( 'NONE', #5918, 5.999999999999999112 ) ;
#6406 = LINE ( 'NONE', #9503, #7840 ) ;
#6407 = CARTESIAN_POINT ( 'NONE',  ( -1.530808498934191571E-16, 66.00000000273119838, -2.500000000000000000 ) ) ;
#6408 = ORIENTED_EDGE ( 'NONE', *, *, #5123, .F. ) ;
#6409 = CARTESIAN_POINT ( 'NONE',  ( 1.035533905932735310, 79.31250000000000000, 2.500000000000003553 ) ) ;
#6410 = DIRECTION ( 'NONE',  ( 0.9999870432906646789, -0.005090505946802457125, 0.000000000000000000 ) ) ;
#6411 = CARTESIAN_POINT ( 'NONE',  ( 5.586714778762236360E-16, 64.81250000136559208, 3.041265875000000118 ) ) ;
#6412 = LINE ( 'NONE', #8801, #7748 ) ;
#6413 = ORIENTED_EDGE ( 'NONE', *, *, #2230, .T. ) ;
#6414 = VERTEX_POINT ( 'NONE', #5701 ) ;
#6415 = VERTEX_POINT ( 'NONE', #99 ) ;
#6416 = DIRECTION ( 'NONE',  ( 0.1686327580348039867, -0.9856789502254653668, 1.323342308348631320E-16 ) ) ;
#6417 = CARTESIAN_POINT ( 'NONE',  ( 0.000000000000000000, 70.00000000000000000, 0.000000000000000000 ) ) ;
#6418 = CARTESIAN_POINT ( 'NONE',  ( 9.366286247806243637, 101.7083540987390364, -67.99999999999998579 ) ) ;
#6419 = ADVANCED_FACE ( 'NONE', ( #8808 ), #4073, .T. ) ;
#6420 = CARTESIAN_POINT ( 'NONE',  ( 4.592425496802573972E-16, 77.50000000273118417, 2.500000000000000000 ) ) ;
#6421 = CARTESIAN_POINT ( 'NONE',  ( 1.593170040337102160E-15, 83.55000000000002558, -1.067328804764031080E-28 ) ) ;
#6422 = DIRECTION ( 'NONE',  ( -0.8723421819008512212, 0.4888958147463141057, -3.473137494231631952E-16 ) ) ;
#6423 = EDGE_CURVE ( 'NONE', #5235, #8636, #3499, .T. ) ;
#6424 = EDGE_CURVE ( 'NONE', #1714, #6576, #205, .T. ) ;
#6425 = CARTESIAN_POINT ( 'NONE',  ( 2.150499723603738644, 69.31250000136560629, -2.150499723603739088 ) ) ;
#6426 = ORIENTED_EDGE ( 'NONE', *, *, #5367, .F. ) ;
#6427 = CARTESIAN_POINT ( 'NONE',  ( 1.767766952966368654, 69.87500000273119838, -1.767766952966369098 ) ) ;
#6428 = CARTESIAN_POINT ( 'NONE',  ( -2.150499723603738200, 67.68750000136560629, 2.150499723603739533 ) ) ;
#6429 = EDGE_CURVE ( 'NONE', #8134, #6595, #917, .T. ) ;
#6430 = CARTESIAN_POINT ( 'NONE',  ( -3.968626966596869643, 79.50000000000002842, -4.499999999999997335 ) ) ;
#6431 = CARTESIAN_POINT ( 'NONE',  ( 3.400058012914544666E-15, 78.90000000000001990, -2.277835863825673830E-28 ) ) ;
#6432 = CARTESIAN_POINT ( 'NONE',  ( -3.041265874999999230, 74.62500000136559208, 1.259733572207480057 ) ) ;
#6433 = EDGE_LOOP ( 'NONE', ( #7977, #9821 ) ) ;
#6434 = CARTESIAN_POINT ( 'NONE',  ( -3.041265874999999674, 75.50000000136560629, -1.259733572207478058 ) ) ;
#6435 = DIRECTION ( 'NONE',  ( -0.9606447433647388179, -0.2777799075629757142, 0.000000000000000000 ) ) ;
#6436 = CARTESIAN_POINT ( 'NONE',  ( -1.035533905932737753, 65.81250000000000000, -2.500000000000000444 ) ) ;
#6437 = CARTESIAN_POINT ( 'NONE',  ( 2.150499723603739533, 70.06250000136560629, 2.150499723603738644 ) ) ;
#6438 = ORIENTED_EDGE ( 'NONE', *, *, #448, .F. ) ;
#6439 = CARTESIAN_POINT ( 'NONE',  ( -0.5773502691921256202, 82.51000000000003354, -0.9999999999985553778 ) ) ;
#6440 = CARTESIAN_POINT ( 'NONE',  ( 1.259733572207478058, 65.37500000136559208, -3.041265874999999674 ) ) ;
#6441 = AXIS2_PLACEMENT_3D ( 'NONE', #7623, #8187, #9000 ) ;
#6442 = CARTESIAN_POINT ( 'NONE',  ( -1.732050807571371642, 82.51000000000003354, -0.9999999999956669106 ) ) ;
#6443 = CYLINDRICAL_SURFACE ( 'NONE', #9339, 6.000000000000000888 ) ;
#6444 = DIRECTION ( 'NONE',  ( 3.885780586188047891E-16, -1.065500303100115213E-16, -1.000000000000000000 ) ) ;
#6445 = DIRECTION ( 'NONE',  ( 2.771172519036345232E-16, -8.684692346097759303E-17, -1.000000000000000000 ) ) ;
#6446 = CARTESIAN_POINT ( 'NONE',  ( 1.035533905932737531, 77.68750000000001421, -2.500000000000000444 ) ) ;
#6447 = ORIENTED_EDGE ( 'NONE', *, *, #7296, .F. ) ;
#6448 = ORIENTED_EDGE ( 'NONE', *, *, #3803, .F. ) ;
#6449 = ORIENTED_EDGE ( 'NONE', *, *, #2036, .F. ) ;
#6450 = CARTESIAN_POINT ( 'NONE',  ( -1.862238259587412120E-16, 76.43750000136559208, -3.041265875000000118 ) ) ;
#6451 = FACE_OUTER_BOUND ( 'NONE', #5283, .T. ) ;
#6452 = CARTESIAN_POINT ( 'NONE',  ( 2.500000000000000444, 64.68750000273118417, 1.035533905932737309 ) ) ;
#6453 = VECTOR ( 'NONE', #2705, 1000.000000000000000 ) ;
#6454 = VERTEX_POINT ( 'NONE', #4840 ) ;
#6455 = CARTESIAN_POINT ( 'NONE',  ( 11.00000000000001421, 79.06250000000005684, -14.06250000000004796 ) ) ;
#6456 = DIRECTION ( 'NONE',  ( -0.9606447433647372636, -0.2777799075629806547, 0.000000000000000000 ) ) ;
#6457 = AXIS2_PLACEMENT_3D ( 'NONE', #831, #3160, #2257 ) ;
#6458 = ADVANCED_FACE ( 'NONE', ( #1735 ), #6371, .T. ) ;
#6459 = CARTESIAN_POINT ( 'NONE',  ( 2.150499723603739533, 66.93750000136559208, 2.150499723603738644 ) ) ;
#6460 = CARTESIAN_POINT ( 'NONE',  ( 0.000000000000000000, 70.00000000000000000, 0.000000000000000000 ) ) ;
#6461 = ORIENTED_EDGE ( 'NONE', *, *, #2988, .F. ) ;
#6462 = ORIENTED_EDGE ( 'NONE', *, *, #6730, .T. ) ;
#6463 = ORIENTED_EDGE ( 'NONE', *, *, #7494, .F. ) ;
#6464 = CARTESIAN_POINT ( 'NONE',  ( 1.561251128379126385E-14, 99.00000000000001421, -19.99999999999999645 ) ) ;
#6465 = AXIS2_PLACEMENT_3D ( 'NONE', #4420, #6718, #554 ) ;
#6466 = CARTESIAN_POINT ( 'NONE',  ( 0.000000000000000000, 70.00000000000000000, 2.500000000000000000 ) ) ;
#6467 = ADVANCED_FACE ( 'NONE', ( #9469, #5650 ), #2491, .F. ) ;
#6468 = DIRECTION ( 'NONE',  ( 5.551115123125783935E-17, -6.662983475941639612E-17, -1.000000000000000000 ) ) ;
#6469 = DIRECTION ( 'NONE',  ( -2.771172519036345232E-16, 8.684692346097759303E-17, 1.000000000000000000 ) ) ;
#6470 = FACE_OUTER_BOUND ( 'NONE', #8091, .T. ) ;
#6471 = CARTESIAN_POINT ( 'NONE',  ( 0.000000000000000000, 70.00000000000000000, 0.000000000000000000 ) ) ;
#6472 = AXIS2_PLACEMENT_3D ( 'NONE', #4470, #3700, #9916 ) ;
#6473 = AXIS2_PLACEMENT_3D ( 'NONE', #47, #3809, #3143 ) ;
#6474 = VECTOR ( 'NONE', #285, 1000.000000000000000 ) ;
#6475 = CARTESIAN_POINT ( 'NONE',  ( -2.150499723603738200, 67.81250000136560629, 2.150499723603739533 ) ) ;
#6476 = EDGE_LOOP ( 'NONE', ( #5284, #1218, #808, #7724 ) ) ;
#6477 = CARTESIAN_POINT ( 'NONE',  ( 3.718748950968529777E-14, 99.00000000000001421, -20.00000000000000000 ) ) ;
#6478 = EDGE_CURVE ( 'NONE', #6708, #5359, #5192, .T. ) ;
#6479 = CARTESIAN_POINT ( 'NONE',  ( 3.041265875000001007, 69.00000000136559208, 1.259733572207477836 ) ) ;
#6480 = CARTESIAN_POINT ( 'NONE',  ( 1.985792177107727192E-14, 99.00000000000002842, 20.29999999999999716 ) ) ;
#6481 = EDGE_CURVE ( 'NONE', #10064, #2740, #4415, .T. ) ;
#6482 = CARTESIAN_POINT ( 'NONE',  ( -3.041265875000000118, 74.56250000136559208, 0.000000000000000000 ) ) ;
#6483 = ORIENTED_EDGE ( 'NONE', *, *, #9414, .T. ) ;
#6484 = CARTESIAN_POINT ( 'NONE',  ( -2.150499723603738200, 78.68750000136559208, 2.150499723603739533 ) ) ;
#6485 = DIRECTION ( 'NONE',  ( 1.000000000000000000, 9.398538128609710963E-32, 0.000000000000000000 ) ) ;
#6486 = ADVANCED_FACE ( 'NONE', ( #7480 ), #9055, .F. ) ;
#6487 = CARTESIAN_POINT ( 'NONE',  ( -2.500000000000000000, 65.06250000000000000, 1.035533905932739307 ) ) ;
#6488 = CARTESIAN_POINT ( 'NONE',  ( -3.041265875000000118, 72.68750000136559208, 0.000000000000000000 ) ) ;
#6489 = EDGE_CURVE ( 'NONE', #8441, #3339, #3601, .T. ) ;
#6490 = ORIENTED_EDGE ( 'NONE', *, *, #9497, .T. ) ;
#6491 = CARTESIAN_POINT ( 'NONE',  ( -1.259733572207478058, 76.50000000136560629, -3.041265875000000563 ) ) ;
#6492 = CARTESIAN_POINT ( 'NONE',  ( -2.150499723603739088, 79.43750000136559208, -2.150499723603739088 ) ) ;
#6493 = DIRECTION ( 'NONE',  ( 3.885780586188047398E-16, -1.000000000000000000, -2.603240987229321021E-29 ) ) ;
#6494 = CARTESIAN_POINT ( 'NONE',  ( 2.487000723523298706, 104.4602955415613366, -12.50000000000001066 ) ) ;
#6495 = CARTESIAN_POINT ( 'NONE',  ( 4.144650863863736490, 96.57887026025579758, -21.40000000000000213 ) ) ;
#6496 = DIRECTION ( 'NONE',  ( -2.771172519036345232E-16, 8.684692346097759303E-17, 1.000000000000000000 ) ) ;
#6497 = CARTESIAN_POINT ( 'NONE',  ( -2.500000000000000000, 79.00000000000000000, 0.000000000000000000 ) ) ;
#6498 = ORIENTED_EDGE ( 'NONE', *, *, #3670, .F. ) ;
#6499 = VERTEX_POINT ( 'NONE', #8858 ) ;
#6500 = CARTESIAN_POINT ( 'NONE',  ( 9.750000000000015987, 99.00000000000001421, -19.99999999999999645 ) ) ;
#6501 = CARTESIAN_POINT ( 'NONE',  ( -1.259733572207478502, 75.87500000136560629, 3.041265874999999230 ) ) ;
#6502 = PERSON_AND_ORGANIZATION ( #9327, #1153 ) ;
#6503 = CARTESIAN_POINT ( 'NONE',  ( 0.000000000000000000, 80.00000000000000000, 0.000000000000000000 ) ) ;
#6504 = CARTESIAN_POINT ( 'NONE',  ( 2.086664174782984274E-15, 82.28000000000002956, -1.397940410142157101E-28 ) ) ;
#6505 = VERTEX_POINT ( 'NONE', #504 ) ;
#6506 = FACE_OUTER_BOUND ( 'NONE', #3394, .T. ) ;
#6507 = CARTESIAN_POINT ( 'NONE',  ( -3.041265875000000118, 79.56250000136559208, 0.000000000000000000 ) ) ;
#6508 = AXIS2_PLACEMENT_3D ( 'NONE', #301, #1169, #2641 ) ;
#6509 = CARTESIAN_POINT ( 'NONE',  ( -3.041265874999999674, 66.50000000136559208, -1.259733572207478058 ) ) ;
#6510 = CARTESIAN_POINT ( 'NONE',  ( 0.5773502691871282844, 82.51000000000003354, -1.000000000001444178 ) ) ;
#6511 = ORIENTED_EDGE ( 'NONE', *, *, #3045, .F. ) ;
#6512 = ORIENTED_EDGE ( 'NONE', *, *, #4181, .F. ) ;
#6513 = ORIENTED_EDGE ( 'NONE', *, *, #5461, .T. ) ;
#6514 = FACE_OUTER_BOUND ( 'NONE', #7822, .T. ) ;
#6515 = AXIS2_PLACEMENT_3D ( 'NONE', #3288, #4, #3005 ) ;
#6516 = ADVANCED_FACE ( 'NONE', ( #6717 ), #407, .F. ) ;
#6517 = DIRECTION ( 'NONE',  ( 3.885780586188047891E-16, -1.065500303100115213E-16, -1.000000000000000000 ) ) ;
#6518 = DIRECTION ( 'NONE',  ( -3.885780586188047891E-16, 1.065500303100115213E-16, 1.000000000000000000 ) ) ;
#6519 = ORIENTED_EDGE ( 'NONE', *, *, #8044, .F. ) ;
#6520 = FACE_OUTER_BOUND ( 'NONE', #5835, .T. ) ;
#6521 = CARTESIAN_POINT ( 'NONE',  ( -3.041265875000000118, 64.68750000136559208, 0.000000000000000000 ) ) ;
#6522 = CARTESIAN_POINT ( 'NONE',  ( -1.530808498934191571E-16, 76.75000000000000000, -2.500000000000000000 ) ) ;
#6523 = CARTESIAN_POINT ( 'NONE',  ( -3.041265874999999674, 66.62500000136559208, -1.259733572207478058 ) ) ;
#6524 = ORIENTED_EDGE ( 'NONE', *, *, #6801, .T. ) ;
#6525 = DIRECTION ( 'NONE',  ( 4.632792164159807407E-48, 2.991526032573997414E-17, 1.000000000000000000 ) ) ;
#6526 = CARTESIAN_POINT ( 'NONE',  ( -1.259733572207478058, 69.37500000136559208, -3.041265874999999674 ) ) ;
#6527 = CYLINDRICAL_SURFACE ( 'NONE', #2068, 2.500000000000000000 ) ;
#6528 = VERTEX_POINT ( 'NONE', #2077 ) ;
#6529 = VECTOR ( 'NONE', #9167, 1000.000000000000000 ) ;
#6530 = CARTESIAN_POINT ( 'NONE',  ( -1.259733572207478725, 72.75000000136557787, 3.041265874999999230 ) ) ;
#6531 = EDGE_LOOP ( 'NONE', ( #9400, #7261, #9408, #8932 ) ) ;
#6532 = CARTESIAN_POINT ( 'NONE',  ( 3.968626966596887851, 76.25000000000000000, -4.500000000000000000 ) ) ;
#6533 = AXIS2_PLACEMENT_3D ( 'NONE', #9418, #3350, #6270 ) ;
#6534 = CARTESIAN_POINT ( 'NONE',  ( -3.041265874999999674, 79.62500000136560629, -1.259733572207478058 ) ) ;
#6535 = CARTESIAN_POINT ( 'NONE',  ( -3.041265875000000118, 71.68750000136559208, 0.000000000000000000 ) ) ;
#6536 = ORIENTED_EDGE ( 'NONE', *, *, #3489, .F. ) ;
#6537 = AXIS2_PLACEMENT_3D ( 'NONE', #2517, #5022, #4201 ) ;
#6538 = CARTESIAN_POINT ( 'NONE',  ( 1.259733572207479835, 77.00000000136560629, 3.041265874999999230 ) ) ;
#6539 = CARTESIAN_POINT ( 'NONE',  ( -1.259733572207478502, 77.75000000136560629, 3.041265874999999230 ) ) ;
#6540 = VECTOR ( 'NONE', #6189, 1000.000000000000114 ) ;
#6541 = CARTESIAN_POINT ( 'NONE',  ( 4.525188618851156039E-08, 70.00000000000001421, -2.499999999999999556 ) ) ;
#6542 = DIRECTION ( 'NONE',  ( -1.665334536937734071E-16, 4.229157726022815470E-17, 1.000000000000000000 ) ) ;
#6543 = ADVANCED_FACE ( 'NONE', ( #3504 ), #9726, .F. ) ;
#6544 = CARTESIAN_POINT ( 'NONE',  ( -3.041265875000000118, 79.68750000136559208, 0.000000000000000000 ) ) ;
#6545 = CARTESIAN_POINT ( 'NONE',  ( 0.000000000000000000, 70.00000000000000000, 2.500000000000000000 ) ) ;
#6546 = EDGE_CURVE ( 'NONE', #9003, #10063, #5141, .T. ) ;
#6547 = CARTESIAN_POINT ( 'NONE',  ( 1.767766952966369320, 79.37500000000000000, 1.767766952966368654 ) ) ;
#6548 = ORIENTED_EDGE ( 'NONE', *, *, #7206, .T. ) ;
#6549 = ORIENTED_EDGE ( 'NONE', *, *, #6772, .F. ) ;
#6550 = EDGE_CURVE ( 'NONE', #4067, #1456, #4746, .T. ) ;
#6551 = CYLINDRICAL_SURFACE ( 'NONE', #2892, 3.049999999999998934 ) ;
#6552 = CARTESIAN_POINT ( 'NONE',  ( -1.259733572207478502, 76.87500000136559208, 3.041265874999999230 ) ) ;
#6553 = CC_DESIGN_PERSON_AND_ORGANIZATION_ASSIGNMENT ( #9759, #1968, ( #7819 ) ) ;
#6554 = DIRECTION ( 'NONE',  ( 0.000000000000000000, 0.000000000000000000, 1.000000000000000000 ) ) ;
#6555 = CARTESIAN_POINT ( 'NONE',  ( 4.592425496802573972E-16, 64.50000000273119838, 2.500000000000000000 ) ) ;
#6556 = ORIENTED_EDGE ( 'NONE', *, *, #6478, .T. ) ;
#6557 = DIRECTION ( 'NONE',  ( 0.2538986404964933552, -0.9672308309571363560, 1.543607154616892778E-16 ) ) ;
#6558 = PLANE ( 'NONE',  #2339 ) ;
#6559 = CARTESIAN_POINT ( 'NONE',  ( -9.749999999999984013, 99.00000000000001421, 20.00000000000000355 ) ) ;
#6560 = VERTEX_POINT ( 'NONE', #5902 ) ;
#6561 = ORIENTED_EDGE ( 'NONE', *, *, #2505, .F. ) ;
#6562 = VECTOR ( 'NONE', #8849, 1000.000000000000000 ) ;
#6563 = DIRECTION ( 'NONE',  ( -0.9606447433647389289, -0.2777799075629749925, 0.000000000000000000 ) ) ;
#6564 = CARTESIAN_POINT ( 'NONE',  ( -2.500000000000000000, 69.25000000273119838, 0.000000000000000000 ) ) ;
#6565 = DIRECTION ( 'NONE',  ( 0.000000000000000000, 0.000000000000000000, 1.000000000000000000 ) ) ;
#6566 = ORIENTED_EDGE ( 'NONE', *, *, #3674, .F. ) ;
#6567 = DIRECTION ( 'NONE',  ( 3.885780586188047891E-16, -1.065500303100115213E-16, -1.000000000000000000 ) ) ;
#6568 = CARTESIAN_POINT ( 'NONE',  ( 4.592425496802573972E-16, 72.50000000273118417, 2.500000000000000000 ) ) ;
#6569 = CARTESIAN_POINT ( 'NONE',  ( 3.718748950968529777E-14, 99.00000000000001421, -20.00000000000000000 ) ) ;
#6570 = VECTOR ( 'NONE', #6263, 1000.000000000000000 ) ;
#6571 = CARTESIAN_POINT ( 'NONE',  ( 3.041265874999999674, 65.25000000136559208, -1.259733572207478280 ) ) ;
#6572 = ORIENTED_EDGE ( 'NONE', *, *, #2463, .T. ) ;
#6573 = CARTESIAN_POINT ( 'NONE',  ( -1.530808498934191571E-16, 71.75000000000001421, -2.500000000000000000 ) ) ;
#6574 = CARTESIAN_POINT ( 'NONE',  ( -3.041265875000000118, 64.56250000136559208, 0.000000000000000000 ) ) ;
#6575 = SPHERICAL_SURFACE ( 'NONE', #1748, 3.351416843938793466 ) ;
#6576 = VERTEX_POINT ( 'NONE', #9673 ) ;
#6577 = DIRECTION ( 'NONE',  ( 0.4888958147463142723, 0.8723421819008511102, 0.000000000000000000 ) ) ;
#6578 = CARTESIAN_POINT ( 'NONE',  ( -2.150499723603739088, 70.43750000136560629, -2.150499723603739088 ) ) ;
#6579 = ORIENTED_EDGE ( 'NONE', *, *, #6370, .T. ) ;
#6580 = AXIS2_PLACEMENT_3D ( 'NONE', #8613, #2496, #5602 ) ;
#6581 = ADVANCED_FACE ( 'NONE', ( #5752, #7434 ), #3399, .F. ) ;
#6582 = DIRECTION ( 'NONE',  ( -1.000000000000000000, -9.398538128609710963E-32, -0.000000000000000000 ) ) ;
#6583 = ORIENTED_EDGE ( 'NONE', *, *, #9287, .T. ) ;
#6584 = CARTESIAN_POINT ( 'NONE',  ( 1.259733572207479835, 75.00000000136559208, 3.041265874999999230 ) ) ;
#6585 = CARTESIAN_POINT ( 'NONE',  ( 3.041265875000000118, 71.18750000136559208, -3.724476519174824240E-16 ) ) ;
#6586 = ORIENTED_EDGE ( 'NONE', *, *, #6904, .T. ) ;
#6587 = CARTESIAN_POINT ( 'NONE',  ( -1.862238259587412120E-16, 79.43750000136559208, -3.041265875000000118 ) ) ;
#6588 = CARTESIAN_POINT ( 'NONE',  ( 3.041265875000001007, 66.12500000136559208, 1.259733572207477836 ) ) ;
#6589 = CARTESIAN_POINT ( 'NONE',  ( 1.078290342038119526E-14, 99.00000000000001421, 20.00000000000001066 ) ) ;
#6590 = EDGE_CURVE ( 'NONE', #7677, #3453, #9819, .T. ) ;
#6591 = CARTESIAN_POINT ( 'NONE',  ( 2.500000000000000444, 74.43750000000001421, 1.035533905932737309 ) ) ;
#6592 = CARTESIAN_POINT ( 'NONE',  ( 11.00000000000001421, 79.25000000000002842, 19.99999999999999289 ) ) ;
#6593 = DIRECTION ( 'NONE',  ( 3.885780586188047891E-16, -1.065500303100115213E-16, -1.000000000000000000 ) ) ;
#6594 = CARTESIAN_POINT ( 'NONE',  ( -1.767766952966369098, 72.87500000000000000, -1.767766952966369098 ) ) ;
#6595 = VERTEX_POINT ( 'NONE', #4226 ) ;
#6596 = VERTEX_POINT ( 'NONE', #7330 ) ;
#6597 = AXIS2_PLACEMENT_3D ( 'NONE', #5813, #2806, #9735 ) ;
#6598 = DIRECTION ( 'NONE',  ( 8.011868568650901149E-32, -1.000000000000000000, -8.573297140604716138E-17 ) ) ;
#6599 = CARTESIAN_POINT ( 'NONE',  ( 2.150499723603738644, 76.31250000136559208, -2.150499723603739088 ) ) ;
#6600 = DIRECTION ( 'NONE',  ( 0.000000000000000000, -8.773937619163356039E-17, -1.000000000000000000 ) ) ;
#6601 = ADVANCED_FACE ( 'NONE', ( #7282 ), #6047, .F. ) ;
#6602 = DIRECTION ( 'NONE',  ( 0.000000000000000000, 1.000000000000000000, 0.000000000000000000 ) ) ;
#6603 = DIRECTION ( 'NONE',  ( 0.1786590974811276267, 0.9839110360633368524, -3.594012831985014105E-17 ) ) ;
#6604 = ORIENTED_EDGE ( 'NONE', *, *, #4235, .F. ) ;
#6605 = CARTESIAN_POINT ( 'NONE',  ( 3.717638727943904999E-14, 99.00000000000001421, -19.79999999999999716 ) ) ;
#6606 = EDGE_CURVE ( 'NONE', #4820, #5078, #2795, .T. ) ;
#6607 = CARTESIAN_POINT ( 'NONE',  ( -2.718191992680865532, 105.3201768785966834, -20.30000000000000071 ) ) ;
#6608 = AXIS2_PLACEMENT_3D ( 'NONE', #5591, #7225, #9562 ) ;
#6609 = CARTESIAN_POINT ( 'NONE',  ( 0.5773502691871279513, 83.55000000000002558, -1.000000000001444178 ) ) ;
#6610 = ORIENTED_EDGE ( 'NONE', *, *, #8157, .F. ) ;
#6611 = AXIS2_PLACEMENT_3D ( 'NONE', #9047, #8337, #1359 ) ;
#6612 = ADVANCED_FACE ( 'NONE', ( #6617 ), #4374, .T. ) ;
#6613 = ORIENTED_EDGE ( 'NONE', *, *, #5256, .T. ) ;
#6614 = FACE_OUTER_BOUND ( 'NONE', #5759, .T. ) ;
#6615 = VECTOR ( 'NONE', #3174, 1000.000000000000000 ) ;
#6616 = DIRECTION ( 'NONE',  ( 2.501589552824417682E-12, 0.000000000000000000, 1.000000000000000000 ) ) ;
#6617 = FACE_OUTER_BOUND ( 'NONE', #9264, .T. ) ;
#6618 = DIRECTION ( 'NONE',  ( 0.7071067811865481278, -0.7071067811865469066, 1.029289323270714941E-16 ) ) ;
#6619 = ORIENTED_EDGE ( 'NONE', *, *, #6334, .F. ) ;
#6620 = DIRECTION ( 'NONE',  ( 0.000000000000000000, -8.773937619163356039E-17, -1.000000000000000000 ) ) ;
#6621 = LINE ( 'NONE', #4995, #878 ) ;
#6622 = VECTOR ( 'NONE', #8972, 1000.000000000000000 ) ;
#6623 = CARTESIAN_POINT ( 'NONE',  ( 1.259733572207478058, 66.37500000136559208, -3.041265874999999674 ) ) ;
#6624 = ORIENTED_EDGE ( 'NONE', *, *, #4908, .T. ) ;
#6625 = AXIS2_PLACEMENT_3D ( 'NONE', #8672, #2559, #8013 ) ;
#6626 = FACE_OUTER_BOUND ( 'NONE', #8038, .T. ) ;
#6627 =( BOUNDED_CURVE ( )  B_SPLINE_CURVE ( 2, ( #2896, #5195, #4994, #2695, #5804, #10016, #1425, #6058, #6215 ),
 .UNSPECIFIED., .F., .T. ) 
 B_SPLINE_CURVE_WITH_KNOTS ( ( 3, 2, 2, 2, 3 ),
 ( 0.1500000000000001055, 0.1583333333333334370, 0.1666666666666667962, 0.1750000000000001554, 0.1833333333333334869 ),
 .UNSPECIFIED. ) 
 CURVE ( )  GEOMETRIC_REPRESENTATION_ITEM ( )  RATIONAL_B_SPLINE_CURVE ( ( 0.9999999999999990008, 0.9238795325112877377, 1.000000000000000000, 0.9238795325112867385, 1.000000000000000000, 0.9238795325112867385, 1.000000000000000000, 0.9238795325112851842, 1.000000000000001554 ) ) 
 REPRESENTATION_ITEM ( '' )  );
#6628 = FACE_OUTER_BOUND ( 'NONE', #2438, .T. ) ;
#6629 = CARTESIAN_POINT ( 'NONE',  ( 1.767766952966369320, 68.37500000000000000, 1.767766952966368654 ) ) ;
#6630 = DIRECTION ( 'NONE',  ( -1.665334536937734071E-16, 4.229157726022815470E-17, 1.000000000000000000 ) ) ;
#6631 = VECTOR ( 'NONE', #9822, 1000.000000000000000 ) ;
#6632 = CARTESIAN_POINT ( 'NONE',  ( 3.041265875000001007, 69.00000000136559208, 1.259733572207477836 ) ) ;
#6633 = VERTEX_POINT ( 'NONE', #5044 ) ;
#6634 = CIRCLE ( 'NONE', #5173, 0.2000000000000300704 ) ;
#6635 = VECTOR ( 'NONE', #6844, 1000.000000000000000 ) ;
#6636 = VERTEX_POINT ( 'NONE', #8146 ) ;
#6637 = CARTESIAN_POINT ( 'NONE',  ( 3.041265875000001007, 76.12500000136559208, 1.259733572207477836 ) ) ;
#6638 = CARTESIAN_POINT ( 'NONE',  ( 2.150499723603739533, 69.06250000136560629, 2.150499723603738644 ) ) ;
#6639 = VERTEX_POINT ( 'NONE', #4278 ) ;
#6640 = CIRCLE ( 'NONE', #1438, 6.000000000000000888 ) ;
#6641 = CARTESIAN_POINT ( 'NONE',  ( -3.041265875000000118, 79.68750000136559208, 0.000000000000000000 ) ) ;
#6642 = CARTESIAN_POINT ( 'NONE',  ( -3.041265874999999674, 73.50000000136560629, -1.259733572207478058 ) ) ;
#6643 = DIRECTION ( 'NONE',  ( 0.9256659661250524751, 0.3783418020226861356, 0.000000000000000000 ) ) ;
#6644 = EDGE_CURVE ( 'NONE', #7251, #9204, #7517, .T. ) ;
#6645 = CARTESIAN_POINT ( 'NONE',  ( -2.500000000000000000, 75.00000000000000000, 0.000000000000000000 ) ) ;
#6646 = CARTESIAN_POINT ( 'NONE',  ( 0.4786004839550999090, 81.90000000000003411, 6.081195735770887900 ) ) ;
#6647 = DIRECTION ( 'NONE',  ( -1.000000000000000000, -6.217180834982712181E-32, 2.185546148047696501E-16 ) ) ;
#6648 = CLOSED_SHELL ( 'NONE', ( #6601, #7849, #9518, #10070, #824, #9666, #2073, #4615, #6862, #200, #9140, #7164, #204, #6581, #3256, #7291, #4582, #6042, #9151, #4371, #4100, #3007, #9226, #600, #5551, #5116, #5807, #6917, #10025, #3409, #6048, #2499, #7476, #3825, #6612, #2687, #5730, #5606, #7299, #5062, #7665, #1880, #8037, #184, #9720, #6763, #7640, #4145, #663, #3176, #1065, #8412, #8825, #3285, #4813, #5544, #4398, #9353, #9648, #4166, #7516 ) ) ;
#6649 = CARTESIAN_POINT ( 'NONE',  ( -1.035533905932737753, 72.81250000000000000, -2.500000000000000444 ) ) ;
#6650 = ORIENTED_EDGE ( 'NONE', *, *, #9658, .T. ) ;
#6651 = ORIENTED_EDGE ( 'NONE', *, *, #3482, .T. ) ;
#6652 = FACE_OUTER_BOUND ( 'NONE', #8518, .T. ) ;
#6653 = CARTESIAN_POINT ( 'NONE',  ( -2.150499723603738200, 70.81250000136560629, 2.150499723603739533 ) ) ;
#6654 = PERSON_AND_ORGANIZATION ( #9327, #1153 ) ;
#6655 = DIRECTION ( 'NONE',  ( 2.501589552824417682E-12, 0.000000000000000000, 1.000000000000000000 ) ) ;
#6656 = CARTESIAN_POINT ( 'NONE',  ( -6.905246666404282863, 92.18150051655125310, -21.40000000000000213 ) ) ;
#6657 = ORIENTED_EDGE ( 'NONE', *, *, #1081, .F. ) ;
#6658 = CARTESIAN_POINT ( 'NONE',  ( -3.968626966596869643, 79.50000000000002842, 4.500000000000003553 ) ) ;
#6659 = CARTESIAN_POINT ( 'NONE',  ( 1.502675769036313010E-14, 98.99999999999998579, -20.30000000000001137 ) ) ;
#6660 = EDGE_CURVE ( 'NONE', #6454, #701, #5888, .T. ) ;
#6661 = CARTESIAN_POINT ( 'NONE',  ( -10.49999999999998401, 80.00000000000001421, -14.50000000000000355 ) ) ;
#6662 = VERTEX_POINT ( 'NONE', #2991 ) ;
#6663 = EDGE_CURVE ( 'NONE', #7337, #4233, #9912, .T. ) ;
#6664 = ORIENTED_EDGE ( 'NONE', *, *, #5960, .T. ) ;
#6665 = CARTESIAN_POINT ( 'NONE',  ( 3.211632350503328181E-14, 99.00000000000000000, -21.40000000000000213 ) ) ;
#6666 = CARTESIAN_POINT ( 'NONE',  ( -6.143273330438597911E-16, 98.99999999999998579, 22.49999999999998579 ) ) ;
#6667 = CARTESIAN_POINT ( 'NONE',  ( -7.127588031171488725E-12, 83.55000000000002558, -2.849999999999996980 ) ) ;
#6668 = CARTESIAN_POINT ( 'NONE',  ( 0.000000000000000000, 70.00000000000000000, 2.500000000000000000 ) ) ;
#6669 = VECTOR ( 'NONE', #517, 1000.000000000000000 ) ;
#6670 = EDGE_LOOP ( 'NONE', ( #171, #390, #6884, #5781, #7332, #5446, #515, #2195, #8467, #2728, #1770, #215, #7783, #2170, #7779, #3322, #7241, #5441, #1723, #5382, #1105, #7920, #7454, #160, #6413, #3964, #2654, #6758, #2176, #3692, #7663, #7800, #8505, #4604 ) ) ;
#6671 = CARTESIAN_POINT ( 'NONE',  ( 3.400058012914544666E-15, 78.90000000000001990, -2.277835863825673830E-28 ) ) ;
#6672 = CARTESIAN_POINT ( 'NONE',  ( 2.933374888477893627, 104.2340530914051016, -12.50000000000001243 ) ) ;
#6673 = ADVANCED_FACE ( 'NONE', ( #2939 ), #706, .F. ) ;
#6674 = CARTESIAN_POINT ( 'NONE',  ( 2.150499723603739533, 75.93750000136559208, 2.150499723603738644 ) ) ;
#6675 = APPLICATION_CONTEXT ( 'configuration controlled 3d designs of mechanical parts and assemblies' ) ;
#6676 = EDGE_CURVE ( 'NONE', #2587, #738, #7192, .T. ) ;
#6677 = AXIS2_PLACEMENT_3D ( 'NONE', #8806, #2588, #6563 ) ;
#6678 = EDGE_LOOP ( 'NONE', ( #4540, #7411, #1363, #7451 ) ) ;
#6679 = EDGE_CURVE ( 'NONE', #7527, #437, #2799, .T. ) ;
#6680 = CARTESIAN_POINT ( 'NONE',  ( 2.500000000000000000, 71.50000000000001421, -3.061616997868383141E-16 ) ) ;
#6681 = CARTESIAN_POINT ( 'NONE',  ( 4.443196637400277815, 100.8160406497089099, 21.39999999999999858 ) ) ;
#6682 = CARTESIAN_POINT ( 'NONE',  ( 3.968626966596900729, 79.50000000000002842, -4.499999999999997335 ) ) ;
#6683 = DIRECTION ( 'NONE',  ( -0.000000000000000000, -1.000000000000000000, -0.000000000000000000 ) ) ;
#6684 = CARTESIAN_POINT ( 'NONE',  ( 2.500000000000000444, 77.68750000273119838, 1.035533905932737309 ) ) ;
#6685 = CARTESIAN_POINT ( 'NONE',  ( -3.041265875000000563, 72.50000000136559208, -1.259733572207478058 ) ) ;
#6686 = VECTOR ( 'NONE', #3184, 1000.000000000000000 ) ;
#6687 = ORIENTED_EDGE ( 'NONE', *, *, #3668, .T. ) ;
#6688 = ORIENTED_EDGE ( 'NONE', *, *, #8909, .T. ) ;
#6689 = CIRCLE ( 'NONE', #6207, 0.2000000000000358713 ) ;
#6690 = CARTESIAN_POINT ( 'NONE',  ( 5.586714778762236360E-16, 77.93750000136559208, 3.041265875000000118 ) ) ;
#6691 = CARTESIAN_POINT ( 'NONE',  ( -3.041265875000000563, 65.62500000136559208, -1.259733572207478058 ) ) ;
#6692 = VERTEX_POINT ( 'NONE', #5345 ) ;
#6693 = AXIS2_PLACEMENT_3D ( 'NONE', #3658, #6877, #6068 ) ;
#6694 = CARTESIAN_POINT ( 'NONE',  ( 3.041265875000000118, 76.06250000136559208, -3.724476519174824240E-16 ) ) ;
#6695 = DIRECTION ( 'NONE',  ( 0.9634848649536336129, 0.2677627961559977954, 0.000000000000000000 ) ) ;
#6696 = CARTESIAN_POINT ( 'NONE',  ( -1.530808498934191571E-16, 79.75000000000000000, -2.500000000000000000 ) ) ;
#6697 = DIRECTION ( 'NONE',  ( -0.4888958147463141057, -0.8723421819008512212, 0.000000000000000000 ) ) ;
#6698 = AXIS2_PLACEMENT_3D ( 'NONE', #6245, #7205, #7911 ) ;
#6699 = CARTESIAN_POINT ( 'NONE',  ( -2.500000000000000000, 74.00000000000000000, 0.000000000000000000 ) ) ;
#6700 = EDGE_CURVE ( 'NONE', #6662, #3959, #9256, .T. ) ;
#6701 = EDGE_LOOP ( 'NONE', ( #9173, #1832, #1690, #1067 ) ) ;
#6702 = ORIENTED_EDGE ( 'NONE', *, *, #956, .F. ) ;
#6703 = DIRECTION ( 'NONE',  ( 0.000000000000000000, 1.000000000000000000, 0.000000000000000000 ) ) ;
#6704 = CARTESIAN_POINT ( 'NONE',  ( -2.150499723603739088, 70.56250000136560629, -2.150499723603739088 ) ) ;
#6705 = PLANE ( 'NONE',  #1740 ) ;
#6706 = CARTESIAN_POINT ( 'NONE',  ( -1.767766952966369098, 78.12500000273118417, -1.767766952966369098 ) ) ;
#6707 =( BOUNDED_CURVE ( )  B_SPLINE_CURVE ( 2, ( #4588, #7694, #10031, #721, #3816, #3056, #6226, #7743, #773 ),
 .UNSPECIFIED., .F., .F. ) 
 B_SPLINE_CURVE_WITH_KNOTS ( ( 3, 2, 2, 2, 3 ),
 ( 0.7833333333333331039, 0.7916666666666664076, 0.7999999999999998224, 0.8083333333333331261, 0.8166666666666664298 ),
 .UNSPECIFIED. ) 
 CURVE ( )  GEOMETRIC_REPRESENTATION_ITEM ( )  RATIONAL_B_SPLINE_CURVE ( ( 1.000000000000001998, 0.9238795325112847401, 1.000000000000000000, 0.9238795325112867385, 1.000000000000000000, 0.9238795325112867385, 1.000000000000000000, 0.9238795325112887369, 0.9999999999999980016 ) ) 
 REPRESENTATION_ITEM ( '' )  );
#6708 = VERTEX_POINT ( 'NONE', #2893 ) ;
#6709 = DIRECTION ( 'NONE',  ( -1.000000000000000000, -0.000000000000000000, -0.000000000000000000 ) ) ;
#6710 = DIRECTION ( 'NONE',  ( -8.011868568650901149E-32, 1.000000000000000000, -8.773937619163357272E-17 ) ) ;
#6711 = CIRCLE ( 'NONE', #7176, 3.049999999999998934 ) ;
#6712 = LINE ( 'NONE', #7525, #3999 ) ;
#6713 = ADVANCED_FACE ( 'NONE', ( #3088 ), #553, .T. ) ;
#6714 = ORIENTED_EDGE ( 'NONE', *, *, #5600, .T. ) ;
#6715 = ORIENTED_EDGE ( 'NONE', *, *, #3585, .T. ) ;
#6716 = DIRECTION ( 'NONE',  ( -1.000000000000000000, -6.217180834982712181E-32, 2.185546148047696501E-16 ) ) ;
#6717 = FACE_OUTER_BOUND ( 'NONE', #2574, .T. ) ;
#6718 = DIRECTION ( 'NONE',  ( -2.499336080926311959E-12, -9.451547522899848441E-28, -1.000000000000000000 ) ) ;
#6719 = EDGE_LOOP ( 'NONE', ( #5270, #1730, #8528, #4885 ) ) ;
#6720 = EDGE_CURVE ( 'NONE', #8184, #6639, #4096, .T. ) ;
#6721 = CARTESIAN_POINT ( 'NONE',  ( 1.035533905932749743, 65.31250000000001421, 2.499999999999989342 ) ) ;
#6722 = LINE ( 'NONE', #2595, #5580 ) ;
#6723 = CARTESIAN_POINT ( 'NONE',  ( -2.150499723603739088, 72.43750000136559208, -2.150499723603739088 ) ) ;
#6724 = ORIENTED_EDGE ( 'NONE', *, *, #5063, .T. ) ;
#6725 = DIRECTION ( 'NONE',  ( 5.551115123125783935E-17, -6.662983475941639612E-17, -1.000000000000000000 ) ) ;
#6726 = CARTESIAN_POINT ( 'NONE',  ( 3.181149452793928046E-14, 99.00000000000000000, -20.30000000000000071 ) ) ;
#6727 = CARTESIAN_POINT ( 'NONE',  ( -10.99999999999998401, 99.00000000000001421, -19.50000000000000000 ) ) ;
#6728 = CYLINDRICAL_SURFACE ( 'NONE', #3037, 9.000000000000000000 ) ;
#6729 = FACE_OUTER_BOUND ( 'NONE', #2198, .T. ) ;
#6730 = EDGE_CURVE ( 'NONE', #7074, #4318, #4754, .T. ) ;
#6731 = CARTESIAN_POINT ( 'NONE',  ( 2.500000000000000444, 76.68750000273119838, 1.035533905932737309 ) ) ;
#6732 = AXIS2_PLACEMENT_3D ( 'NONE', #6659, #2021, #2786 ) ;
#6733 = CARTESIAN_POINT ( 'NONE',  ( -3.041265875000000118, 70.56250000136560629, 0.000000000000000000 ) ) ;
#6734 = ORIENTED_EDGE ( 'NONE', *, *, #740, .F. ) ;
#6735 = EDGE_CURVE ( 'NONE', #2314, #7953, #9202, .T. ) ;
#6736 = ORIENTED_EDGE ( 'NONE', *, *, #7669, .F. ) ;
#6737 = CARTESIAN_POINT ( 'NONE',  ( -1.862238259587412120E-16, 77.43750000136559208, -3.041265875000000118 ) ) ;
#6738 = CARTESIAN_POINT ( 'NONE',  ( 3.041265875000001007, 68.12500000136559208, 1.259733572207477836 ) ) ;
#6739 = VERTEX_POINT ( 'NONE', #2173 ) ;
#6740 = EDGE_CURVE ( 'NONE', #8052, #3953, #1664, .T. ) ;
#6741 = CARTESIAN_POINT ( 'NONE',  ( -3.041265874999999230, 75.62500000136559208, 1.259733572207480057 ) ) ;
#6742 = DIRECTION ( 'NONE',  ( 0.7071067811865475727, -8.333782347742713394E-17, 0.7071067811865475727 ) ) ;
#6743 = VECTOR ( 'NONE', #2214, 1000.000000000000000 ) ;
#6744 = CARTESIAN_POINT ( 'NONE',  ( 1.767766952966369320, 74.37500000000000000, 1.767766952966368654 ) ) ;
#6745 = CARTESIAN_POINT ( 'NONE',  ( -10.99999999999998401, 99.00000000000001421, 1.652935509845160818E-15 ) ) ;
#6746 = CARTESIAN_POINT ( 'NONE',  ( -1.767766952966368432, 72.12500000000000000, 1.767766952966369320 ) ) ;
#6747 = ORIENTED_EDGE ( 'NONE', *, *, #922, .F. ) ;
#6748 = ORIENTED_EDGE ( 'NONE', *, *, #7391, .F. ) ;
#6749 = FACE_OUTER_BOUND ( 'NONE', #1224, .T. ) ;
#6750 = CARTESIAN_POINT ( 'NONE',  ( -1.259733572207478058, 72.50000000136559208, -3.041265874999999674 ) ) ;
#6751 = CARTESIAN_POINT ( 'NONE',  ( 11.00000000000001421, 76.25000000000002842, 19.99999999999999289 ) ) ;
#6752 = CARTESIAN_POINT ( 'NONE',  ( 2.118865044124469410, 103.8034269979658717, -20.30000000000001137 ) ) ;
#6753 = EDGE_LOOP ( 'NONE', ( #2818, #4416, #2289, #2422 ) ) ;
#6754 = CARTESIAN_POINT ( 'NONE',  ( -1.035533905932736420, 79.06250000273118417, -2.500000000000001332 ) ) ;
#6755 = DIRECTION ( 'NONE',  ( 1.000000000000000000, 0.000000000000000000, 0.000000000000000000 ) ) ;
#6756 = PLANE ( 'NONE',  #756 ) ;
#6757 = VERTEX_POINT ( 'NONE', #2278 ) ;
#6758 = ORIENTED_EDGE ( 'NONE', *, *, #4948, .T. ) ;
#6759 = DIRECTION ( 'NONE',  ( 0.9634848649536332799, 0.2677627961559990166, 1.491283511613612670E-16 ) ) ;
#6760 = VECTOR ( 'NONE', #5054, 1000.000000000000000 ) ;
#6761 = DIRECTION ( 'NONE',  ( 0.9256659661250540294, 0.3783418020226822498, 0.000000000000000000 ) ) ;
#6762 = CARTESIAN_POINT ( 'NONE',  ( 0.000000000000000000, 70.00000000000000000, 0.000000000000000000 ) ) ;
#6763 = ADVANCED_FACE ( 'NONE', ( #652 ), #8342, .T. ) ;
#6764 = ORIENTED_EDGE ( 'NONE', *, *, #3770, .F. ) ;
#6765 = DIRECTION ( 'NONE',  ( 0.9606447433647359313, 0.2777799075629852621, 0.000000000000000000 ) ) ;
#6766 = CARTESIAN_POINT ( 'NONE',  ( 4.592425496802573972E-16, 76.25000000000000000, 2.500000000000000000 ) ) ;
#6767 = CARTESIAN_POINT ( 'NONE',  ( 1.767766952966369320, 70.62500000273119838, 1.767766952966368654 ) ) ;
#6768 = CARTESIAN_POINT ( 'NONE',  ( -1.259733572207478058, 71.37500000136560629, -3.041265874999999674 ) ) ;
#6769 = CARTESIAN_POINT ( 'NONE',  ( 4.592425496802573972E-16, 65.25000000000000000, 2.500000000000000000 ) ) ;
#6770 = ORIENTED_EDGE ( 'NONE', *, *, #5600, .F. ) ;
#6771 = CIRCLE ( 'NONE', #8404, 1.024434782608708572 ) ;
#6772 = EDGE_CURVE ( 'NONE', #6376, #9762, #9468, .T. ) ;
#6773 = DIRECTION ( 'NONE',  ( 0.000000000000000000, -1.000000000000000000, 0.000000000000000000 ) ) ;
#6774 = CARTESIAN_POINT ( 'NONE',  ( 2.500000000000000444, 70.56250000000001421, -1.035533905932737975 ) ) ;
#6775 = AXIS2_PLACEMENT_3D ( 'NONE', #8386, #1412, #4510 ) ;
#6776 = DIRECTION ( 'NONE',  ( -0.9606447433647387069, -0.2777799075629756587, 0.000000000000000000 ) ) ;
#6777 = DIRECTION ( 'NONE',  ( -0.9606447433647389289, -0.2777799075629749925, 0.000000000000000000 ) ) ;
#6778 = DIRECTION ( 'NONE',  ( 0.9634848649536333909, 0.2677627961559982950, 1.491283511613613163E-16 ) ) ;
#6779 = CARTESIAN_POINT ( 'NONE',  ( 1.035533905932737531, 76.93750000273118417, -2.500000000000000444 ) ) ;
#6780 = CARTESIAN_POINT ( 'NONE',  ( 3.041265875000001007, 66.00000000136559208, 1.259733572207477836 ) ) ;
#6781 = ORIENTED_EDGE ( 'NONE', *, *, #6050, .T. ) ;
#6782 = VECTOR ( 'NONE', #8170, 1000.000000000000000 ) ;
#6783 = CARTESIAN_POINT ( 'NONE',  ( -1.862238259587412120E-16, 75.43750000136559208, -3.041265875000000118 ) ) ;
#6784 = CARTESIAN_POINT ( 'NONE',  ( -3.041265875000000118, 66.68750000136559208, 0.000000000000000000 ) ) ;
#6785 = ORIENTED_EDGE ( 'NONE', *, *, #6334, .T. ) ;
#6786 = ADVANCED_FACE ( 'NONE', ( #3038 ), #1367, .T. ) ;
#6787 = EDGE_CURVE ( 'NONE', #2914, #2263, #7361, .T. ) ;
#6788 = CARTESIAN_POINT ( 'NONE',  ( 3.041265875000000118, 74.06250000136559208, -3.724476519174824240E-16 ) ) ;
#6789 = CARTESIAN_POINT ( 'NONE',  ( -1.154700538379246355, 83.55000000000002558, 2.888699731742787646E-12 ) ) ;
#6790 = VECTOR ( 'NONE', #460, 1000.000000000000000 ) ;
#6791 = CARTESIAN_POINT ( 'NONE',  ( 1.259733572207478058, 77.25000000136559208, -3.041265875000000563 ) ) ;
#6792 = PLANE ( 'NONE',  #5895 ) ;
#6793 = EDGE_CURVE ( 'NONE', #5567, #9074, #757, .T. ) ;
#6794 = EDGE_CURVE ( 'NONE', #1901, #10064, #4466, .T. ) ;
#6795 = DIRECTION ( 'NONE',  ( -8.011868568650901149E-32, 1.000000000000000000, -2.991526032573998647E-17 ) ) ;
#6796 = CIRCLE ( 'NONE', #4844, 1.219499999999999806 ) ;
#6797 = CARTESIAN_POINT ( 'NONE',  ( -1.767766952966369098, 75.87500000000000000, -1.767766952966369098 ) ) ;
#6798 = ORIENTED_EDGE ( 'NONE', *, *, #6660, .F. ) ;
#6799 = ORIENTED_EDGE ( 'NONE', *, *, #2109, .T. ) ;
#6800 = LINE ( 'NONE', #2924, #4199 ) ;
#6801 = EDGE_CURVE ( 'NONE', #8083, #8002, #188, .T. ) ;
#6802 = CARTESIAN_POINT ( 'NONE',  ( 2.150499723603738644, 71.31250000136560629, -2.150499723603739088 ) ) ;
#6803 = CLOSED_SHELL ( 'NONE', ( #6458, #3917, #5929, #8193, #3023, #2810, #7551, #9780, #9575, #423, #7602, #9940, #4931, #8920, #5867, #5896, #9472, #4966, #9898, #3061, #7649, #3401, #2062, #516, #7371, #6713, #5767 ) ) ;
#6804 = DIRECTION ( 'NONE',  ( 0.9606447433647362644, 0.2777799075629840964, 0.000000000000000000 ) ) ;
#6805 = DIRECTION ( 'NONE',  ( -0.9606447433647387069, -0.2777799075629756587, 0.000000000000000000 ) ) ;
#6806 = ORIENTED_EDGE ( 'NONE', *, *, #6299, .T. ) ;
#6807 = DIRECTION ( 'NONE',  ( 0.6050300991748448487, -0.7962025992751327053, 3.131251615669747695E-16 ) ) ;
#6808 = DIRECTION ( 'NONE',  ( 5.551115123125783935E-17, -6.662983475941639612E-17, -1.000000000000000000 ) ) ;
#6809 = DIRECTION ( 'NONE',  ( 8.011868568650901149E-32, -1.000000000000000000, -8.573297140604716138E-17 ) ) ;
#6810 = ORIENTED_EDGE ( 'NONE', *, *, #8789, .T. ) ;
#6811 = ORIENTED_EDGE ( 'NONE', *, *, #885, .F. ) ;
#6812 = CARTESIAN_POINT ( 'NONE',  ( -9.393977433297923341, 96.38931273747904527, 68.00000000000000000 ) ) ;
#6813 = DIRECTION ( 'NONE',  ( 0.9634848649536335019, 0.2677627961559977399, 0.000000000000000000 ) ) ;
#6814 = DIRECTION ( 'NONE',  ( -0.4888958147463142168, -0.8723421819008511102, -1.855174205273594328E-16 ) ) ;
#6815 = ORIENTED_EDGE ( 'NONE', *, *, #303, .T. ) ;
#6816 = FACE_OUTER_BOUND ( 'NONE', #9150, .T. ) ;
#6817 = DIRECTION ( 'NONE',  ( -0.9606447433647389289, -0.2777799075629750480, 0.000000000000000000 ) ) ;
#6818 = CARTESIAN_POINT ( 'NONE',  ( -1.530808498934191571E-16, 73.00000000273118417, -2.500000000000000000 ) ) ;
#6819 = CARTESIAN_POINT ( 'NONE',  ( 3.041265875000000118, 72.06250000136560629, -3.724476519174824240E-16 ) ) ;
#6820 = CARTESIAN_POINT ( 'NONE',  ( 1.561251128379126385E-14, 99.00000000000001421, 14.99999999999999467 ) ) ;
#6821 = ORIENTED_EDGE ( 'NONE', *, *, #1104, .F. ) ;
#6822 = ADVANCED_FACE ( 'NONE', ( #806 ), #7119, .T. ) ;
#6823 = DIRECTION ( 'NONE',  ( -3.885780586188047891E-16, 1.000000000000000000, 2.603240987229339518E-29 ) ) ;
#6824 = CARTESIAN_POINT ( 'NONE',  ( 1.561251128379126385E-14, 99.00000000000001421, 1.652935509845160818E-15 ) ) ;
#6825 = VECTOR ( 'NONE', #1812, 1000.000000000000000 ) ;
#6826 = FACE_BOUND ( 'NONE', #2151, .T. ) ;
#6827 = FACE_OUTER_BOUND ( 'NONE', #5061, .T. ) ;
#6828 = DIRECTION ( 'NONE',  ( 0.000000000000000000, 1.000000000000000000, 0.000000000000000000 ) ) ;
#6829 = CARTESIAN_POINT ( 'NONE',  ( 1.035533905932737531, 78.93750000273119838, -2.500000000000000444 ) ) ;
#6830 = CARTESIAN_POINT ( 'NONE',  ( 3.041265875000000563, 66.12500000136559208, -1.259733572207478502 ) ) ;
#6831 = ORIENTED_EDGE ( 'NONE', *, *, #2463, .F. ) ;
#6832 = VECTOR ( 'NONE', #8444, 1000.000000000000000 ) ;
#6833 = CARTESIAN_POINT ( 'NONE',  ( -2.150499723603738200, 70.81250000136560629, 2.150499723603739533 ) ) ;
#6834 = ORIENTED_EDGE ( 'NONE', *, *, #6184, .T. ) ;
#6835 = ORIENTED_EDGE ( 'NONE', *, *, #1670, .T. ) ;
#6836 = CARTESIAN_POINT ( 'NONE',  ( 2.150499723603738644, 76.18750000136559208, -2.150499723603739088 ) ) ;
#6837 = CARTESIAN_POINT ( 'NONE',  ( 1.561251128379126385E-14, 76.25000000000001421, 4.407947838944677424E-15 ) ) ;
#6838 = CARTESIAN_POINT ( 'NONE',  ( 5.586714778762236360E-16, 77.81250000136559208, 3.041265875000000118 ) ) ;
#6839 = CARTESIAN_POINT ( 'NONE',  ( 1.561251128379126385E-14, 99.00000000000001421, -15.00000000000000355 ) ) ;
#6840 = CYLINDRICAL_SURFACE ( 'NONE', #778, 2.500000000000000000 ) ;
#6841 = CARTESIAN_POINT ( 'NONE',  ( -1.767766952966368432, 70.12500000000000000, 1.767766952966369320 ) ) ;
#6842 = ORIENTED_EDGE ( 'NONE', *, *, #5984, .F. ) ;
#6843 = VERTEX_POINT ( 'NONE', #2578 ) ;
#6844 = DIRECTION ( 'NONE',  ( 0.000000000000000000, 1.000000000000000000, 0.000000000000000000 ) ) ;
#6845 = CARTESIAN_POINT ( 'NONE',  ( -2.150499723603738200, 72.81250000136559208, 2.150499723603739533 ) ) ;
#6846 = CARTESIAN_POINT ( 'NONE',  ( -1.767766952966368432, 69.37500000273119838, 1.767766952966369320 ) ) ;
#6847 = EDGE_CURVE ( 'NONE', #2049, #3810, #9405, .T. ) ;
#6848 = PLANE ( 'NONE',  #8073 ) ;
#6849 = DIRECTION ( 'NONE',  ( 0.2677627961559983505, -0.9634848649536335019, 8.533875781980731629E-17 ) ) ;
#6850 = EDGE_LOOP ( 'NONE', ( #6920, #5973, #3449, #1729 ) ) ;
#6851 = CARTESIAN_POINT ( 'NONE',  ( -1.530808498934191571E-16, 79.00000000273118417, -2.500000000000000000 ) ) ;
#6852 = EDGE_CURVE ( 'NONE', #3194, #5040, #4108, .T. ) ;
#6853 = VECTOR ( 'NONE', #5852, 1000.000000000000000 ) ;
#6854 = DIRECTION ( 'NONE',  ( 2.166245813558383238E-12, 0.5000000000000042188, 0.8660254037844361541 ) ) ;
#6855 = EDGE_CURVE ( 'NONE', #8238, #5494, #3900, .T. ) ;
#6856 = EDGE_CURVE ( 'NONE', #9985, #7312, #4271, .T. ) ;
#6857 = DIRECTION ( 'NONE',  ( -1.000000000000000000, -0.000000000000000000, -0.000000000000000000 ) ) ;
#6858 = ORIENTED_EDGE ( 'NONE', *, *, #5796, .F. ) ;
#6859 = EDGE_LOOP ( 'NONE', ( #4972, #3890 ) ) ;
#6860 = AXIS2_PLACEMENT_3D ( 'NONE', #7887, #4736, #4123 ) ;
#6861 = VERTEX_POINT ( 'NONE', #1008 ) ;
#6862 = ADVANCED_FACE ( 'NONE', ( #237 ), #3956, .F. ) ;
#6863 = DIRECTION ( 'NONE',  ( -1.665334536937734071E-16, 4.229157726022815470E-17, 1.000000000000000000 ) ) ;
#6864 = DIRECTION ( 'NONE',  ( 0.000000000000000000, 8.773937619163356039E-17, 1.000000000000000000 ) ) ;
#6865 = CIRCLE ( 'NONE', #9467, 3.351416843938793466 ) ;
#6866 = CARTESIAN_POINT ( 'NONE',  ( -1.035533905932737753, 69.06250000273118417, -2.500000000000000444 ) ) ;
#6867 = ORIENTED_EDGE ( 'NONE', *, *, #6111, .T. ) ;
#6868 = PLANE ( 'NONE',  #2403 ) ;
#6869 = AXIS2_PLACEMENT_3D ( 'NONE', #4626, #7728, #6211 ) ;
#6870 = CARTESIAN_POINT ( 'NONE',  ( -1.767766952966369098, 74.12500000273118417, -1.767766952966369098 ) ) ;
#6871 = CARTESIAN_POINT ( 'NONE',  ( 4.592425496802573972E-16, 64.50000000273119838, 2.500000000000000000 ) ) ;
#6872 = CARTESIAN_POINT ( 'NONE',  ( 1.259733572207478058, 73.25000000136559208, -3.041265874999999674 ) ) ;
#6873 = CARTESIAN_POINT ( 'NONE',  ( 2.933374888477884745, 104.2340530914051016, 21.49999999999998579 ) ) ;
#6874 = ORIENTED_EDGE ( 'NONE', *, *, #66, .T. ) ;
#6875 = CARTESIAN_POINT ( 'NONE',  ( -1.862238259587412120E-16, 75.43750000136559208, -3.041265875000000118 ) ) ;
#6876 = DIRECTION ( 'NONE',  ( -0.9606447433647389289, -0.2777799075629747705, 0.000000000000000000 ) ) ;
#6877 = DIRECTION ( 'NONE',  ( 0.000000000000000000, 1.000000000000000000, 0.000000000000000000 ) ) ;
#6878 =( BOUNDED_CURVE ( )  B_SPLINE_CURVE ( 2, ( #8007, #9479, #2507, #4854, #8669, #3161, #213, #3315, #7954 ),
 .UNSPECIFIED., .F., .T. ) 
 B_SPLINE_CURVE_WITH_KNOTS ( ( 3, 2, 2, 2, 3 ),
 ( 0.4166666666666670182, 0.4250000000000003220, 0.4333333333333336812, 0.4416666666666670404, 0.4500000000000003997 ),
 .UNSPECIFIED. ) 
 CURVE ( )  GEOMETRIC_REPRESENTATION_ITEM ( )  RATIONAL_B_SPLINE_CURVE ( ( 0.9999999999999970024, 0.9238795325112897361, 1.000000000000000000, 0.9238795325112867385, 1.000000000000000000, 0.9238795325112867385, 1.000000000000000000, 0.9238795325112831858, 1.000000000000003553 ) ) 
 REPRESENTATION_ITEM ( '' )  );
#6879 = CARTESIAN_POINT ( 'NONE',  ( 2.789297643080071723E-15, 99.00000000000001421, 68.00000000000000000 ) ) ;
#6880 = LINE ( 'NONE', #5409, #8814 ) ;
#6881 = FACE_OUTER_BOUND ( 'NONE', #5697, .T. ) ;
#6882 = CARTESIAN_POINT ( 'NONE',  ( -1.035533905932738197, 77.43750000273119838, 2.500000000000000000 ) ) ;
#6883 = CARTESIAN_POINT ( 'NONE',  ( 5.586714778762236360E-16, 67.81250000136560629, 3.041265875000000118 ) ) ;
#6884 = ORIENTED_EDGE ( 'NONE', *, *, #2843, .T. ) ;
#6885 = CARTESIAN_POINT ( 'NONE',  ( 2.150499723603738644, 74.31250000136559208, -2.150499723603739088 ) ) ;
#6886 = VERTEX_POINT ( 'NONE', #8641 ) ;
#6887 = AXIS2_PLACEMENT_3D ( 'NONE', #5907, #1938, #8914 ) ;
#6888 = ORIENTED_EDGE ( 'NONE', *, *, #5838, .T. ) ;
#6889 = CARTESIAN_POINT ( 'NONE',  ( -1.259733572207478058, 73.37500000136562051, -3.041265874999999674 ) ) ;
#6890 = CIRCLE ( 'NONE', #2498, 1.599999999999990985 ) ;
#6891 = CARTESIAN_POINT ( 'NONE',  ( -2.610687262520973384, 108.3939774332979482, 20.00000000000000711 ) ) ;
#6892 = CARTESIAN_POINT ( 'NONE',  ( -2.150499723603738200, 78.68750000136559208, 2.150499723603739533 ) ) ;
#6893 = EDGE_CURVE ( 'NONE', #2263, #2914, #1183, .T. ) ;
#6894 = DIRECTION ( 'NONE',  ( -1.000000000000000000, 0.000000000000000000, 0.000000000000000000 ) ) ;
#6895 = CARTESIAN_POINT ( 'NONE',  ( 2.500000000000000000, 66.75000000273119838, -3.061616997868383141E-16 ) ) ;
#6896 = CIRCLE ( 'NONE', #9660, 2.849999999999997868 ) ;
#6897 = CARTESIAN_POINT ( 'NONE',  ( 1.767766952966369320, 70.37500000000000000, 1.767766952966368654 ) ) ;
#6898 = EDGE_LOOP ( 'NONE', ( #4834, #4110, #3035, #3705 ) ) ;
#6899 = ORIENTED_EDGE ( 'NONE', *, *, #3057, .T. ) ;
#6900 = LINE ( 'NONE', #7616, #1602 ) ;
#6901 = EDGE_CURVE ( 'NONE', #6376, #6633, #86, .T. ) ;
#6902 = CARTESIAN_POINT ( 'NONE',  ( 3.041265874999999674, 68.25000000136557787, -1.259733572207478280 ) ) ;
#6903 = CARTESIAN_POINT ( 'NONE',  ( -1.530808498934191571E-16, 75.75000000000000000, -2.500000000000000000 ) ) ;
#6904 = EDGE_CURVE ( 'NONE', #8488, #9741, #5725, .T. ) ;
#6905 = CARTESIAN_POINT ( 'NONE',  ( 2.918359998105447388E-14, 80.00000000000002842, 5.637851296924623057E-15 ) ) ;
#6906 = CARTESIAN_POINT ( 'NONE',  ( 3.061616997868383141E-16, 70.00000000000000000, -2.500000000000000000 ) ) ;
#6907 = EDGE_LOOP ( 'NONE', ( #421, #4906, #3442, #8141 ) ) ;
#6908 = DIRECTION ( 'NONE',  ( -2.771172519036345232E-16, 8.684692346097759303E-17, 1.000000000000000000 ) ) ;
#6909 = DIRECTION ( 'NONE',  ( 0.000000000000000000, 0.000000000000000000, 1.000000000000000000 ) ) ;
#6910 = CIRCLE ( 'NONE', #6261, 1.024434782608708128 ) ;
#6911 = CARTESIAN_POINT ( 'NONE',  ( -2.500000000000000000, 80.00000000000000000, 0.000000000000000000 ) ) ;
#6912 = ORIENTED_EDGE ( 'NONE', *, *, #7727, .T. ) ;
#6913 = ORIENTED_EDGE ( 'NONE', *, *, #2341, .F. ) ;
#6914 = VERTEX_POINT ( 'NONE', #3337 ) ;
#6915 = ADVANCED_FACE ( 'NONE', ( #6451 ), #7873, .F. ) ;
#6916 = CARTESIAN_POINT ( 'NONE',  ( -3.041265874999999674, 78.62500000136560629, -1.259733572207478058 ) ) ;
#6917 = ADVANCED_FACE ( 'NONE', ( #141 ), #1667, .F. ) ;
#6918 = DIRECTION ( 'NONE',  ( -1.389837649247941979E-47, 8.573297140604717370E-17, -1.000000000000000000 ) ) ;
#6919 = CARTESIAN_POINT ( 'NONE',  ( -2.500000000000000000, 70.25000000273118417, 0.000000000000000000 ) ) ;
#6920 = ORIENTED_EDGE ( 'NONE', *, *, #2990, .F. ) ;
#6921 = LINE ( 'NONE', #602, #5009 ) ;
#6922 = LINE ( 'NONE', #1623, #7705 ) ;
#6923 = CARTESIAN_POINT ( 'NONE',  ( -1.259733572207478502, 74.75000000136559208, 3.041265874999999230 ) ) ;
#6924 = ADVANCED_FACE ( 'NONE', ( #3236 ), #6357, .F. ) ;
#6925 = DIRECTION ( 'NONE',  ( -2.771172519036345232E-16, 8.684692346097759303E-17, 1.000000000000000000 ) ) ;
#6926 = VERTEX_POINT ( 'NONE', #902 ) ;
#6927 = EDGE_LOOP ( 'NONE', ( #10077, #5260, #7939, #4923 ) ) ;
#6928 = CARTESIAN_POINT ( 'NONE',  ( 2.150499723603739533, 75.06250000136559208, 2.150499723603738644 ) ) ;
#6929 = CIRCLE ( 'NONE', #2044, 6.199999967901918652 ) ;
#6930 = DIRECTION ( 'NONE',  ( -0.9606447433647389289, -0.2777799075629749370, -3.481806628802591321E-17 ) ) ;
#6931 = DIRECTION ( 'NONE',  ( 0.9999870432906646789, -0.005090505946802457125, 0.000000000000000000 ) ) ;
#6932 = CYLINDRICAL_SURFACE ( 'NONE', #2612, 6.850000000000000533 ) ;
#6933 = LINE ( 'NONE', #5456, #3926 ) ;
#6934 = DIRECTION ( 'NONE',  ( 0.7071067811865475727, -6.204110788218154175E-17, -0.7071067811865475727 ) ) ;
#6935 = CARTESIAN_POINT ( 'NONE',  ( 1.035533905932739085, 74.56250000273119838, 2.500000000000000000 ) ) ;
#6936 = CARTESIAN_POINT ( 'NONE',  ( -1.862238259587412120E-16, 66.31250000136559208, -3.041265875000000118 ) ) ;
#6937 = AXIS2_PLACEMENT_3D ( 'NONE', #2685, #9612, #5694 ) ;
#6938 = CARTESIAN_POINT ( 'NONE',  ( -2.150499723603738200, 71.81250000136560629, 2.150499723603739533 ) ) ;
#6939 = ORIENTED_EDGE ( 'NONE', *, *, #3173, .F. ) ;
#6940 = ORIENTED_EDGE ( 'NONE', *, *, #6391, .F. ) ;
#6941 = CARTESIAN_POINT ( 'NONE',  ( 2.150499723603738644, 71.18750000136559208, -2.150499723603739088 ) ) ;
#6942 = FACE_OUTER_BOUND ( 'NONE', #6101, .T. ) ;
#6943 = VECTOR ( 'NONE', #5764, 1000.000000000000000 ) ;
#6944 = AXIS2_PLACEMENT_3D ( 'NONE', #9330, #17, #628 ) ;
#6945 = CARTESIAN_POINT ( 'NONE',  ( 1.259733572207479835, 78.87500000136560629, 3.041265874999999230 ) ) ;
#6946 = CARTESIAN_POINT ( 'NONE',  ( 3.041265875000000118, 79.06250000136559208, -3.724476519174824240E-16 ) ) ;
#6947 = CARTESIAN_POINT ( 'NONE',  ( 2.789297643080071723E-15, 99.00000000000001421, 68.00000000000000000 ) ) ;
#6948 = CARTESIAN_POINT ( 'NONE',  ( 4.592425496802573972E-16, 71.25000000000001421, 2.500000000000000000 ) ) ;
#6949 = ORIENTED_EDGE ( 'NONE', *, *, #9250, .T. ) ;
#6950 = EDGE_LOOP ( 'NONE', ( #8478, #3966, #1339, #3537, #5706, #650 ) ) ;
#6951 = AXIS2_PLACEMENT_3D ( 'NONE', #9879, #1185, #8868 ) ;
#6952 = DIRECTION ( 'NONE',  ( 0.5000000000021651569, 1.942890293102211582E-16, 0.8660254037831885965 ) ) ;
#6953 = CIRCLE ( 'NONE', #5820, 9.704347826086955564 ) ;
#6954 = ADVANCED_FACE ( 'NONE', ( #1619 ), #1774, .T. ) ;
#6955 = CARTESIAN_POINT ( 'NONE',  ( 2.150499723603739533, 69.06250000136560629, 2.150499723603738644 ) ) ;
#6956 = CARTESIAN_POINT ( 'NONE',  ( -3.968626966596887851, 5.000000000000000000, 4.500000000000000000 ) ) ;
#6957 = CARTESIAN_POINT ( 'NONE',  ( -2.500000000000000444, 65.93750000000000000, -1.035533905932737753 ) ) ;
#6958 = ORIENTED_EDGE ( 'NONE', *, *, #8579, .T. ) ;
#6959 = CARTESIAN_POINT ( 'NONE',  ( 3.211632350503328181E-14, 99.00000000000000000, -21.40000000000000213 ) ) ;
#6960 = CARTESIAN_POINT ( 'NONE',  ( -2.718191992680865088, 105.3201768785966834, -21.40000000000000213 ) ) ;
#6961 = CIRCLE ( 'NONE', #8259, 1.024434782608708128 ) ;
#6962 = VECTOR ( 'NONE', #607, 1000.000000000000000 ) ;
#6963 = CARTESIAN_POINT ( 'NONE',  ( 11.00000000000001421, 79.25000000000001421, -20.00000000000000711 ) ) ;
#6964 = ORIENTED_EDGE ( 'NONE', *, *, #8697, .T. ) ;
#6965 = ORIENTED_EDGE ( 'NONE', *, *, #7057, .F. ) ;
#6966 = VERTEX_POINT ( 'NONE', #7168 ) ;
#6967 = CARTESIAN_POINT ( 'NONE',  ( -1.767766952966369098, 78.87500000000000000, -1.767766952966369098 ) ) ;
#6968 = AXIS2_PLACEMENT_3D ( 'NONE', #2634, #1214, #8949 ) ;
#6969 = AXIS2_PLACEMENT_3D ( 'NONE', #4093, #9435, #3942 ) ;
#6970 = DIRECTION ( 'NONE',  ( 0.000000000000000000, 1.000000000000000000, 0.000000000000000000 ) ) ;
#6971 = CARTESIAN_POINT ( 'NONE',  ( 2.500000000000000000, 67.75000000273119838, -3.061616997868383141E-16 ) ) ;
#6972 = ORIENTED_EDGE ( 'NONE', *, *, #6794, .T. ) ;
#6973 = DIRECTION ( 'NONE',  ( -1.000000000000000000, 0.000000000000000000, 0.000000000000000000 ) ) ;
#6974 = CARTESIAN_POINT ( 'NONE',  ( 3.697654713500652055E-14, 99.00000000000001421, -16.20000000000000639 ) ) ;
#6975 = CARTESIAN_POINT ( 'NONE',  ( 3.041265875000000118, 69.06250000136560629, -3.724476519174824240E-16 ) ) ;
#6976 = EDGE_CURVE ( 'NONE', #9563, #8112, #6406, .T. ) ;
#6977 = FACE_OUTER_BOUND ( 'NONE', #1964, .T. ) ;
#6978 = ORIENTED_EDGE ( 'NONE', *, *, #6700, .T. ) ;
#6979 = ORIENTED_EDGE ( 'NONE', *, *, #3958, .F. ) ;
#6980 = CARTESIAN_POINT ( 'NONE',  ( -3.041265875000000118, 74.68750000136559208, 0.000000000000000000 ) ) ;
#6981 = LINE ( 'NONE', #5404, #5210 ) ;
#6982 = DIRECTION ( 'NONE',  ( 3.126313675089213528E-17, 9.172147645215891396E-17, 1.000000000000000000 ) ) ;
#6983 = CARTESIAN_POINT ( 'NONE',  ( 3.061616997868383141E-16, 70.00000000000000000, -2.500000000000000000 ) ) ;
#6984 = EDGE_CURVE ( 'NONE', #5163, #5126, #7586, .T. ) ;
#6985 = DIRECTION ( 'NONE',  ( 5.551115123125783935E-17, -6.662983475941639612E-17, -1.000000000000000000 ) ) ;
#6986 = CARTESIAN_POINT ( 'NONE',  ( 2.500000000000000444, 73.68750000273118417, 1.035533905932737309 ) ) ;
#6987 = CARTESIAN_POINT ( 'NONE',  ( 1.259733572207478058, 65.25000000136559208, -3.041265875000000563 ) ) ;
#6988 = ADVANCED_FACE ( 'NONE', ( #9760 ), #2781, .T. ) ;
#6989 = ADVANCED_FACE ( 'NONE', ( #9661 ), #9708, .T. ) ;
#6990 = CARTESIAN_POINT ( 'NONE',  ( 1.259733572207479835, 71.00000000136559208, 3.041265874999999230 ) ) ;
#6991 = ORIENTED_EDGE ( 'NONE', *, *, #1316, .T. ) ;
#6992 = CARTESIAN_POINT ( 'NONE',  ( -3.041265874999999230, 70.62500000136559208, 1.259733572207480057 ) ) ;
#6993 = DIRECTION ( 'NONE',  ( -1.000000000000000000, 0.000000000000000000, 0.000000000000000000 ) ) ;
#6994 = CARTESIAN_POINT ( 'NONE',  ( -3.047139055979306295E-12, 78.90000000000001990, -1.219499999999999806 ) ) ;
#6995 = CIRCLE ( 'NONE', #2107, 8.099999999999999645 ) ;
#6996 = DIRECTION ( 'NONE',  ( -0.7071067811865474617, -6.204110788218166501E-17, -0.7071067811865474617 ) ) ;
#6997 = DIRECTION ( 'NONE',  ( -2.771172519036345232E-16, 8.684692346097759303E-17, 1.000000000000000000 ) ) ;
#6998 = CARTESIAN_POINT ( 'NONE',  ( -1.530808498934191571E-16, 69.75000000000000000, -2.500000000000000000 ) ) ;
#6999 = ORIENTED_EDGE ( 'NONE', *, *, #3847, .F. ) ;
#7000 = FACE_OUTER_BOUND ( 'NONE', #5363, .T. ) ;
#7001 = AXIS2_PLACEMENT_3D ( 'NONE', #6009, #7588, #9366 ) ;
#7002 = CARTESIAN_POINT ( 'NONE',  ( 2.150499723603739533, 67.06250000136560629, 2.150499723603738644 ) ) ;
#7003 = DIRECTION ( 'NONE',  ( -8.011868568650901149E-32, 1.000000000000000000, 8.573297140604716138E-17 ) ) ;
#7004 = LINE ( 'NONE', #7768, #6615 ) ;
#7005 = CARTESIAN_POINT ( 'NONE',  ( 4.592425496802573972E-16, 66.25000000000000000, 2.500000000000000000 ) ) ;
#7006 = VERTEX_POINT ( 'NONE', #8995 ) ;
#7007 = CARTESIAN_POINT ( 'NONE',  ( 0.000000000000000000, 70.00000000000000000, 0.000000000000000000 ) ) ;
#7008 = DIRECTION ( 'NONE',  ( 0.000000000000000000, 0.000000000000000000, 1.000000000000000000 ) ) ;
#7009 = EDGE_CURVE ( 'NONE', #4554, #3517, #5842, .T. ) ;
#7010 = CARTESIAN_POINT ( 'NONE',  ( 0.000000000000000000, 70.00000000000000000, 0.000000000000000000 ) ) ;
#7011 = ORIENTED_EDGE ( 'NONE', *, *, #4555, .F. ) ;
#7012 = ORIENTED_EDGE ( 'NONE', *, *, #7357, .F. ) ;
#7013 = VECTOR ( 'NONE', #8534, 1000.000000000000000 ) ;
#7014 = ORIENTED_EDGE ( 'NONE', *, *, #353, .T. ) ;
#7015 =( BOUNDED_CURVE ( )  B_SPLINE_CURVE ( 2, ( #1418, #596, #8392, #3647, #4516, #9818, #651, #9005, #7575 ),
 .UNSPECIFIED., .F., .T. ) 
 B_SPLINE_CURVE_WITH_KNOTS ( ( 3, 2, 2, 2, 3 ),
 ( 0.1166666666666667657, 0.1250000000000001110, 0.1333333333333334425, 0.1416666666666667740, 0.1500000000000001055 ),
 .UNSPECIFIED. ) 
 CURVE ( )  GEOMETRIC_REPRESENTATION_ITEM ( )  RATIONAL_B_SPLINE_CURVE ( ( 0.9999999999999991118, 0.9238795325112876267, 1.000000000000000000, 0.9238795325112867385, 1.000000000000000000, 0.9238795325112867385, 1.000000000000000000, 0.9238795325112857393, 1.000000000000001110 ) ) 
 REPRESENTATION_ITEM ( '' )  );
#7016 = DIRECTION ( 'NONE',  ( -1.665334536937734071E-16, 4.229157726022815470E-17, 1.000000000000000000 ) ) ;
#7017 = AXIS2_PLACEMENT_3D ( 'NONE', #7491, #6525, #7392 ) ;
#7018 = CARTESIAN_POINT ( 'NONE',  ( 11.00000000000001421, 79.50000000000001421, 14.99999999999999467 ) ) ;
#7019 = CARTESIAN_POINT ( 'NONE',  ( 2.500000000000000000, 68.75000000273119838, -3.061616997868383141E-16 ) ) ;
#7020 = VERTEX_POINT ( 'NONE', #1870 ) ;
#7021 = DIRECTION ( 'NONE',  ( 3.885780586188047891E-16, -1.000000000000000000, -2.603240987229339518E-29 ) ) ;
#7022 = CARTESIAN_POINT ( 'NONE',  ( -2.500000000000000444, 70.18750000273119838, -1.035533905932737753 ) ) ;
#7023 = EDGE_CURVE ( 'NONE', #6739, #7428, #5130, .T. ) ;
#7024 = CARTESIAN_POINT ( 'NONE',  ( 1.259733572207478058, 68.25000000136557787, -3.041265874999999674 ) ) ;
#7025 = DIRECTION ( 'NONE',  ( 0.9999870432906646789, -0.005090505946802467534, 0.000000000000000000 ) ) ;
#7026 = EDGE_LOOP ( 'NONE', ( #7869, #3332, #3221, #8839 ) ) ;
#7027 = CIRCLE ( 'NONE', #5237, 6.499999999999996447 ) ;
#7028 = ORIENTED_EDGE ( 'NONE', *, *, #3998, .T. ) ;
#7029 = CARTESIAN_POINT ( 'NONE',  ( -1.035533905932695786, 71.06250000273118417, -2.500000000000043077 ) ) ;
#7030 = CARTESIAN_POINT ( 'NONE',  ( 1.561251128379126385E-14, 99.00000000000001421, -19.19999999999999929 ) ) ;
#7031 = ADVANCED_FACE ( 'NONE', ( #5081 ), #7373, .F. ) ;
#7032 = AXIS2_PLACEMENT_3D ( 'NONE', #3185, #1720, #9356 ) ;
#7033 = CARTESIAN_POINT ( 'NONE',  ( 0.000000000000000000, 0.000000000000000000, 0.000000000000000000 ) ) ;
#7034 = FACE_OUTER_BOUND ( 'NONE', #5983, .T. ) ;
#7035 = CARTESIAN_POINT ( 'NONE',  ( 1.767766952966368654, 73.87500000273118417, -1.767766952966369098 ) ) ;
#7036 = DIRECTION ( 'NONE',  ( 8.011868568650901149E-32, -1.000000000000000000, -1.178574802204324542E-16 ) ) ;
#7037 = CARTESIAN_POINT ( 'NONE',  ( -1.862238259587412120E-16, 74.43750000136559208, -3.041265875000000118 ) ) ;
#7038 = ORIENTED_EDGE ( 'NONE', *, *, #8714, .F. ) ;
#7039 = DIRECTION ( 'NONE',  ( -0.9606447433647387069, -0.2777799075629756587, 0.000000000000000000 ) ) ;
#7040 = ADVANCED_FACE ( 'NONE', ( #4977 ), #6705, .F. ) ;
#7041 = CARTESIAN_POINT ( 'NONE',  ( 3.041265875000001007, 73.00000000136559208, 1.259733572207477836 ) ) ;
#7042 = DIRECTION ( 'NONE',  ( 0.4888958147463142723, 0.8723421819008511102, 0.000000000000000000 ) ) ;
#7043 = FACE_OUTER_BOUND ( 'NONE', #9654, .T. ) ;
#7044 = ADVANCED_FACE ( 'NONE', ( #4159, #7317 ), #340, .F. ) ;
#7045 = CARTESIAN_POINT ( 'NONE',  ( 2.150499723603738644, 74.18750000136559208, -2.150499723603739088 ) ) ;
#7046 = CARTESIAN_POINT ( 'NONE',  ( 1.767766952966368654, 72.87500000273118417, -1.767766952966369098 ) ) ;
#7047 = DIRECTION ( 'NONE',  ( 0.000000000000000000, 8.773937619163356039E-17, 1.000000000000000000 ) ) ;
#7048 = ADVANCED_FACE ( 'NONE', ( #8080 ), #8231, .F. ) ;
#7049 = CARTESIAN_POINT ( 'NONE',  ( -2.500000000000000444, 68.93750000000000000, -1.035533905932737753 ) ) ;
#7050 = EDGE_LOOP ( 'NONE', ( #2327, #414, #8328 ) ) ;
#7051 = AXIS2_PLACEMENT_3D ( 'NONE', #1061, #2483, #4828 ) ;
#7052 = CARTESIAN_POINT ( 'NONE',  ( -6.797912146996572424, 100.0590533166648157, -21.40000000000000213 ) ) ;
#7053 = CARTESIAN_POINT ( 'NONE',  ( -3.041265875000000118, 67.68750000136560629, 0.000000000000000000 ) ) ;
#7054 = CARTESIAN_POINT ( 'NONE',  ( -2.770632937499999837, 79.40625000204839523, 0.000000000000000000 ) ) ;
#7055 = DIRECTION ( 'NONE',  ( 2.501589552824417682E-12, 0.000000000000000000, 1.000000000000000000 ) ) ;
#7056 = CARTESIAN_POINT ( 'NONE',  ( -0.4786004839246299492, 114.9249999999999687, 6.081195735773279765 ) ) ;
#7057 = EDGE_CURVE ( 'NONE', #3013, #1145, #8946, .T. ) ;
#7058 = DIRECTION ( 'NONE',  ( -2.771172519036345232E-16, 8.684692346097759303E-17, 1.000000000000000000 ) ) ;
#7059 = CARTESIAN_POINT ( 'NONE',  ( -2.500000000000000000, 74.00000000000000000, 0.000000000000000000 ) ) ;
#7060 = AXIS2_PLACEMENT_3D ( 'NONE', #5703, #8049, #5755 ) ;
#7061 = DIRECTION ( 'NONE',  ( -3.885780586188047398E-16, 1.000000000000000000, 2.603240987229321021E-29 ) ) ;
#7062 = VERTEX_POINT ( 'NONE', #4312 ) ;
#7063 = ORIENTED_EDGE ( 'NONE', *, *, #1568, .T. ) ;
#7064 = ORIENTED_EDGE ( 'NONE', *, *, #8781, .F. ) ;
#7065 = CARTESIAN_POINT ( 'NONE',  ( -6.803127038349549238, 99.03463180735981553, -20.30000000000000426 ) ) ;
#7066 = CARTESIAN_POINT ( 'NONE',  ( -2.488814212820116341E-16, 98.99999999999998579, 21.49999999999998579 ) ) ;
#7067 = CARTESIAN_POINT ( 'NONE',  ( 2.500000000000000444, 70.81250000273119838, -1.035533905932737975 ) ) ;
#7068 = ORIENTED_EDGE ( 'NONE', *, *, #9097, .T. ) ;
#7069 = CIRCLE ( 'NONE', #6580, 6.199999967901918652 ) ;
#7070 = DIRECTION ( 'NONE',  ( 5.551115123125783935E-17, -6.662983475941639612E-17, -1.000000000000000000 ) ) ;
#7071 = LINE ( 'NONE', #2284, #6570 ) ;
#7072 = CARTESIAN_POINT ( 'NONE',  ( -1.862238259587412120E-16, 67.31250000136560629, -3.041265875000000118 ) ) ;
#7073 = DIRECTION ( 'NONE',  ( -2.771172519036345232E-16, 8.684692346097759303E-17, 1.000000000000000000 ) ) ;
#7074 = VERTEX_POINT ( 'NONE', #5786 ) ;
#7075 = ORIENTED_EDGE ( 'NONE', *, *, #8667, .T. ) ;
#7076 = DIRECTION ( 'NONE',  ( 8.246218725174991248E-48, -8.773937619163356039E-17, -1.000000000000000000 ) ) ;
#7077 = EDGE_CURVE ( 'NONE', #2760, #3144, #288, .T. ) ;
#7078 = CARTESIAN_POINT ( 'NONE',  ( -2.500000000000000000, 66.25000000273119838, 0.000000000000000000 ) ) ;
#7079 = DIRECTION ( 'NONE',  ( -1.665334536937734071E-16, 4.229157726022815470E-17, 1.000000000000000000 ) ) ;
#7080 = CARTESIAN_POINT ( 'NONE',  ( -1.767766952966369098, 66.87500000000000000, -1.767766952966369098 ) ) ;
#7081 = CARTESIAN_POINT ( 'NONE',  ( -1.530808498934191571E-16, 72.00000000273118417, -2.500000000000000000 ) ) ;
#7082 = FACE_OUTER_BOUND ( 'NONE', #4372, .T. ) ;
#7083 = AXIS2_PLACEMENT_3D ( 'NONE', #9488, #8529, #4705 ) ;
#7084 = EDGE_CURVE ( 'NONE', #5567, #5665, #4990, .T. ) ;
#7085 = VECTOR ( 'NONE', #8866, 1000.000000000000000 ) ;
#7086 = CARTESIAN_POINT ( 'NONE',  ( 2.150499723603738644, 68.31250000136560629, -2.150499723603739088 ) ) ;
#7087 = ORIENTED_EDGE ( 'NONE', *, *, #2658, .T. ) ;
#7088 = CARTESIAN_POINT ( 'NONE',  ( 10.50000000000001421, 80.50000000000001421, -15.00000000000000533 ) ) ;
#7089 = CARTESIAN_POINT ( 'NONE',  ( -1.862238259587412120E-16, 66.31250000136559208, -3.041265875000000118 ) ) ;
#7090 = CARTESIAN_POINT ( 'NONE',  ( 2.501333372147610370E-12, 82.51000000000003354, 0.9999999999999993339 ) ) ;
#7091 = CARTESIAN_POINT ( 'NONE',  ( -6.047102705684198831, 93.02886404106693874, -21.40000000000000213 ) ) ;
#7092 = VECTOR ( 'NONE', #2638, 1000.000000000000000 ) ;
#7093 = CARTESIAN_POINT ( 'NONE',  ( 5.586714778762236360E-16, 74.81250000136559208, 3.041265875000000118 ) ) ;
#7094 = CARTESIAN_POINT ( 'NONE',  ( -2.150499723603739088, 76.43750000136559208, -2.150499723603739088 ) ) ;
#7095 = DIRECTION ( 'NONE',  ( -2.771172519036345232E-16, 8.684692346097759303E-17, 1.000000000000000000 ) ) ;
#7096 = ADVANCED_FACE ( 'NONE', ( #8895 ), #2631, .T. ) ;
#7097 = CARTESIAN_POINT ( 'NONE',  ( -1.259733572207478058, 79.50000000136560629, -3.041265874999999674 ) ) ;
#7098 = ORIENTED_EDGE ( 'NONE', *, *, #6111, .F. ) ;
#7099 = EDGE_CURVE ( 'NONE', #1842, #4833, #6771, .T. ) ;
#7100 = DIRECTION ( 'NONE',  ( 2.501589552824417682E-12, 0.000000000000000000, 1.000000000000000000 ) ) ;
#7101 = AXIS2_PLACEMENT_3D ( 'NONE', #8030, #6602, #6554 ) ;
#7102 = AXIS2_PLACEMENT_3D ( 'NONE', #9990, #1594, #6080 ) ;
#7103 = CARTESIAN_POINT ( 'NONE',  ( 1.259733572207479835, 67.00000000136559208, 3.041265874999999230 ) ) ;
#7104 = CARTESIAN_POINT ( 'NONE',  ( 3.054088517682291298E-12, 78.90000000000001990, 1.219499999999999806 ) ) ;
#7105 = CARTESIAN_POINT ( 'NONE',  ( 3.181149452793928046E-14, 99.00000000000000000, -20.30000000000000071 ) ) ;
#7106 = CARTESIAN_POINT ( 'NONE',  ( 2.933374888477884745, 104.2340530914051016, 22.49999999999998579 ) ) ;
#7107 = EDGE_CURVE ( 'NONE', #7326, #7020, #2380, .T. ) ;
#7108 = DIRECTION ( 'NONE',  ( 0.9999870432906646789, -0.005090505946802457125, 0.000000000000000000 ) ) ;
#7109 = CARTESIAN_POINT ( 'NONE',  ( 3.754657510879523954E-12, 81.80000000000002558, 1.499999999999990896 ) ) ;
#7110 = AXIS2_PLACEMENT_3D ( 'NONE', #9020, #8309, #6577 ) ;
#7111 = CIRCLE ( 'NONE', #5164, 9.750000000000001776 ) ;
#7112 = CARTESIAN_POINT ( 'NONE',  ( 2.500000000000000444, 76.56250000000002842, -1.035533905932737975 ) ) ;
#7113 = VECTOR ( 'NONE', #6814, 1000.000000000000114 ) ;
#7114 = ORIENTED_EDGE ( 'NONE', *, *, #8977, .F. ) ;
#7115 = EDGE_LOOP ( 'NONE', ( #2598, #3715, #2585, #6087 ) ) ;
#7116 = ADVANCED_FACE ( 'NONE', ( #7618 ), #6848, .F. ) ;
#7117 = ORIENTED_EDGE ( 'NONE', *, *, #4874, .T. ) ;
#7118 = CARTESIAN_POINT ( 'NONE',  ( 3.968626966596887851, 80.00000000000000000, -4.500000000000000000 ) ) ;
#7119 = CYLINDRICAL_SURFACE ( 'NONE', #8654, 6.000000000000000888 ) ;
#7120 = AXIS2_PLACEMENT_3D ( 'NONE', #869, #3253, #3305 ) ;
#7121 = CARTESIAN_POINT ( 'NONE',  ( 1.035533905932739085, 65.56250000273118417, 2.500000000000000000 ) ) ;
#7122 = VECTOR ( 'NONE', #5498, 1000.000000000000000 ) ;
#7123 = VERTEX_POINT ( 'NONE', #2267 ) ;
#7124 = CYLINDRICAL_SURFACE ( 'NONE', #9238, 7.904347826086998374 ) ;
#7125 = CARTESIAN_POINT ( 'NONE',  ( -7.781222421254346600, 96.74998274873991022, -16.29999999999999716 ) ) ;
#7126 = CARTESIAN_POINT ( 'NONE',  ( 2.150499723603738644, 69.18750000136560629, -2.150499723603739088 ) ) ;
#7127 = CARTESIAN_POINT ( 'NONE',  ( -0.5773502691921256202, 82.51000000000003354, -0.9999999999985553778 ) ) ;
#7128 = ORIENTED_EDGE ( 'NONE', *, *, #3746, .T. ) ;
#7129 = ORIENTED_EDGE ( 'NONE', *, *, #3610, .F. ) ;
#7130 = AXIS2_PLACEMENT_3D ( 'NONE', #5279, #10004, #9194 ) ;
#7131 = ORIENTED_EDGE ( 'NONE', *, *, #820, .T. ) ;
#7132 = CARTESIAN_POINT ( 'NONE',  ( 1.943048590659658729E-14, 99.00000000000002842, 21.39999999999999858 ) ) ;
#7133 = CARTESIAN_POINT ( 'NONE',  ( -1.767766952966369098, 66.12500000273119838, -1.767766952966369098 ) ) ;
#7134 = DIRECTION ( 'NONE',  ( 1.000000000000000000, 9.398538128609710963E-32, 0.000000000000000000 ) ) ;
#7135 = CARTESIAN_POINT ( 'NONE',  ( 3.181149452793928046E-14, 99.00000000000000000, -20.30000000000000071 ) ) ;
#7136 = CARTESIAN_POINT ( 'NONE',  ( -1.530808498934191571E-16, 73.00000000273118417, -2.500000000000000000 ) ) ;
#7137 = CARTESIAN_POINT ( 'NONE',  ( -3.041265875000000118, 64.56250000136559208, 0.000000000000000000 ) ) ;
#7138 = EDGE_CURVE ( 'NONE', #3646, #9741, #10056, .T. ) ;
#7139 = CARTESIAN_POINT ( 'NONE',  ( 2.150499723603739533, 69.06250000136560629, 2.150499723603738644 ) ) ;
#7140 = ORIENTED_EDGE ( 'NONE', *, *, #8969, .T. ) ;
#7141 = DIRECTION ( 'NONE',  ( -0.9606447433647389289, -0.2777799075629750480, 0.000000000000000000 ) ) ;
#7142 = CARTESIAN_POINT ( 'NONE',  ( -3.041265874999999674, 68.50000000136559208, -1.259733572207478058 ) ) ;
#7143 = CARTESIAN_POINT ( 'NONE',  ( 2.789297643080071723E-15, 99.00000000000001421, 68.00000000000000000 ) ) ;
#7144 = DIRECTION ( 'NONE',  ( -1.665334536937734071E-16, 4.229157726022815470E-17, 1.000000000000000000 ) ) ;
#7145 = CARTESIAN_POINT ( 'NONE',  ( -3.041265875000000563, 73.50000000136559208, -1.259733572207478058 ) ) ;
#7146 = CARTESIAN_POINT ( 'NONE',  ( -3.041265874999999230, 75.62500000136559208, 1.259733572207480057 ) ) ;
#7147 = DIRECTION ( 'NONE',  ( 0.005090505946798832421, 0.9999870432906646789, -8.543513119185765079E-17 ) ) ;
#7148 = CARTESIAN_POINT ( 'NONE',  ( 2.500000000000000000, 66.50000000000000000, -3.061616997868383141E-16 ) ) ;
#7149 = CARTESIAN_POINT ( 'NONE',  ( -1.862238259587412120E-16, 73.43750000136559208, -3.041265875000000118 ) ) ;
#7150 = EDGE_LOOP ( 'NONE', ( #7181, #8314 ) ) ;
#7151 = CARTESIAN_POINT ( 'NONE',  ( 9.000000000000014211, 99.00000000000001421, -15.00000000000000533 ) ) ;
#7152 = CARTESIAN_POINT ( 'NONE',  ( -1.259733572207478058, 65.50000000136559208, -3.041265874999999674 ) ) ;
#7153 = LINE ( 'NONE', #7306, #7835 ) ;
#7154 = CIRCLE ( 'NONE', #3243, 6.000000000000000888 ) ;
#7155 = CARTESIAN_POINT ( 'NONE',  ( 1.767766952966368654, 72.62500000000000000, -1.767766952966369098 ) ) ;
#7156 = CARTESIAN_POINT ( 'NONE',  ( 2.500000000000000444, 68.68750000273118417, 1.035533905932737309 ) ) ;
#7157 = CARTESIAN_POINT ( 'NONE',  ( 6.599871324932400363, 100.8341751536686104, 20.00000000000001066 ) ) ;
#7158 = CARTESIAN_POINT ( 'NONE',  ( -2.500000000000000444, 68.93750000000000000, -1.035533905932737753 ) ) ;
#7159 = CIRCLE ( 'NONE', #2440, 1.205999999999999739 ) ;
#7160 = CARTESIAN_POINT ( 'NONE',  ( -1.035533905932737753, 79.81250000000000000, -2.500000000000000444 ) ) ;
#7161 = ORIENTED_EDGE ( 'NONE', *, *, #3642, .F. ) ;
#7162 = ORIENTED_EDGE ( 'NONE', *, *, #8397, .F. ) ;
#7163 = EDGE_LOOP ( 'NONE', ( #799, #675 ) ) ;
#7164 = ADVANCED_FACE ( 'NONE', ( #5329, #640 ), #6038, .F. ) ;
#7165 = CARTESIAN_POINT ( 'NONE',  ( -3.041265874999999230, 77.75000000136560629, 1.259733572207480057 ) ) ;
#7166 = CARTESIAN_POINT ( 'NONE',  ( 10.50000000000001421, 80.00000000000001421, -14.50000000000000355 ) ) ;
#7167 = EDGE_CURVE ( 'NONE', #5567, #760, #743, .T. ) ;
#7168 = CARTESIAN_POINT ( 'NONE',  ( -1.530808498934191571E-16, 71.00000000273118417, -2.500000000000000000 ) ) ;
#7169 = CARTESIAN_POINT ( 'NONE',  ( -2.500000000000000444, 65.18750000273118417, -1.035533905932737753 ) ) ;
#7170 = CIRCLE ( 'NONE', #9436, 9.750000000000001776 ) ;
#7171 = ORIENTED_EDGE ( 'NONE', *, *, #1130, .T. ) ;
#7172 = CARTESIAN_POINT ( 'NONE',  ( 3.696544490476026646E-14, 99.00000000000001421, -16.00000000000000355 ) ) ;
#7173 = EDGE_CURVE ( 'NONE', #745, #7809, #3967, .T. ) ;
#7174 = CARTESIAN_POINT ( 'NONE',  ( -10.49999999999998401, 110.0000000000000142, -20.00000000000000000 ) ) ;
#7175 = CARTESIAN_POINT ( 'NONE',  ( 2.150499723603739533, 64.93750000136559208, 2.150499723603738644 ) ) ;
#7176 = AXIS2_PLACEMENT_3D ( 'NONE', #5882, #2009, #1248 ) ;
#7177 = CARTESIAN_POINT ( 'NONE',  ( -6.599871324932387928, 97.16582484633143224, 68.00000000000000000 ) ) ;
#7178 = ORIENTED_EDGE ( 'NONE', *, *, #7416, .T. ) ;
#7179 = EDGE_CURVE ( 'NONE', #5296, #6560, #5938, .T. ) ;
#7180 = EDGE_LOOP ( 'NONE', ( #9792, #9305, #7884, #7178 ) ) ;
#7181 = ORIENTED_EDGE ( 'NONE', *, *, #6856, .T. ) ;
#7182 = CIRCLE ( 'NONE', #5392, 8.099999999999999645 ) ;
#7183 = DIRECTION ( 'NONE',  ( 0.000000000000000000, -8.773937619163356039E-17, -1.000000000000000000 ) ) ;
#7184 = DIRECTION ( 'NONE',  ( 0.000000000000000000, -8.773937619163356039E-17, -1.000000000000000000 ) ) ;
#7185 = CARTESIAN_POINT ( 'NONE',  ( 1.035533905932707555, 74.56250000273119838, 2.500000000000031086 ) ) ;
#7186 = CYLINDRICAL_SURFACE ( 'NONE', #289, 4.799999999999998046 ) ;
#7187 = DIRECTION ( 'NONE',  ( 0.000000000000000000, 0.000000000000000000, 1.000000000000000000 ) ) ;
#7188 = CYLINDRICAL_SURFACE ( 'NONE', #1529, 1.024434782608708572 ) ;
#7189 = CIRCLE ( 'NONE', #1651, 8.099999999999999645 ) ;
#7190 = CARTESIAN_POINT ( 'NONE',  ( -3.041265875000000118, 69.68750000136560629, 0.000000000000000000 ) ) ;
#7191 = EDGE_LOOP ( 'NONE', ( #8675, #4118, #8265, #5221 ) ) ;
#7192 = CIRCLE ( 'NONE', #28, 1.205999999999999739 ) ;
#7193 = DIRECTION ( 'NONE',  ( -0.9606447433647389289, -0.2777799075629748815, -3.481806628802592553E-17 ) ) ;
#7194 = CARTESIAN_POINT ( 'NONE',  ( -2.150499723603739088, 69.43750000136560629, -2.150499723603739088 ) ) ;
#7195 = CARTESIAN_POINT ( 'NONE',  ( 4.592425496802573972E-16, 64.50000000273119838, 2.500000000000000000 ) ) ;
#7196 = CARTESIAN_POINT ( 'NONE',  ( 3.041265875000001007, 73.00000000136559208, 1.259733572207477836 ) ) ;
#7197 = VERTEX_POINT ( 'NONE', #2978 ) ;
#7198 = CARTESIAN_POINT ( 'NONE',  ( -1.259733572207478502, 76.75000000136559208, 3.041265874999999230 ) ) ;
#7199 = CARTESIAN_POINT ( 'NONE',  ( -1.732050807571371642, 82.51000000000003354, -0.9999999999956669106 ) ) ;
#7200 = CARTESIAN_POINT ( 'NONE',  ( 2.500000000000000000, 67.50000000000000000, -3.061616997868383141E-16 ) ) ;
#7201 = CARTESIAN_POINT ( 'NONE',  ( 3.041265875000000118, 70.18750000136560629, -3.724476519174824240E-16 ) ) ;
#7202 = ORIENTED_EDGE ( 'NONE', *, *, #8389, .F. ) ;
#7203 = CARTESIAN_POINT ( 'NONE',  ( -8.982984506048323325, 95.32843955602338326, 20.29999999999999361 ) ) ;
#7204 = CARTESIAN_POINT ( 'NONE',  ( -3.041265875000000118, 78.56250000136559208, 0.000000000000000000 ) ) ;
#7205 = DIRECTION ( 'NONE',  ( 3.885780586188047398E-16, -1.000000000000000000, -2.603240987229321021E-29 ) ) ;
#7206 = EDGE_CURVE ( 'NONE', #4376, #5681, #5798, .T. ) ;
#7207 = DIRECTION ( 'NONE',  ( -3.885780586188047891E-16, 1.000000000000000000, 2.603240987229339518E-29 ) ) ;
#7208 = CARTESIAN_POINT ( 'NONE',  ( -0.5773502691871216230, 82.51000000000003354, 1.000000000001442402 ) ) ;
#7209 = CARTESIAN_POINT ( 'NONE',  ( 3.050000000000028244, 80.00000000000002842, -7.624210284817548238E-12 ) ) ;
#7210 = CARTESIAN_POINT ( 'NONE',  ( 2.500000000000000444, 79.43750000000001421, 1.035533905932737309 ) ) ;
#7211 = EDGE_LOOP ( 'NONE', ( #7526, #2580 ) ) ;
#7212 = VERTEX_POINT ( 'NONE', #9043 ) ;
#7213 = EDGE_CURVE ( 'NONE', #8040, #5052, #4494, .T. ) ;
#7214 = ORIENTED_EDGE ( 'NONE', *, *, #1255, .F. ) ;
#7215 = VECTOR ( 'NONE', #510, 1000.000000000000114 ) ;
#7216 = CARTESIAN_POINT ( 'NONE',  ( -3.041265875000000118, 75.68750000136559208, 0.000000000000000000 ) ) ;
#7217 = PERSON_AND_ORGANIZATION_ROLE ( 'creator' ) ;
#7218 = VECTOR ( 'NONE', #5232, 1000.000000000000000 ) ;
#7219 = DIRECTION ( 'NONE',  ( 0.000000000000000000, 8.773937619163356039E-17, 1.000000000000000000 ) ) ;
#7220 = CARTESIAN_POINT ( 'NONE',  ( -1.035533905932738197, 65.43750000273118417, 2.500000000000000000 ) ) ;
#7221 = ORIENTED_EDGE ( 'NONE', *, *, #9161, .F. ) ;
#7222 = CARTESIAN_POINT ( 'NONE',  ( 7.347880794884120722E-16, 76.25000000000000000, 6.000000000000000888 ) ) ;
#7223 = CARTESIAN_POINT ( 'NONE',  ( 4.592425496802573972E-16, 74.25000000000000000, 2.500000000000000000 ) ) ;
#7224 = CARTESIAN_POINT ( 'NONE',  ( -1.259733572207478502, 65.75000000136559208, 3.041265874999999230 ) ) ;
#7225 = DIRECTION ( 'NONE',  ( -1.665334536937734071E-16, 4.229157726022815470E-17, 1.000000000000000000 ) ) ;
#7226 = ORIENTED_EDGE ( 'NONE', *, *, #9465, .T. ) ;
#7227 = EDGE_CURVE ( 'NONE', #2262, #7601, #4338, .T. ) ;
#7228 = EDGE_LOOP ( 'NONE', ( #3845, #8902, #4291, #6139, #4768, #7676, #2481, #5811 ) ) ;
#7229 = ORIENTED_EDGE ( 'NONE', *, *, #7958, .F. ) ;
#7230 = EDGE_CURVE ( 'NONE', #766, #3517, #541, .T. ) ;
#7231 = CARTESIAN_POINT ( 'NONE',  ( -7.781222421254346600, 96.74998274873991022, -16.00000000000000355 ) ) ;
#7232 = DIRECTION ( 'NONE',  ( 2.501589552824417278E-12, 0.000000000000000000, 1.000000000000000000 ) ) ;
#7233 = VECTOR ( 'NONE', #7405, 1000.000000000000000 ) ;
#7234 = DIRECTION ( 'NONE',  ( 0.9634848649536335019, 0.2677627961559977399, 0.000000000000000000 ) ) ;
#7235 = FACE_OUTER_BOUND ( 'NONE', #9860, .T. ) ;
#7236 = CARTESIAN_POINT ( 'NONE',  ( 1.561251128379126385E-14, 99.00000000000001421, -19.19999999999999929 ) ) ;
#7237 = EDGE_CURVE ( 'NONE', #2374, #5619, #4611, .T. ) ;
#7238 = FACE_OUTER_BOUND ( 'NONE', #5347, .T. ) ;
#7239 = AXIS2_PLACEMENT_3D ( 'NONE', #6093, #1811, #4918 ) ;
#7240 = CARTESIAN_POINT ( 'NONE',  ( 2.150499723603739533, 68.06250000136560629, 2.150499723603738644 ) ) ;
#7241 = ORIENTED_EDGE ( 'NONE', *, *, #2303, .T. ) ;
#7242 = CARTESIAN_POINT ( 'NONE',  ( 3.697654713500652055E-14, 99.00000000000001421, -16.20000000000000284 ) ) ;
#7243 = CARTESIAN_POINT ( 'NONE',  ( -1.259733572207478502, 66.75000000136559208, 3.041265874999999230 ) ) ;
#7244 = CARTESIAN_POINT ( 'NONE',  ( -4.153311931459089834, 80.00000000000001421, -4.999999999999990230 ) ) ;
#7245 = CARTESIAN_POINT ( 'NONE',  ( 2.150499723603738644, 76.18750000136559208, -2.150499723603739088 ) ) ;
#7246 = ORIENTED_EDGE ( 'NONE', *, *, #2624, .F. ) ;
#7247 = CARTESIAN_POINT ( 'NONE',  ( 3.041265875000001007, 78.00000000136559208, 1.259733572207477836 ) ) ;
#7248 = CARTESIAN_POINT ( 'NONE',  ( -0.5773502691871220671, 83.55000000000002558, 1.000000000001442402 ) ) ;
#7249 = CARTESIAN_POINT ( 'NONE',  ( 2.500000000000000000, 65.50000000000000000, -3.061616997868383141E-16 ) ) ;
#7250 = CARTESIAN_POINT ( 'NONE',  ( 3.041265875000000118, 73.18750000136559208, -3.724476519174824240E-16 ) ) ;
#7251 = VERTEX_POINT ( 'NONE', #4456 ) ;
#7252 = CARTESIAN_POINT ( 'NONE',  ( -3.041265875000000563, 77.62500000136560629, -1.259733572207478058 ) ) ;
#7253 = CARTESIAN_POINT ( 'NONE',  ( -3.041265874999999230, 65.75000000136559208, 1.259733572207480057 ) ) ;
#7254 = AXIS2_PLACEMENT_3D ( 'NONE', #1216, #647, #546 ) ;
#7255 = DIRECTION ( 'NONE',  ( -2.771172519036345232E-16, 8.684692346097759303E-17, 1.000000000000000000 ) ) ;
#7256 = LINE ( 'NONE', #277, #4958 ) ;
#7257 = LINE ( 'NONE', #1380, #7314 ) ;
#7258 = DIRECTION ( 'NONE',  ( -2.166528334093129731E-12, 0.5000000000000042188, -0.8660254037844361541 ) ) ;
#7259 = CARTESIAN_POINT ( 'NONE',  ( -2.500000000000000444, 76.93750000000001421, -1.035533905932737753 ) ) ;
#7260 = EDGE_CURVE ( 'NONE', #5665, #10003, #5180, .T. ) ;
#7261 = ORIENTED_EDGE ( 'NONE', *, *, #794, .F. ) ;
#7262 = ORIENTED_EDGE ( 'NONE', *, *, #8697, .F. ) ;
#7263 = CARTESIAN_POINT ( 'NONE',  ( -3.968626966596887851, 76.25000000000000000, 4.500000000000000000 ) ) ;
#7264 = CIRCLE ( 'NONE', #6611, 8.099999999999999645 ) ;
#7265 =( BOUNDED_CURVE ( )  B_SPLINE_CURVE ( 2, ( #2796, #2745, #5854, #2940, #3602, #3649, #9913, #3698, #8959 ),
 .UNSPECIFIED., .F., .F. ) 
 B_SPLINE_CURVE_WITH_KNOTS ( ( 3, 2, 2, 2, 3 ),
 ( 0.8166666666666664298, 0.8249999999999997335, 0.8333333333333331483, 0.8416666666666664520, 0.8499999999999997558 ),
 .UNSPECIFIED. ) 
 CURVE ( )  GEOMETRIC_REPRESENTATION_ITEM ( )  RATIONAL_B_SPLINE_CURVE ( ( 1.000000000000001998, 0.9238795325112847401, 1.000000000000000000, 0.9238795325112867385, 1.000000000000000000, 0.9238795325112867385, 1.000000000000000000, 0.9238795325112887369, 0.9999999999999980016 ) ) 
 REPRESENTATION_ITEM ( '' )  );
#7266 = CARTESIAN_POINT ( 'NONE',  ( 2.150499723603739533, 75.06250000136559208, 2.150499723603738644 ) ) ;
#7267 = CARTESIAN_POINT ( 'NONE',  ( -2.250017251260064466, 106.7812224212543981, -16.00000000000000355 ) ) ;
#7268 = CARTESIAN_POINT ( 'NONE',  ( 1.767766952966368654, 65.87500000273119838, -1.767766952966369098 ) ) ;
#7269 = AXIS2_PLACEMENT_3D ( 'NONE', #5869, #1995, #3661 ) ;
#7270 = ORIENTED_EDGE ( 'NONE', *, *, #7173, .F. ) ;
#7271 = LINE ( 'NONE', #6262, #7938 ) ;
#7272 = CARTESIAN_POINT ( 'NONE',  ( -10.99999999999998401, 80.00000000000001421, 14.49999999999999467 ) ) ;
#7273 = AXIS2_PLACEMENT_3D ( 'NONE', #1547, #4648, #6993 ) ;
#7274 = CARTESIAN_POINT ( 'NONE',  ( 1.259733572207478058, 66.25000000136559208, -3.041265874999999674 ) ) ;
#7275 = CYLINDRICAL_SURFACE ( 'NONE', #9530, 2.500000000000000000 ) ;
#7276 = ORIENTED_EDGE ( 'NONE', *, *, #244, .F. ) ;
#7277 = ORIENTED_EDGE ( 'NONE', *, *, #2185, .F. ) ;
#7278 = VERTEX_POINT ( 'NONE', #2213 ) ;
#7279 = CARTESIAN_POINT ( 'NONE',  ( 1.593170040337102554E-15, 83.55000000000002558, -1.067328804764031080E-28 ) ) ;
#7280 = AXIS2_PLACEMENT_3D ( 'NONE', #4375, #6618, #2125 ) ;
#7281 = DIRECTION ( 'NONE',  ( 0.4888958147463141057, 0.8723421819008512212, 0.000000000000000000 ) ) ;
#7282 = FACE_OUTER_BOUND ( 'NONE', #10050, .T. ) ;
#7283 = ORIENTED_EDGE ( 'NONE', *, *, #6237, .T. ) ;
#7284 = CARTESIAN_POINT ( 'NONE',  ( 4.443196637400277815, 100.8160406497089099, 21.39999999999999858 ) ) ;
#7285 = DIRECTION ( 'NONE',  ( 0.000000000000000000, -8.773937619163356039E-17, -1.000000000000000000 ) ) ;
#7286 = DIRECTION ( 'NONE',  ( -1.000000000000000000, 0.000000000000000000, 0.000000000000000000 ) ) ;
#7287 = AXIS2_PLACEMENT_3D ( 'NONE', #4841, #4125, #9620 ) ;
#7288 = CIRCLE ( 'NONE', #3696, 4.799999999999998046 ) ;
#7289 = CARTESIAN_POINT ( 'NONE',  ( -1.862238259587412120E-16, 66.43750000136559208, -3.041265875000000118 ) ) ;
#7290 = ORIENTED_EDGE ( 'NONE', *, *, #9876, .T. ) ;
#7291 = ADVANCED_FACE ( 'NONE', ( #8382 ), #1408, .T. ) ;
#7292 = DIRECTION ( 'NONE',  ( -1.000000000000000000, -0.000000000000000000, -0.000000000000000000 ) ) ;
#7293 = CARTESIAN_POINT ( 'NONE',  ( -1.862238259587412120E-16, 69.31250000136560629, -3.041265875000000118 ) ) ;
#7294 = CARTESIAN_POINT ( 'NONE',  ( -2.500000000000000000, 76.25000000273118417, 0.000000000000000000 ) ) ;
#7295 = ORIENTED_EDGE ( 'NONE', *, *, #9283, .F. ) ;
#7296 = EDGE_CURVE ( 'NONE', #4279, #7428, #7519, .T. ) ;
#7297 = CARTESIAN_POINT ( 'NONE',  ( 3.041265875000001007, 70.00000000136557787, 1.259733572207477836 ) ) ;
#7298 = ORIENTED_EDGE ( 'NONE', *, *, #3847, .T. ) ;
#7299 = ADVANCED_FACE ( 'NONE', ( #9854 ), #5316, .T. ) ;
#7300 = CARTESIAN_POINT ( 'NONE',  ( -10.99999999999998401, 93.12500000000001421, 19.49999999999999645 ) ) ;
#7301 = CARTESIAN_POINT ( 'NONE',  ( 1.767766952966368654, 66.62500000000000000, -1.767766952966369098 ) ) ;
#7302 = CARTESIAN_POINT ( 'NONE',  ( 5.586714778762236360E-16, 70.93750000136559208, 3.041265875000000118 ) ) ;
#7303 = VERTEX_POINT ( 'NONE', #3277 ) ;
#7304 = CARTESIAN_POINT ( 'NONE',  ( -3.041265875000000118, 77.68750000136559208, 0.000000000000000000 ) ) ;
#7305 = CARTESIAN_POINT ( 'NONE',  ( -1.259733572207478502, 64.87500000136559208, 3.041265874999999230 ) ) ;
#7306 = CARTESIAN_POINT ( 'NONE',  ( 9.750000000000015987, 99.00000000000001421, -19.19999999999999929 ) ) ;
#7307 = LINE ( 'NONE', #6395, #2674 ) ;
#7308 = DIRECTION ( 'NONE',  ( -1.000000000000000000, 0.000000000000000000, 0.000000000000000000 ) ) ;
#7309 = CARTESIAN_POINT ( 'NONE',  ( 9.750000000000015987, 99.00000000000001421, 20.00000000000000355 ) ) ;
#7310 = CARTESIAN_POINT ( 'NONE',  ( 1.035533905932739085, 79.31250000000001421, 2.500000000000000000 ) ) ;
#7311 = EDGE_LOOP ( 'NONE', ( #3049, #9856, #9277, #9627 ) ) ;
#7312 = VERTEX_POINT ( 'NONE', #3127 ) ;
#7313 = DIRECTION ( 'NONE',  ( 2.501589552824417682E-12, 9.460304020253028666E-28, 1.000000000000000000 ) ) ;
#7314 = VECTOR ( 'NONE', #4382, 1000.000000000000114 ) ;
#7315 = CARTESIAN_POINT ( 'NONE',  ( 1.259733572207479835, 77.00000000136560629, 3.041265874999999230 ) ) ;
#7316 = COORDINATED_UNIVERSAL_TIME_OFFSET ( 7, 0, .AHEAD. ) ;
#7317 = FACE_BOUND ( 'NONE', #8638, .T. ) ;
#7318 = CARTESIAN_POINT ( 'NONE',  ( 1.139907719904815683E-14, 99.00000000000001421, 16.30000000000000426 ) ) ;
#7319 = ORIENTED_EDGE ( 'NONE', *, *, #9650, .T. ) ;
#7320 = FACE_OUTER_BOUND ( 'NONE', #7115, .T. ) ;
#7321 = DIRECTION ( 'NONE',  ( -0.5773502691896251759, -0.5773502691896267303, -0.5773502691896253980 ) ) ;
#7322 = CARTESIAN_POINT ( 'NONE',  ( 3.041265875000000118, 65.06250000136559208, -3.724476519174824240E-16 ) ) ;
#7323 = CARTESIAN_POINT ( 'NONE',  ( -6.599871324932380823, 97.16582484633143224, 16.00000000000000711 ) ) ;
#7324 = EDGE_LOOP ( 'NONE', ( #6214, #4670, #6094, #4595 ) ) ;
#7325 =( BOUNDED_CURVE ( )  B_SPLINE_CURVE ( 2, ( #7005, #3889, #744, #1409, #7619, #6957, #30, #10057, #3078 ),
 .UNSPECIFIED., .F., .F. ) 
 B_SPLINE_CURVE_WITH_KNOTS ( ( 3, 2, 2, 2, 3 ),
 ( 0.9166666666666665186, 0.9249999999999999334, 0.9333333333333332371, 0.9416666666666665408, 0.9499999999999998446 ),
 .UNSPECIFIED. ) 
 CURVE ( )  GEOMETRIC_REPRESENTATION_ITEM ( )  RATIONAL_B_SPLINE_CURVE ( ( 1.000000000000001110, 0.9238795325112857393, 1.000000000000000000, 0.9238795325112867385, 1.000000000000000000, 0.9238795325112867385, 1.000000000000000000, 0.9238795325112877377, 0.9999999999999990008 ) ) 
 REPRESENTATION_ITEM ( '' )  );
#7326 = VERTEX_POINT ( 'NONE', #843 ) ;
#7327 = DIRECTION ( 'NONE',  ( -3.885780586188047891E-16, 1.000000000000000000, 2.603240987229339518E-29 ) ) ;
#7328 = LOCAL_TIME ( 5, 30, 20.00000000000000000, #4976 ) ;
#7329 = FACE_OUTER_BOUND ( 'NONE', #3248, .T. ) ;
#7330 = CARTESIAN_POINT ( 'NONE',  ( -8.999999999999984013, 99.00000000000001421, -19.19999999999999929 ) ) ;
#7331 = EDGE_CURVE ( 'NONE', #4421, #4207, #7004, .T. ) ;
#7332 = ORIENTED_EDGE ( 'NONE', *, *, #7173, .T. ) ;
#7333 = DIRECTION ( 'NONE',  ( -3.885780586188047891E-16, 1.000000000000000000, 2.603240987229339518E-29 ) ) ;
#7334 = DIRECTION ( 'NONE',  ( 2.501589552824417682E-12, 0.000000000000000000, 1.000000000000000000 ) ) ;
#7335 = FACE_OUTER_BOUND ( 'NONE', #4985, .T. ) ;
#7336 = CARTESIAN_POINT ( 'NONE',  ( 1.561251128379126385E-14, 109.5000000000000142, 20.00000000000000000 ) ) ;
#7337 = VERTEX_POINT ( 'NONE', #9441 ) ;
#7338 = EDGE_CURVE ( 'NONE', #1865, #9532, #4240, .T. ) ;
#7339 = VECTOR ( 'NONE', #1356, 1000.000000000000000 ) ;
#7340 = CARTESIAN_POINT ( 'NONE',  ( 4.931807595171235903, 94.20307626389225675, 20.30000000000000071 ) ) ;
#7341 =( BOUNDED_CURVE ( )  B_SPLINE_CURVE ( 2, ( #8821, #8006, #4133, #8056, #7294, #212, #4033, #982, #4902 ),
 .UNSPECIFIED., .F., .F. ) 
 B_SPLINE_CURVE_WITH_KNOTS ( ( 3, 2, 2, 2, 3 ),
 ( 0.1833333333333334869, 0.1916666666666668462, 0.2000000000000001776, 0.2083333333333335091, 0.2166666666666668406 ),
 .UNSPECIFIED. ) 
 CURVE ( )  GEOMETRIC_REPRESENTATION_ITEM ( )  RATIONAL_B_SPLINE_CURVE ( ( 0.9999999999999984457, 0.9238795325112882928, 1.000000000000000000, 0.9238795325112867385, 1.000000000000000000, 0.9238795325112867385, 1.000000000000000000, 0.9238795325112851842, 1.000000000000001554 ) ) 
 REPRESENTATION_ITEM ( '' )  );
#7342 = FACE_OUTER_BOUND ( 'NONE', #7465, .T. ) ;
#7343 = DIRECTION ( 'NONE',  ( 0.000000000000000000, 8.773937619163356039E-17, 1.000000000000000000 ) ) ;
#7344 = ORIENTED_EDGE ( 'NONE', *, *, #8474, .T. ) ;
#7345 = CARTESIAN_POINT ( 'NONE',  ( 3.968626966596887851, 5.000000000000000000, 4.500000000000000000 ) ) ;
#7346 = AXIS2_PLACEMENT_3D ( 'NONE', #9516, #7886, #4020 ) ;
#7347 = CARTESIAN_POINT ( 'NONE',  ( 5.586714778762236360E-16, 69.81250000136560629, 3.041265875000000118 ) ) ;
#7348 = ORIENTED_EDGE ( 'NONE', *, *, #3616, .F. ) ;
#7349 = DIRECTION ( 'NONE',  ( 4.632792164159807407E-48, -1.455634920575271343E-16, -1.000000000000000000 ) ) ;
#7350 = VERTEX_POINT ( 'NONE', #2321 ) ;
#7351 = VECTOR ( 'NONE', #6468, 1000.000000000000000 ) ;
#7352 = CARTESIAN_POINT ( 'NONE',  ( -1.259733572207478058, 78.50000000136560629, -3.041265874999999674 ) ) ;
#7353 = CARTESIAN_POINT ( 'NONE',  ( -3.041265875000000563, 72.62500000136559208, -1.259733572207478058 ) ) ;
#7354 = ORIENTED_EDGE ( 'NONE', *, *, #482, .F. ) ;
#7355 = ADVANCED_FACE ( 'NONE', ( #9294 ), #3030, .F. ) ;
#7356 = CARTESIAN_POINT ( 'NONE',  ( 2.150499723603739533, 79.06250000136559208, 2.150499723603738644 ) ) ;
#7357 = EDGE_CURVE ( 'NONE', #9074, #10003, #7431, .T. ) ;
#7358 = CARTESIAN_POINT ( 'NONE',  ( -3.041265874999999674, 77.50000000136559208, -1.259733572207478058 ) ) ;
#7359 = CIRCLE ( 'NONE', #9798, 6.000000000000000000 ) ;
#7360 = DIRECTION ( 'NONE',  ( -0.7071067811865463515, -0.7071067811865487940, 6.204110788218172664E-17 ) ) ;
#7361 = CIRCLE ( 'NONE', #6869, 5.999999999999999112 ) ;
#7362 = CARTESIAN_POINT ( 'NONE',  ( -8.982984506048323325, 95.32843955602338326, 21.39999999999999503 ) ) ;
#7363 = LINE ( 'NONE', #8070, #2592 ) ;
#7364 = CARTESIAN_POINT ( 'NONE',  ( -1.530808498934191571E-16, 69.75000000000000000, -2.500000000000000000 ) ) ;
#7365 = EDGE_CURVE ( 'NONE', #714, #8127, #4811, .T. ) ;
#7366 = CARTESIAN_POINT ( 'NONE',  ( 1.767766952966369320, 73.37500000000000000, 1.767766952966368654 ) ) ;
#7367 = ORIENTED_EDGE ( 'NONE', *, *, #8397, .T. ) ;
#7368 = VERTEX_POINT ( 'NONE', #1559 ) ;
#7369 = FACE_OUTER_BOUND ( 'NONE', #7790, .T. ) ;
#7370 = CARTESIAN_POINT ( 'NONE',  ( -2.150499723603738200, 77.81250000136559208, 2.150499723603739533 ) ) ;
#7371 = ADVANCED_FACE ( 'NONE', ( #1896 ), #1656, .F. ) ;
#7372 = APPLICATION_PROTOCOL_DEFINITION ( 'international standard', 'config_control_design', 1994, #6675 ) ;
#7373 = PLANE ( 'NONE',  #1414 ) ;
#7374 = CARTESIAN_POINT ( 'NONE',  ( -2.500000000000000444, 70.93750000000000000, -1.035533905932737753 ) ) ;
#7375 = EDGE_LOOP ( 'NONE', ( #3794, #506, #9558, #4464 ) ) ;
#7376 = PLANE ( 'NONE',  #466 ) ;
#7377 = DIRECTION ( 'NONE',  ( -0.2777799075629753811, 0.9606447433647388179, -7.942748297062766199E-17 ) ) ;
#7378 = LINE ( 'NONE', #6510, #4816 ) ;
#7379 = ORIENTED_EDGE ( 'NONE', *, *, #9223, .F. ) ;
#7380 = VERTEX_POINT ( 'NONE', #76 ) ;
#7381 = CIRCLE ( 'NONE', #7051, 8.800000000000000711 ) ;
#7382 = DIRECTION ( 'NONE',  ( -0.9606447433647389289, -0.2777799075629749370, -3.481806628802591321E-17 ) ) ;
#7383 = CARTESIAN_POINT ( 'NONE',  ( 3.211632350503328181E-14, 99.00000000000000000, -21.40000000000000213 ) ) ;
#7384 = CARTESIAN_POINT ( 'NONE',  ( 4.797269072985134386, 92.76423757108376833, -21.39999999999999858 ) ) ;
#7385 = ORIENTED_EDGE ( 'NONE', *, *, #1684, .T. ) ;
#7386 = DIRECTION ( 'NONE',  ( 0.2777799075629752701, -0.9606447433647388179, 7.942748297062764966E-17 ) ) ;
#7387 = FACE_OUTER_BOUND ( 'NONE', #1289, .T. ) ;
#7388 = AXIS2_PLACEMENT_3D ( 'NONE', #6361, #5397, #5538 ) ;
#7389 = LINE ( 'NONE', #7336, #3342 ) ;
#7390 = ORIENTED_EDGE ( 'NONE', *, *, #4491, .T. ) ;
#7391 = EDGE_CURVE ( 'NONE', #8693, #6267, #3888, .T. ) ;
#7392 = DIRECTION ( 'NONE',  ( 0.000000000000000000, -1.000000000000000000, 0.000000000000000000 ) ) ;
#7393 = CARTESIAN_POINT ( 'NONE',  ( 1.767766952966369320, 66.37500000000000000, 1.767766952966368654 ) ) ;
#7394 = DIRECTION ( 'NONE',  ( 0.7071067811865475727, -8.333782347742713394E-17, 0.7071067811865475727 ) ) ;
#7395 = CARTESIAN_POINT ( 'NONE',  ( 8.478666811591986985, 101.3563126061728070, 16.20000000000004547 ) ) ;
#7396 = CARTESIAN_POINT ( 'NONE',  ( 3.041265875000000563, 69.12500000136559208, -1.259733572207478502 ) ) ;
#7397 = ORIENTED_EDGE ( 'NONE', *, *, #4634, .F. ) ;
#7398 = EDGE_LOOP ( 'NONE', ( #9398, #1237, #8420, #1942 ) ) ;
#7399 = CARTESIAN_POINT ( 'NONE',  ( 1.259733572207478058, 77.37500000136562051, -3.041265874999999674 ) ) ;
#7400 = CARTESIAN_POINT ( 'NONE',  ( -3.041265874999999230, 66.75000000136559208, 1.259733572207480057 ) ) ;
#7401 = ORIENTED_EDGE ( 'NONE', *, *, #324, .F. ) ;
#7402 = CARTESIAN_POINT ( 'NONE',  ( -3.041265874999999230, 76.75000000136560629, 1.259733572207480057 ) ) ;
#7403 = CARTESIAN_POINT ( 'NONE',  ( -2.150499723603739088, 74.43750000136559208, -2.150499723603739088 ) ) ;
#7404 = DIRECTION ( 'NONE',  ( 0.07845909573033950368, 3.048748309985632253E-17, 0.9969173337329316764 ) ) ;
#7405 = DIRECTION ( 'NONE',  ( 1.000000000000000000, 0.000000000000000000, 0.000000000000000000 ) ) ;
#7406 = DIRECTION ( 'NONE',  ( 0.000000000000000000, -8.773937619163356039E-17, -1.000000000000000000 ) ) ;
#7407 = EDGE_CURVE ( 'NONE', #9199, #9363, #4542, .T. ) ;
#7408 = LINE ( 'NONE', #9083, #5874 ) ;
#7409 = CIRCLE ( 'NONE', #418, 6.099999999999997868 ) ;
#7410 = CARTESIAN_POINT ( 'NONE',  ( -2.500000000000000444, 73.93750000000000000, -1.035533905932737753 ) ) ;
#7411 = ORIENTED_EDGE ( 'NONE', *, *, #9095, .T. ) ;
#7412 = ORIENTED_EDGE ( 'NONE', *, *, #6740, .F. ) ;
#7413 = CIRCLE ( 'NONE', #585, 4.799999999999998046 ) ;
#7414 = LINE ( 'NONE', #7263, #6474 ) ;
#7415 = CARTESIAN_POINT ( 'NONE',  ( 5.586714778762236360E-16, 70.93750000136559208, 3.041265875000000118 ) ) ;
#7416 = EDGE_CURVE ( 'NONE', #4568, #7006, #6394, .T. ) ;
#7417 = APPROVAL_DATE_TIME ( #1922, #79 ) ;
#7418 = CARTESIAN_POINT ( 'NONE',  ( 2.918359998105447388E-14, 80.00000000000002842, 5.637851296924623057E-15 ) ) ;
#7419 = DIRECTION ( 'NONE',  ( 0.2777799075629752701, -0.9606447433647388179, 7.942748297062764966E-17 ) ) ;
#7420 =( BOUNDED_CURVE ( )  B_SPLINE_CURVE ( 2, ( #8668, #9478, #4082, #879, #263, #3361, #1746, #314, #3412 ),
 .UNSPECIFIED., .F., .T. ) 
 B_SPLINE_CURVE_WITH_KNOTS ( ( 3, 2, 2, 2, 3 ),
 ( 0.1166666666666667657, 0.1250000000000001110, 0.1333333333333334425, 0.1416666666666667740, 0.1500000000000001055 ),
 .UNSPECIFIED. ) 
 CURVE ( )  GEOMETRIC_REPRESENTATION_ITEM ( )  RATIONAL_B_SPLINE_CURVE ( ( 0.9999999999999991118, 0.9238795325112876267, 1.000000000000000000, 0.9238795325112867385, 1.000000000000000000, 0.9238795325112867385, 1.000000000000000000, 0.9238795325112857393, 1.000000000000001110 ) ) 
 REPRESENTATION_ITEM ( '' )  );
#7421 = ORIENTED_EDGE ( 'NONE', *, *, #922, .T. ) ;
#7422 = CARTESIAN_POINT ( 'NONE',  ( -5.763868460188383835, 97.33332055462217625, -16.20000000000000284 ) ) ;
#7423 = EDGE_CURVE ( 'NONE', #6596, #4161, #8241, .T. ) ;
#7424 = DIRECTION ( 'NONE',  ( -1.665334536937734071E-16, 4.229157726022815470E-17, 1.000000000000000000 ) ) ;
#7425 = VECTOR ( 'NONE', #6925, 1000.000000000000000 ) ;
#7426 = EDGE_CURVE ( 'NONE', #8442, #6966, #2467, .T. ) ;
#7427 = CARTESIAN_POINT ( 'NONE',  ( 11.00000000000001421, 80.00000000000001421, -15.50000000000000533 ) ) ;
#7428 = VERTEX_POINT ( 'NONE', #7864 ) ;
#7429 = ORIENTED_EDGE ( 'NONE', *, *, #8667, .F. ) ;
#7430 = CARTESIAN_POINT ( 'NONE',  ( 1.561251128379126385E-14, 79.50000000000002842, 4.122794866321867394E-15 ) ) ;
#7431 = CIRCLE ( 'NONE', #9373, 6.099999999999997868 ) ;
#7432 = DIRECTION ( 'NONE',  ( 0.9999870432906646789, -0.005090505946797769903, 3.575146948697720887E-16 ) ) ;
#7433 = CIRCLE ( 'NONE', #5809, 6.850000000000000533 ) ;
#7434 = FACE_BOUND ( 'NONE', #246, .T. ) ;
#7435 = LINE ( 'NONE', #6668, #6790 ) ;
#7436 = VERTEX_POINT ( 'NONE', #3994 ) ;
#7437 = CARTESIAN_POINT ( 'NONE',  ( 1.985792177107727192E-14, 99.00000000000002842, 20.29999999999999716 ) ) ;
#7438 = CARTESIAN_POINT ( 'NONE',  ( 4.592425496802573972E-16, 65.25000000000000000, 2.500000000000000000 ) ) ;
#7439 = CARTESIAN_POINT ( 'NONE',  ( 1.561251128379126385E-14, 99.00000000000001421, -15.50000000000000533 ) ) ;
#7440 = CARTESIAN_POINT ( 'NONE',  ( 2.150499723603738644, 76.18750000136559208, -2.150499723603739088 ) ) ;
#7441 = VECTOR ( 'NONE', #9682, 1000.000000000000000 ) ;
#7442 = CARTESIAN_POINT ( 'NONE',  ( 3.041265875000000118, 66.18750000136559208, -3.724476519174824240E-16 ) ) ;
#7443 = ORIENTED_EDGE ( 'NONE', *, *, #4486, .F. ) ;
#7444 = CIRCLE ( 'NONE', #5492, 10.49999999999999467 ) ;
#7445 = DIRECTION ( 'NONE',  ( 0.9256659661250540294, 0.3783418020226816392, 0.000000000000000000 ) ) ;
#7446 = CARTESIAN_POINT ( 'NONE',  ( 2.150499723603738644, 65.18750000136559208, -2.150499723603739088 ) ) ;
#7447 = CARTESIAN_POINT ( 'NONE',  ( 1.035533905932716436, 68.68750000000000000, -2.500000000000020872 ) ) ;
#7448 = DIRECTION ( 'NONE',  ( -3.885780586188047398E-16, 1.000000000000000000, 2.603240987229321021E-29 ) ) ;
#7449 = AXIS2_PLACEMENT_3D ( 'NONE', #7784, #5348, #3905 ) ;
#7450 = CARTESIAN_POINT ( 'NONE',  ( -3.041265875000000118, 71.56250000136560629, 0.000000000000000000 ) ) ;
#7451 = ORIENTED_EDGE ( 'NONE', *, *, #9015, .F. ) ;
#7452 = VECTOR ( 'NONE', #4756, 1000.000000000000114 ) ;
#7453 = EDGE_CURVE ( 'NONE', #7212, #3810, #5018, .T. ) ;
#7454 = ORIENTED_EDGE ( 'NONE', *, *, #2370, .T. ) ;
#7455 = CARTESIAN_POINT ( 'NONE',  ( -3.041265874999999230, 76.75000000136559208, 1.259733572207480057 ) ) ;
#7456 = CARTESIAN_POINT ( 'NONE',  ( 3.041265875000001007, 67.12500000136559208, 1.259733572207477836 ) ) ;
#7457 = EDGE_LOOP ( 'NONE', ( #4633, #9241, #2707, #686 ) ) ;
#7458 = VECTOR ( 'NONE', #8898, 1000.000000000000000 ) ;
#7459 = CARTESIAN_POINT ( 'NONE',  ( -2.150499723603738200, 75.68750000136559208, 2.150499723603739533 ) ) ;
#7460 = DIRECTION ( 'NONE',  ( -1.665334536937734071E-16, 4.229157726022815470E-17, 1.000000000000000000 ) ) ;
#7461 = CARTESIAN_POINT ( 'NONE',  ( 1.144903723515628919E-14, 99.00000000000001421, 16.00000000000000711 ) ) ;
#7462 = EDGE_CURVE ( 'NONE', #2837, #3795, #266, .T. ) ;
#7463 = DIRECTION ( 'NONE',  ( 5.551115123125783935E-17, -6.662983475941639612E-17, -1.000000000000000000 ) ) ;
#7464 = CARTESIAN_POINT ( 'NONE',  ( -1.767766952966369098, 74.87500000000000000, -1.767766952966369098 ) ) ;
#7465 = EDGE_LOOP ( 'NONE', ( #9550, #5112, #5387 ) ) ;
#7466 = VERTEX_POINT ( 'NONE', #8110 ) ;
#7467 = DIRECTION ( 'NONE',  ( 2.771172519036345232E-16, -8.684692346097759303E-17, -1.000000000000000000 ) ) ;
#7468 = CARTESIAN_POINT ( 'NONE',  ( 1.259733572207479835, 71.00000000136559208, 3.041265874999999230 ) ) ;
#7469 = CARTESIAN_POINT ( 'NONE',  ( -10.99999999999998401, 93.12500000000001421, -15.50000000000000533 ) ) ;
#7470 = ORIENTED_EDGE ( 'NONE', *, *, #6606, .T. ) ;
#7471 = FACE_OUTER_BOUND ( 'NONE', #3372, .T. ) ;
#7472 = CARTESIAN_POINT ( 'NONE',  ( 2.500000000000000444, 75.81250000273119838, -1.035533905932737975 ) ) ;
#7473 = DIRECTION ( 'NONE',  ( 5.665246594868416811E-32, -0.7071067811865484609, -0.7071067811865465735 ) ) ;
#7474 = ORIENTED_EDGE ( 'NONE', *, *, #3331, .F. ) ;
#7475 = ORIENTED_EDGE ( 'NONE', *, *, #4623, .T. ) ;
#7476 = ADVANCED_FACE ( 'NONE', ( #1135 ), #8563, .T. ) ;
#7477 = PLANE ( 'NONE',  #3415 ) ;
#7478 = DIRECTION ( 'NONE',  ( 0.9999870432906645679, -0.005090505946798399607, 2.775557561562889872E-16 ) ) ;
#7479 = EDGE_CURVE ( 'NONE', #8501, #714, #2869, .T. ) ;
#7480 = FACE_OUTER_BOUND ( 'NONE', #1189, .T. ) ;
#7481 = CARTESIAN_POINT ( 'NONE',  ( 6.685091259270936170, 100.6256562801042520, 20.30000000000000071 ) ) ;
#7482 = AXIS2_PLACEMENT_3D ( 'NONE', #5480, #3130, #5626 ) ;
#7483 = ORIENTED_EDGE ( 'NONE', *, *, #9842, .T. ) ;
#7484 = CARTESIAN_POINT ( 'NONE',  ( 0.000000000000000000, 70.00000000000000000, 0.000000000000000000 ) ) ;
#7485 = CARTESIAN_POINT ( 'NONE',  ( 2.500000000000000444, 65.56250000000000000, -1.035533905932737975 ) ) ;
#7486 = LINE ( 'NONE', #2647, #6402 ) ;
#7487 = CARTESIAN_POINT ( 'NONE',  ( 2.150499723603739533, 72.93750000136559208, 2.150499723603738644 ) ) ;
#7488 = EDGE_CURVE ( 'NONE', #501, #7636, #4999, .T. ) ;
#7489 = ORIENTED_EDGE ( 'NONE', *, *, #826, .F. ) ;
#7490 = LINE ( 'NONE', #6067, #6669 ) ;
#7491 = CARTESIAN_POINT ( 'NONE',  ( 1.561251128379126385E-14, 99.00000000000001421, 14.99999999999999467 ) ) ;
#7492 = CARTESIAN_POINT ( 'NONE',  ( -10.49999999999998401, 99.00000000000001421, 19.99999999999999645 ) ) ;
#7493 = CARTESIAN_POINT ( 'NONE',  ( 1.260188745856617649E-14, 98.99999999999998579, -12.50000000000001243 ) ) ;
#7494 = EDGE_CURVE ( 'NONE', #3145, #5425, #4481, .T. ) ;
#7495 = CARTESIAN_POINT ( 'NONE',  ( 0.000000000000000000, 5.000000000000000000, 0.000000000000000000 ) ) ;
#7496 = CARTESIAN_POINT ( 'NONE',  ( 1.767766952966369320, 75.62500000273118417, 1.767766952966368654 ) ) ;
#7497 = CARTESIAN_POINT ( 'NONE',  ( -3.041265874999999230, 69.62500000136560629, 1.259733572207480057 ) ) ;
#7498 = VECTOR ( 'NONE', #1233, 999.9999999999998863 ) ;
#7499 = ORIENTED_EDGE ( 'NONE', *, *, #1627, .F. ) ;
#7500 = ORIENTED_EDGE ( 'NONE', *, *, #7661, .T. ) ;
#7501 = AXIS2_PLACEMENT_3D ( 'NONE', #7318, #3441, #5787 ) ;
#7502 = CARTESIAN_POINT ( 'NONE',  ( -1.259733572207478058, 75.50000000136560629, -3.041265874999999674 ) ) ;
#7503 = CARTESIAN_POINT ( 'NONE',  ( -3.041265874999999230, 67.75000000136559208, 1.259733572207480057 ) ) ;
#7504 = ORIENTED_EDGE ( 'NONE', *, *, #1172, .T. ) ;
#7505 = AXIS2_PLACEMENT_3D ( 'NONE', #5865, #2651, #9067 ) ;
#7506 = CARTESIAN_POINT ( 'NONE',  ( -3.041265874999999674, 75.50000000136560629, -1.259733572207478058 ) ) ;
#7507 = CARTESIAN_POINT ( 'NONE',  ( 9.393977433297937552, 101.6106872625209974, 19.20000000000001350 ) ) ;
#7508 = CARTESIAN_POINT ( 'NONE',  ( 4.592425496802573972E-16, 75.25000000000000000, 2.500000000000000000 ) ) ;
#7509 = AXIS2_PLACEMENT_3D ( 'NONE', #7529, #7577, #4419 ) ;
#7510 = CARTESIAN_POINT ( 'NONE',  ( 2.500000000000000444, 69.56250000000001421, -1.035533905932737975 ) ) ;
#7511 = VECTOR ( 'NONE', #3426, 1000.000000000000114 ) ;
#7512 = CARTESIAN_POINT ( 'NONE',  ( -1.035533905932737753, 73.81250000000001421, -2.500000000000000444 ) ) ;
#7513 = ORIENTED_EDGE ( 'NONE', *, *, #4520, .F. ) ;
#7514 = ORIENTED_EDGE ( 'NONE', *, *, #5489, .F. ) ;
#7515 = PLANE ( 'NONE',  #3051 ) ;
#7516 = ADVANCED_FACE ( 'NONE', ( #8360 ), #7596, .F. ) ;
#7517 = CIRCLE ( 'NONE', #194, 9.704347826086955564 ) ;
#7518 = CARTESIAN_POINT ( 'NONE',  ( 1.259733572207479835, 73.00000000136559208, 3.041265874999999230 ) ) ;
#7519 = LINE ( 'NONE', #6146, #103 ) ;
#7520 = CARTESIAN_POINT ( 'NONE',  ( -1.035533905932685572, 71.18750000000001421, 2.500000000000052403 ) ) ;
#7521 = EDGE_LOOP ( 'NONE', ( #427, #1315, #1034, #4305 ) ) ;
#7522 = CARTESIAN_POINT ( 'NONE',  ( -1.218713474383134932, 103.6427079885942675, -21.40000000000000213 ) ) ;
#7523 = DIRECTION ( 'NONE',  ( 0.9634848649536337239, 0.2677627961559977399, 0.000000000000000000 ) ) ;
#7524 = ADVANCED_FACE ( 'NONE', ( #5916, #8925 ), #1945, .T. ) ;
#7525 = CARTESIAN_POINT ( 'NONE',  ( 5.763868460188472653, 100.6666794453778664, -67.99999999999998579 ) ) ;
#7526 = ORIENTED_EDGE ( 'NONE', *, *, #9524, .F. ) ;
#7527 = VERTEX_POINT ( 'NONE', #1286 ) ;
#7528 = DIRECTION ( 'NONE',  ( 0.9999870432906645679, -0.005090505946795629254, 0.000000000000000000 ) ) ;
#7529 = CARTESIAN_POINT ( 'NONE',  ( 0.000000000000000000, 70.00000000000000000, 0.000000000000000000 ) ) ;
#7530 = DIRECTION ( 'NONE',  ( -3.126313675089213528E-17, -9.172147645215891396E-17, -1.000000000000000000 ) ) ;
#7531 = ORIENTED_EDGE ( 'NONE', *, *, #1691, .T. ) ;
#7532 = LINE ( 'NONE', #9775, #939 ) ;
#7533 = CARTESIAN_POINT ( 'NONE',  ( 1.154700538379253238, 82.51000000000003354, -2.888586803450264932E-12 ) ) ;
#7534 = CARTESIAN_POINT ( 'NONE',  ( 2.500000000000000444, 76.43750000000001421, 1.035533905932737309 ) ) ;
#7535 = CARTESIAN_POINT ( 'NONE',  ( 3.041265874999999674, 73.12500000136559208, -1.259733572207478280 ) ) ;
#7536 = EDGE_CURVE ( 'NONE', #1523, #209, #4386, .T. ) ;
#7537 = LINE ( 'NONE', #9209, #9233 ) ;
#7538 = ADVANCED_FACE ( 'NONE', ( #473 ), #2088, .F. ) ;
#7539 = ORIENTED_EDGE ( 'NONE', *, *, #2814, .T. ) ;
#7540 = FACE_OUTER_BOUND ( 'NONE', #621, .T. ) ;
#7541 = LINE ( 'NONE', #10029, #6043 ) ;
#7542 = CARTESIAN_POINT ( 'NONE',  ( 1.767766952966368654, 66.62500000000000000, -1.767766952966369098 ) ) ;
#7543 = EDGE_CURVE ( 'NONE', #3650, #852, #110, .T. ) ;
#7544 = CARTESIAN_POINT ( 'NONE',  ( 7.822119609827797859, 100.1371716516490125, -21.39999999999999858 ) ) ;
#7545 = EDGE_CURVE ( 'NONE', #8616, #1755, #567, .T. ) ;
#7546 = CARTESIAN_POINT ( 'NONE',  ( 1.144903723515628919E-14, 99.00000000000001421, 16.00000000000000711 ) ) ;
#7547 = CARTESIAN_POINT ( 'NONE',  ( 1.035533905932739085, 75.56250000273119838, 2.500000000000000000 ) ) ;
#7548 = VECTOR ( 'NONE', #90, 1000.000000000000000 ) ;
#7549 = CARTESIAN_POINT ( 'NONE',  ( -1.259733572207478725, 66.75000000136559208, 3.041265874999999230 ) ) ;
#7550 = ORIENTED_EDGE ( 'NONE', *, *, #8011, .T. ) ;
#7551 = ADVANCED_FACE ( 'NONE', ( #6729 ), #9117, .F. ) ;
#7552 = ORIENTED_EDGE ( 'NONE', *, *, #1255, .T. ) ;
#7553 = CARTESIAN_POINT ( 'NONE',  ( 2.150499723603738644, 78.31250000136559208, -2.150499723603739088 ) ) ;
#7554 = CARTESIAN_POINT ( 'NONE',  ( 2.150499723603739533, 67.06250000136560629, 2.150499723603738644 ) ) ;
#7555 = ORIENTED_EDGE ( 'NONE', *, *, #7107, .T. ) ;
#7556 = CARTESIAN_POINT ( 'NONE',  ( -3.041265874999999674, 74.50000000136560629, -1.259733572207478058 ) ) ;
#7557 = DIRECTION ( 'NONE',  ( -0.9606447433647389289, -0.2777799075629747705, 0.000000000000000000 ) ) ;
#7558 = CIRCLE ( 'NONE', #8694, 2.849999999999996092 ) ;
#7559 = CARTESIAN_POINT ( 'NONE',  ( 2.500000000000000000, 74.50000000000000000, -3.061616997868383141E-16 ) ) ;
#7560 = DIRECTION ( 'NONE',  ( -0.7071067811865474617, 6.204110788218154175E-17, 0.7071067811865474617 ) ) ;
#7561 = CARTESIAN_POINT ( 'NONE',  ( 2.500000000000000444, 75.43750000000000000, 1.035533905932737309 ) ) ;
#7562 = ORIENTED_EDGE ( 'NONE', *, *, #2814, .F. ) ;
#7563 = VERTEX_POINT ( 'NONE', #5206 ) ;
#7564 = DIRECTION ( 'NONE',  ( 4.632792164159806800E-48, 2.991526032573998647E-17, 1.000000000000000000 ) ) ;
#7565 = CARTESIAN_POINT ( 'NONE',  ( -3.041265874999999230, 71.75000000136559208, 1.259733572207480057 ) ) ;
#7566 = DIRECTION ( 'NONE',  ( 1.000000000000000000, 0.000000000000000000, 0.000000000000000000 ) ) ;
#7567 = CARTESIAN_POINT ( 'NONE',  ( -1.035533905932780163, 70.81250000000000000, -2.499999999999957367 ) ) ;
#7568 = VERTEX_POINT ( 'NONE', #3464 ) ;
#7569 = CARTESIAN_POINT ( 'NONE',  ( 3.714308058870029403E-14, 99.00000000000001421, -19.20000000000000639 ) ) ;
#7570 = PLANE ( 'NONE',  #715 ) ;
#7571 = ADVANCED_FACE ( 'NONE', ( #5154 ), #2809, .T. ) ;
#7572 = CARTESIAN_POINT ( 'NONE',  ( 0.000000000000000000, 2.571758278209445408E-16, -2.500000000000000000 ) ) ;
#7573 = ORIENTED_EDGE ( 'NONE', *, *, #8789, .F. ) ;
#7574 = ORIENTED_EDGE ( 'NONE', *, *, #1390, .F. ) ;
#7575 = CARTESIAN_POINT ( 'NONE',  ( -1.530808498934191571E-16, 77.00000000273118417, -2.500000000000000000 ) ) ;
#7576 = VECTOR ( 'NONE', #1131, 1000.000000000000000 ) ;
#7577 = DIRECTION ( 'NONE',  ( 0.000000000000000000, 1.000000000000000000, 0.000000000000000000 ) ) ;
#7578 = PLANE ( 'NONE',  #450 ) ;
#7579 = ORIENTED_EDGE ( 'NONE', *, *, #8348, .F. ) ;
#7580 = CARTESIAN_POINT ( 'NONE',  ( -6.789918596764517034, 94.95330752279382125, 21.39999999999999503 ) ) ;
#7581 = CARTESIAN_POINT ( 'NONE',  ( 3.717638727943904999E-14, 99.00000000000001421, -19.79999999999999716 ) ) ;
#7582 = CARTESIAN_POINT ( 'NONE',  ( 1.035533905932697119, 70.56250000273119838, 2.500000000000042188 ) ) ;
#7583 = CARTESIAN_POINT ( 'NONE',  ( 3.041265875000001007, 74.00000000136559208, 1.259733572207477836 ) ) ;
#7584 = CARTESIAN_POINT ( 'NONE',  ( -2.500000000000000000, 65.06250000000000000, 1.035533905932739307 ) ) ;
#7585 = ORIENTED_EDGE ( 'NONE', *, *, #1003, .F. ) ;
#7586 = CIRCLE ( 'NONE', #10024, 2.500000000000000000 ) ;
#7587 = DIRECTION ( 'NONE',  ( -1.665334536937734318E-16, 4.229157726022816087E-17, 1.000000000000000000 ) ) ;
#7588 = DIRECTION ( 'NONE',  ( 3.885780586188047891E-16, -1.065500303100115213E-16, -1.000000000000000000 ) ) ;
#7589 = DIRECTION ( 'NONE',  ( 3.885780586188047891E-16, -1.065500303100115213E-16, -1.000000000000000000 ) ) ;
#7590 = LINE ( 'NONE', #7742, #8627 ) ;
#7591 = CARTESIAN_POINT ( 'NONE',  ( 0.000000000000000000, 2.571758278209445408E-16, 0.000000000000000000 ) ) ;
#7592 = CARTESIAN_POINT ( 'NONE',  ( -1.035533905932775278, 73.18750000000000000, 2.499999999999962697 ) ) ;
#7593 = CARTESIAN_POINT ( 'NONE',  ( 2.500000000000000000, 78.75000000273118417, -3.061616997868383141E-16 ) ) ;
#7594 = CARTESIAN_POINT ( 'NONE',  ( -1.259733572207478058, 67.37500000136559208, -3.041265875000000563 ) ) ;
#7595 = VERTEX_POINT ( 'NONE', #2040 ) ;
#7596 = CONICAL_SURFACE ( 'NONE', #2875, 6.000000000000000000, 0.7853981633974517207 ) ;
#7597 = VECTOR ( 'NONE', #2553, 1000.000000000000000 ) ;
#7598 = CARTESIAN_POINT ( 'NONE',  ( -2.150499723603738200, 72.81250000136559208, 2.150499723603739533 ) ) ;
#7599 = CARTESIAN_POINT ( 'NONE',  ( 3.041265875000000118, 66.18750000136559208, -3.724476519174824240E-16 ) ) ;
#7600 = EDGE_CURVE ( 'NONE', #2573, #2985, #2715, .T. ) ;
#7601 = VERTEX_POINT ( 'NONE', #4436 ) ;
#7602 = ADVANCED_FACE ( 'NONE', ( #2142, #1386 ), #9685, .F. ) ;
#7603 = CARTESIAN_POINT ( 'NONE',  ( -3.041265875000000118, 75.56250000136559208, 0.000000000000000000 ) ) ;
#7604 = LINE ( 'NONE', #5465, #3843 ) ;
#7605 = AXIS2_PLACEMENT_3D ( 'NONE', #5466, #4699, #2405 ) ;
#7606 = EDGE_CURVE ( 'NONE', #6757, #642, #2908, .T. ) ;
#7607 = CARTESIAN_POINT ( 'NONE',  ( -3.041265874999999230, 78.62500000136560629, 1.259733572207480057 ) ) ;
#7608 = DIRECTION ( 'NONE',  ( 0.5000000000021652680, 1.942890293102212075E-16, 0.8660254037831884855 ) ) ;
#7609 = CARTESIAN_POINT ( 'NONE',  ( 3.717083616431592294E-14, 99.00000000000001421, -19.70000000000000639 ) ) ;
#7610 = AXIS2_PLACEMENT_3D ( 'NONE', #3684, #6092, #6804 ) ;
#7611 = EDGE_CURVE ( 'NONE', #8477, #5052, #5816, .T. ) ;
#7612 = AXIS2_PLACEMENT_3D ( 'NONE', #7569, #3080, #8336 ) ;
#7613 = CARTESIAN_POINT ( 'NONE',  ( 2.500000000000000444, 68.43749999999998579, 1.035533905932737309 ) ) ;
#7614 = ORIENTED_EDGE ( 'NONE', *, *, #6370, .F. ) ;
#7615 = ORIENTED_EDGE ( 'NONE', *, *, #382, .T. ) ;
#7616 = CARTESIAN_POINT ( 'NONE',  ( 7.347880794884120722E-16, 80.00000000000000000, 6.000000000000000888 ) ) ;
#7617 = CARTESIAN_POINT ( 'NONE',  ( -2.150499723603739088, 72.56250000136559208, -2.150499723603739088 ) ) ;
#7618 = FACE_OUTER_BOUND ( 'NONE', #350, .T. ) ;
#7619 = CARTESIAN_POINT ( 'NONE',  ( -2.500000000000000000, 66.00000000000000000, 0.000000000000000000 ) ) ;
#7620 = ORIENTED_EDGE ( 'NONE', *, *, #1453, .F. ) ;
#7621 = CARTESIAN_POINT ( 'NONE',  ( 4.592425496802573972E-16, 78.25000000000000000, 2.500000000000000000 ) ) ;
#7622 = CARTESIAN_POINT ( 'NONE',  ( 6.000000000000015987, 79.50000000000002842, 4.122794866321867394E-15 ) ) ;
#7623 = CARTESIAN_POINT ( 'NONE',  ( 4.144650863863736490, 96.57887026025579758, -21.40000000000000213 ) ) ;
#7624 = ORIENTED_EDGE ( 'NONE', *, *, #316, .T. ) ;
#7625 = EDGE_LOOP ( 'NONE', ( #6266, #4041 ) ) ;
#7626 = ORIENTED_EDGE ( 'NONE', *, *, #2315, .F. ) ;
#7627 = CARTESIAN_POINT ( 'NONE',  ( -1.767766952966369098, 73.12500000273118417, -1.767766952966369098 ) ) ;
#7628 = CARTESIAN_POINT ( 'NONE',  ( -5.909918255857107283, 95.47777489434461984, 20.29999999999999716 ) ) ;
#7629 = CARTESIAN_POINT ( 'NONE',  ( -6.819974481572343095, 102.9225593302338666, 21.39999999999999503 ) ) ;
#7630 = ORIENTED_EDGE ( 'NONE', *, *, #115, .T. ) ;
#7631 = DIRECTION ( 'NONE',  ( 0.000000000000000000, 1.000000000000000000, 0.000000000000000000 ) ) ;
#7632 = CARTESIAN_POINT ( 'NONE',  ( -1.767766952966369098, 75.87500000000000000, -1.767766952966369098 ) ) ;
#7633 = CARTESIAN_POINT ( 'NONE',  ( 4.592425496802573972E-16, 76.25000000000000000, 2.500000000000000000 ) ) ;
#7634 = CARTESIAN_POINT ( 'NONE',  ( 1.259733572207478058, 71.25000000136557787, -3.041265874999999674 ) ) ;
#7635 = LINE ( 'NONE', #5769, #8746 ) ;
#7636 = VERTEX_POINT ( 'NONE', #4288 ) ;
#7637 = CARTESIAN_POINT ( 'NONE',  ( -3.041265875000000563, 73.62500000136559208, -1.259733572207478058 ) ) ;
#7638 = CARTESIAN_POINT ( 'NONE',  ( 10.50000000000001421, 76.25000000000001421, 16.99999999999999645 ) ) ;
#7639 = AXIS2_PLACEMENT_3D ( 'NONE', #3996, #2419, #7108 ) ;
#7640 = ADVANCED_FACE ( 'NONE', ( #8512 ), #2191, .T. ) ;
#7641 = CARTESIAN_POINT ( 'NONE',  ( 1.035533905932770837, 70.31250000000000000, 2.499999999999968026 ) ) ;
#7642 = FACE_OUTER_BOUND ( 'NONE', #1615, .T. ) ;
#7643 = CARTESIAN_POINT ( 'NONE',  ( 0.000000000000000000, 76.25000000000000000, 0.000000000000000000 ) ) ;
#7644 = CARTESIAN_POINT ( 'NONE',  ( -1.767766952966369098, 75.12500000273118417, -1.767766952966369098 ) ) ;
#7645 = CARTESIAN_POINT ( 'NONE',  ( -1.767766952966369098, 79.12500000273118417, -1.767766952966369098 ) ) ;
#7646 = CARTESIAN_POINT ( 'NONE',  ( -2.150499723603738200, 65.68750000136559208, 2.150499723603739533 ) ) ;
#7647 = ORIENTED_EDGE ( 'NONE', *, *, #2109, .F. ) ;
#7648 = CIRCLE ( 'NONE', #3251, 8.099999999999999645 ) ;
#7649 = ADVANCED_FACE ( 'NONE', ( #6881 ), #3765, .T. ) ;
#7650 = CARTESIAN_POINT ( 'NONE',  ( 1.259733572207479835, 72.00000000136559208, 3.041265874999999230 ) ) ;
#7651 = ORIENTED_EDGE ( 'NONE', *, *, #3837, .F. ) ;
#7652 = VERTEX_POINT ( 'NONE', #8460 ) ;
#7653 =( BOUNDED_CURVE ( )  B_SPLINE_CURVE ( 2, ( #3404, #8761, #1788, #7485, #5290, #2130, #9158, #6721, #7438 ),
 .UNSPECIFIED., .F., .T. ) 
 B_SPLINE_CURVE_WITH_KNOTS ( ( 3, 2, 2, 2, 3 ),
 ( 0.9499999999999998446, 0.9583333333333332593, 0.9666666666666665630, 0.9749999999999998668, 0.9833333333333331705 ),
 .UNSPECIFIED. ) 
 CURVE ( )  GEOMETRIC_REPRESENTATION_ITEM ( )  RATIONAL_B_SPLINE_CURVE ( ( 1.000000000000001110, 0.9238795325112857393, 1.000000000000000000, 0.9238795325112867385, 1.000000000000000000, 0.9238795325112867385, 1.000000000000000000, 0.9238795325112877377, 0.9999999999999990008 ) ) 
 REPRESENTATION_ITEM ( '' )  );
#7654 = CARTESIAN_POINT ( 'NONE',  ( -3.041265875000000118, 69.56250000136560629, 0.000000000000000000 ) ) ;
#7655 = CARTESIAN_POINT ( 'NONE',  ( -3.968626966596887851, 5.000000000000000000, -4.500000000000000000 ) ) ;
#7656 = AXIS2_PLACEMENT_3D ( 'NONE', #4672, #1524, #900 ) ;
#7657 = CARTESIAN_POINT ( 'NONE',  ( -3.041265875000000118, 79.56250000136559208, 0.000000000000000000 ) ) ;
#7658 = AXIS2_PLACEMENT_3D ( 'NONE', #484, #5219, #3630 ) ;
#7659 = CARTESIAN_POINT ( 'NONE',  ( -1.530808498934191571E-16, 66.75000000000000000, -2.500000000000000000 ) ) ;
#7660 = CARTESIAN_POINT ( 'NONE',  ( 1.767766952966368654, 66.87500000273119838, -1.767766952966369098 ) ) ;
#7661 = EDGE_CURVE ( 'NONE', #6662, #3859, #7754, .T. ) ;
#7662 = CARTESIAN_POINT ( 'NONE',  ( 2.500000000000000444, 70.43750000000000000, 1.035533905932737309 ) ) ;
#7663 = ORIENTED_EDGE ( 'NONE', *, *, #2990, .T. ) ;
#7664 = ORIENTED_EDGE ( 'NONE', *, *, #2193, .T. ) ;
#7665 = ADVANCED_FACE ( 'NONE', ( #2395 ), #3108, .F. ) ;
#7666 = DIRECTION ( 'NONE',  ( 0.4888958147463141057, 0.8723421819008512212, 0.000000000000000000 ) ) ;
#7667 = CARTESIAN_POINT ( 'NONE',  ( 2.150499723603738644, 69.31250000136560629, -2.150499723603739088 ) ) ;
#7668 = CARTESIAN_POINT ( 'NONE',  ( 1.035533905932707555, 75.31250000000000000, 2.500000000000031086 ) ) ;
#7669 = EDGE_CURVE ( 'NONE', #2301, #9199, #5581, .T. ) ;
#7670 = CARTESIAN_POINT ( 'NONE',  ( 1.035533905932729759, 77.56250000273121259, 2.500000000000009770 ) ) ;
#7671 = CARTESIAN_POINT ( 'NONE',  ( -1.530808498934191571E-16, 74.75000000000000000, -2.500000000000000000 ) ) ;
#7672 = ORIENTED_EDGE ( 'NONE', *, *, #764, .T. ) ;
#7673 = CARTESIAN_POINT ( 'NONE',  ( -5.973606148941723148, 97.33987066765986640, 16.00000000000000711 ) ) ;
#7674 = CIRCLE ( 'NONE', #7346, 6.850000000000000533 ) ;
#7675 = CARTESIAN_POINT ( 'NONE',  ( 3.211632350503328181E-14, 99.00000000000000000, -21.40000000000000213 ) ) ;
#7676 = ORIENTED_EDGE ( 'NONE', *, *, #4682, .F. ) ;
#7677 = VERTEX_POINT ( 'NONE', #3712 ) ;
#7678 = AXIS2_PLACEMENT_3D ( 'NONE', #5598, #8655, #1682 ) ;
#7679 = ORIENTED_EDGE ( 'NONE', *, *, #5367, .T. ) ;
#7680 = CARTESIAN_POINT ( 'NONE',  ( 5.985997886957044045, 92.96760867727374489, -21.39999999999999858 ) ) ;
#7681 = DIRECTION ( 'NONE',  ( -6.645770043980228877E-32, 0.7071067811865452413, 0.7071067811865499042 ) ) ;
#7682 = AXIS2_PLACEMENT_3D ( 'NONE', #4666, #3081, #6202 ) ;
#7683 = CARTESIAN_POINT ( 'NONE',  ( 1.035533905932737531, 67.93750000273118417, -2.500000000000000444 ) ) ;
#7684 = ORIENTED_EDGE ( 'NONE', *, *, #6019, .T. ) ;
#7685 = CARTESIAN_POINT ( 'NONE',  ( 2.500000000000000000, 73.75000000273118417, -3.061616997868383141E-16 ) ) ;
#7686 = DIRECTION ( 'NONE',  ( -1.000000000000000000, 0.000000000000000000, 0.000000000000000000 ) ) ;
#7687 = CARTESIAN_POINT ( 'NONE',  ( 2.150499723603738644, 71.18750000136559208, -2.150499723603739088 ) ) ;
#7688 = DIRECTION ( 'NONE',  ( -0.9999870432906645679, 0.005090505946797965926, -2.775557561562889379E-16 ) ) ;
#7689 = VERTEX_POINT ( 'NONE', #9929 ) ;
#7690 = CARTESIAN_POINT ( 'NONE',  ( -1.259733572207478725, 74.87500000136560629, 3.041265874999999230 ) ) ;
#7691 = LINE ( 'NONE', #2137, #8129 ) ;
#7692 = CARTESIAN_POINT ( 'NONE',  ( 2.100077021483523282E-15, 81.93264973081039670, 1.552564366111452058E-28 ) ) ;
#7693 = DIRECTION ( 'NONE',  ( -0.9606447433647387069, -0.2777799075629756587, 0.000000000000000000 ) ) ;
#7694 = CARTESIAN_POINT ( 'NONE',  ( -1.035533905932717103, 68.18750000000000000, 2.500000000000020872 ) ) ;
#7695 = LINE ( 'NONE', #2244, #273 ) ;
#7696 = CARTESIAN_POINT ( 'NONE',  ( -2.500000000000000000, 78.25000000273118417, 0.000000000000000000 ) ) ;
#7697 = CARTESIAN_POINT ( 'NONE',  ( -3.041265875000000563, 67.50000000136559208, -1.259733572207478058 ) ) ;
#7698 = ORIENTED_EDGE ( 'NONE', *, *, #9035, .T. ) ;
#7699 = EDGE_CURVE ( 'NONE', #4782, #7278, #467, .T. ) ;
#7700 = CARTESIAN_POINT ( 'NONE',  ( 3.041265874999999674, 73.25000000136559208, -1.259733572207478280 ) ) ;
#7701 = ORIENTED_EDGE ( 'NONE', *, *, #4349, .F. ) ;
#7702 = CIRCLE ( 'NONE', #4610, 8.099999999999999645 ) ;
#7703 = ORIENTED_EDGE ( 'NONE', *, *, #7462, .T. ) ;
#7704 = CARTESIAN_POINT ( 'NONE',  ( -2.150499723603739088, 73.43750000136559208, -2.150499723603739088 ) ) ;
#7705 = VECTOR ( 'NONE', #1576, 1000.000000000000114 ) ;
#7706 = CYLINDRICAL_SURFACE ( 'NONE', #8570, 8.099999999999999645 ) ;
#7707 = CARTESIAN_POINT ( 'NONE',  ( 1.561251128379126385E-14, 99.00000000000001421, -20.00000000000000355 ) ) ;
#7708 = LINE ( 'NONE', #9182, #3586 ) ;
#7709 = CARTESIAN_POINT ( 'NONE',  ( 2.500000000000000444, 66.81250000273118417, -1.035533905932737975 ) ) ;
#7710 = CARTESIAN_POINT ( 'NONE',  ( 1.035533905932739085, 68.31249999999998579, 2.500000000000000000 ) ) ;
#7711 = ORIENTED_EDGE ( 'NONE', *, *, #4917, .T. ) ;
#7712 = VERTEX_POINT ( 'NONE', #6120 ) ;
#7713 = FACE_OUTER_BOUND ( 'NONE', #1678, .T. ) ;
#7714 = CARTESIAN_POINT ( 'NONE',  ( -2.150499723603738200, 69.81250000136560629, 2.150499723603739533 ) ) ;
#7715 = DIRECTION ( 'NONE',  ( 0.9999870432906646789, -0.005090505946797769903, 3.575146948697720887E-16 ) ) ;
#7716 = ADVANCED_FACE ( 'NONE', ( #1586, #8411 ), #7744, .F. ) ;
#7717 = CARTESIAN_POINT ( 'NONE',  ( 4.592425496802573972E-16, 77.50000000273118417, 2.500000000000000000 ) ) ;
#7718 = ORIENTED_EDGE ( 'NONE', *, *, #5860, .T. ) ;
#7719 = LINE ( 'NONE', #3841, #7799 ) ;
#7720 = FACE_OUTER_BOUND ( 'NONE', #1669, .T. ) ;
#7721 = CIRCLE ( 'NONE', #4791, 8.800000000000000711 ) ;
#7722 = DIRECTION ( 'NONE',  ( 2.501589552824417682E-12, 9.460304020253028666E-28, 1.000000000000000000 ) ) ;
#7723 = ORIENTED_EDGE ( 'NONE', *, *, #5861, .F. ) ;
#7724 = ORIENTED_EDGE ( 'NONE', *, *, #2683, .T. ) ;
#7725 = EDGE_LOOP ( 'NONE', ( #5214, #4337, #3408, #8643 ) ) ;
#7726 = ADVANCED_FACE ( 'NONE', ( #6 ), #4589, .T. ) ;
#7727 = EDGE_CURVE ( 'NONE', #1837, #9532, #3058, .T. ) ;
#7728 = DIRECTION ( 'NONE',  ( -1.665334536937734071E-16, 4.229157726022815470E-17, 1.000000000000000000 ) ) ;
#7729 = CARTESIAN_POINT ( 'NONE',  ( -1.035533905932737753, 68.06250000273118417, -2.500000000000000444 ) ) ;
#7730 = EDGE_CURVE ( 'NONE', #1349, #4833, #7695, .T. ) ;
#7731 = ORIENTED_EDGE ( 'NONE', *, *, #6893, .T. ) ;
#7732 = CARTESIAN_POINT ( 'NONE',  ( 1.561251128379126385E-14, 99.00000000000001421, 19.20000000000000639 ) ) ;
#7733 = CARTESIAN_POINT ( 'NONE',  ( 11.00000000000001421, 79.45710678118655323, -19.50000000000000711 ) ) ;
#7734 = CARTESIAN_POINT ( 'NONE',  ( 5.586714778762236360E-16, 70.81250000136560629, 3.041265875000000118 ) ) ;
#7735 = CARTESIAN_POINT ( 'NONE',  ( -2.500000000000000000, 68.25000000273119838, 0.000000000000000000 ) ) ;
#7736 = VERTEX_POINT ( 'NONE', #6176 ) ;
#7737 = EDGE_LOOP ( 'NONE', ( #5766, #6536, #7562, #9815 ) ) ;
#7738 = CARTESIAN_POINT ( 'NONE',  ( -1.259733572207478725, 75.87500000136560629, 3.041265874999999230 ) ) ;
#7739 = AXIS2_PLACEMENT_3D ( 'NONE', #2836, #3548, #9766 ) ;
#7740 = DIRECTION ( 'NONE',  ( -8.011868568650901149E-32, 1.000000000000000000, -8.773937619163357272E-17 ) ) ;
#7741 = PLANE ( 'NONE',  #8159 ) ;
#7742 = CARTESIAN_POINT ( 'NONE',  ( 11.00000000000001421, 99.00000000000001421, 15.49999999999999289 ) ) ;
#7743 = CARTESIAN_POINT ( 'NONE',  ( -1.035533905932758847, 67.81250000000000000, -2.499999999999979128 ) ) ;
#7744 = PLANE ( 'NONE',  #9053 ) ;
#7745 = CARTESIAN_POINT ( 'NONE',  ( 2.500000000000000444, 72.68750000273119838, 1.035533905932737309 ) ) ;
#7746 = CARTESIAN_POINT ( 'NONE',  ( 1.259733572207478058, 68.25000000136559208, -3.041265875000000563 ) ) ;
#7747 =( BOUNDED_CURVE ( )  B_SPLINE_CURVE ( 2, ( #5992, #4564, #3738, #6754, #6851 ),
 .UNSPECIFIED., .F., .F. ) 
 B_SPLINE_CURVE_WITH_KNOTS ( ( 3, 2, 3 ),
 ( 0.000000000000000000, 0.008333333333333340157, 0.01666666666666668031 ),
 .UNSPECIFIED. ) 
 CURVE ( )  GEOMETRIC_REPRESENTATION_ITEM ( )  RATIONAL_B_SPLINE_CURVE ( ( 1.000000000000000000, 0.9238795325112867385, 1.000000000000000000, 0.9238795325112866275, 1.000000000000000222 ) ) 
 REPRESENTATION_ITEM ( '' )  );
#7748 = VECTOR ( 'NONE', #1780, 1000.000000000000000 ) ;
#7749 = CARTESIAN_POINT ( 'NONE',  ( -1.259733572207478502, 71.87500000136559208, 3.041265874999999230 ) ) ;
#7750 = ORIENTED_EDGE ( 'NONE', *, *, #7479, .T. ) ;
#7751 = CARTESIAN_POINT ( 'NONE',  ( 2.150499723603739533, 71.93750000136559208, 2.150499723603738644 ) ) ;
#7752 = CARTESIAN_POINT ( 'NONE',  ( 2.789297643080071723E-15, 99.00000000000001421, 68.00000000000000000 ) ) ;
#7753 = EDGE_CURVE ( 'NONE', #7123, #6505, #4692, .T. ) ;
#7754 = CIRCLE ( 'NONE', #1581, 8.099999999999999645 ) ;
#7755 = AXIS2_PLACEMENT_3D ( 'NONE', #9128, #4252, #8935 ) ;
#7756 = CARTESIAN_POINT ( 'NONE',  ( 3.041265875000001007, 78.00000000136560629, 1.259733572207477836 ) ) ;
#7757 = LINE ( 'NONE', #630, #4099 ) ;
#7758 = LINE ( 'NONE', #9333, #8418 ) ;
#7759 = CARTESIAN_POINT ( 'NONE',  ( -2.500000000000000444, 69.93750000000000000, -1.035533905932737753 ) ) ;
#7760 = EDGE_LOOP ( 'NONE', ( #8059, #8753, #2400, #3804 ) ) ;
#7761 = ORIENTED_EDGE ( 'NONE', *, *, #7179, .T. ) ;
#7762 = AXIS2_PLACEMENT_3D ( 'NONE', #1488, #2295, #2344 ) ;
#7763 = DIRECTION ( 'NONE',  ( -0.4999999999978310128, -1.942890293085821025E-16, 0.8660254037856908171 ) ) ;
#7764 = AXIS2_PLACEMENT_3D ( 'NONE', #9727, #8196, #1223 ) ;
#7765 = CARTESIAN_POINT ( 'NONE',  ( 2.150499723603738644, 70.31250000136560629, -2.150499723603739088 ) ) ;
#7766 = DIRECTION ( 'NONE',  ( 0.4888958147463141057, 0.8723421819008512212, 1.855174205273593835E-16 ) ) ;
#7767 = ADVANCED_FACE ( 'NONE', ( #7034 ), #4022, .F. ) ;
#7768 = CARTESIAN_POINT ( 'NONE',  ( 0.000000000000000000, 0.000000000000000000, -2.499999999999998668 ) ) ;
#7769 = ORIENTED_EDGE ( 'NONE', *, *, #8540, .T. ) ;
#7770 = CARTESIAN_POINT ( 'NONE',  ( 0.000000000000000000, 5.000000000000000000, 0.000000000000000000 ) ) ;
#7771 = CARTESIAN_POINT ( 'NONE',  ( -3.041265875000000118, 79.62500000136560629, 0.000000000000000000 ) ) ;
#7772 = VECTOR ( 'NONE', #8657, 1000.000000000000000 ) ;
#7773 = CIRCLE ( 'NONE', #457, 0.9999999999999997780 ) ;
#7774 = VECTOR ( 'NONE', #6952, 1000.000000000000114 ) ;
#7775 = DIRECTION ( 'NONE',  ( -1.000000000000000000, -0.000000000000000000, -0.000000000000000000 ) ) ;
#7776 = ORIENTED_EDGE ( 'NONE', *, *, #881, .F. ) ;
#7777 = ORIENTED_EDGE ( 'NONE', *, *, #3668, .F. ) ;
#7778 = EDGE_CURVE ( 'NONE', #4332, #8210, #2075, .T. ) ;
#7779 = ORIENTED_EDGE ( 'NONE', *, *, #1850, .T. ) ;
#7780 = DIRECTION ( 'NONE',  ( 0.7071067811865479058, 6.062236545248835232E-17, -0.7071067811865471286 ) ) ;
#7781 = DIRECTION ( 'NONE',  ( -1.000000000000000000, 0.000000000000000000, 0.000000000000000000 ) ) ;
#7782 = CARTESIAN_POINT ( 'NONE',  ( 1.035533905932739085, 70.56250000273118417, 2.500000000000000000 ) ) ;
#7783 = ORIENTED_EDGE ( 'NONE', *, *, #8088, .T. ) ;
#7784 = CARTESIAN_POINT ( 'NONE',  ( 0.000000000000000000, 5.000000000000000000, 0.000000000000000000 ) ) ;
#7785 = LINE ( 'NONE', #4727, #2011 ) ;
#7786 = CARTESIAN_POINT ( 'NONE',  ( -1.259733572207478502, 69.75000000136559208, 3.041265874999999230 ) ) ;
#7787 = LINE ( 'NONE', #1479, #7425 ) ;
#7788 = ORIENTED_EDGE ( 'NONE', *, *, #4482, .T. ) ;
#7789 = EDGE_CURVE ( 'NONE', #7736, #1866, #132, .T. ) ;
#7790 = EDGE_LOOP ( 'NONE', ( #6182, #1369, #2473, #2323 ) ) ;
#7791 = ADVANCED_FACE ( 'NONE', ( #154 ), #3971, .T. ) ;
#7792 = CARTESIAN_POINT ( 'NONE',  ( 1.943048590659658729E-14, 99.00000000000002842, 21.39999999999999858 ) ) ;
#7793 = DIRECTION ( 'NONE',  ( 0.000000000000000000, 0.000000000000000000, 1.000000000000000000 ) ) ;
#7794 = CARTESIAN_POINT ( 'NONE',  ( 3.061616997868383141E-16, 70.00000000000000000, -2.500000000000000000 ) ) ;
#7795 = CARTESIAN_POINT ( 'NONE',  ( 4.592425496802573972E-16, 71.50000000273118417, 2.500000000000000000 ) ) ;
#7796 = ADVANCED_FACE ( 'NONE', ( #8860 ), #1838, .T. ) ;
#7797 = PLANE ( 'NONE',  #5431 ) ;
#7798 = CARTESIAN_POINT ( 'NONE',  ( -1.259733572207478058, 73.50000000136560629, -3.041265874999999674 ) ) ;
#7799 = VECTOR ( 'NONE', #9298, 1000.000000000000000 ) ;
#7800 = ORIENTED_EDGE ( 'NONE', *, *, #2988, .T. ) ;
#7801 = CARTESIAN_POINT ( 'NONE',  ( 1.259733572207478058, 70.25000000136559208, -3.041265874999999674 ) ) ;
#7802 = CARTESIAN_POINT ( 'NONE',  ( 0.000000000000000000, 80.00000000000000000, 0.000000000000000000 ) ) ;
#7803 = CARTESIAN_POINT ( 'NONE',  ( 4.799937807795221723, 98.97556557145537681, -20.30000000000000071 ) ) ;
#7804 = CARTESIAN_POINT ( 'NONE',  ( -3.041265875000000563, 77.50000000136562051, -1.259733572207478058 ) ) ;
#7805 = TOROIDAL_SURFACE ( 'NONE', #5051, 6.200000000000001066, 0.2000000000000325129 ) ;
#7806 = CARTESIAN_POINT ( 'NONE',  ( 3.718748950968529777E-14, 99.00000000000001421, -20.00000000000000000 ) ) ;
#7807 = DIRECTION ( 'NONE',  ( -2.771172519036345232E-16, 8.684692346097759303E-17, 1.000000000000000000 ) ) ;
#7808 = CARTESIAN_POINT ( 'NONE',  ( -1.035533905932738197, 71.18750000000000000, 2.500000000000000000 ) ) ;
#7809 = VERTEX_POINT ( 'NONE', #6420 ) ;
#7810 = CYLINDRICAL_SURFACE ( 'NONE', #3544, 6.850000000000000533 ) ;
#7811 = LOCAL_TIME ( 5, 30, 20.00000000000000000, #5738 ) ;
#7812 = CARTESIAN_POINT ( 'NONE',  ( -1.862238259587412120E-16, 68.43750000136560629, -3.041265875000000118 ) ) ;
#7813 = CARTESIAN_POINT ( 'NONE',  ( 1.767766952966369320, 75.37500000000000000, 1.767766952966368654 ) ) ;
#7814 = CARTESIAN_POINT ( 'NONE',  ( 8.671363784582705847, 101.4098651654039998, 68.00000000000000000 ) ) ;
#7815 = LINE ( 'NONE', #5277, #7013 ) ;
#7816 = ORIENTED_EDGE ( 'NONE', *, *, #8226, .F. ) ;
#7817 = DIRECTION ( 'NONE',  ( 3.654459117618455932E-16, -1.199456548643360156E-16, -1.000000000000000000 ) ) ;
#7818 = CARTESIAN_POINT ( 'NONE',  ( -1.035533905932770171, 74.18750000000000000, 2.499999999999968026 ) ) ;
#7819 = SECURITY_CLASSIFICATION ( '', '', #8079 ) ;
#7820 = FACE_OUTER_BOUND ( 'NONE', #8527, .T. ) ;
#7821 = ADVANCED_FACE ( 'NONE', ( #7235 ), #6372, .T. ) ;
#7822 = EDGE_LOOP ( 'NONE', ( #9500, #1819, #299, #199 ) ) ;
#7823 = EDGE_LOOP ( 'NONE', ( #6764, #4274, #4929, #7489 ) ) ;
#7824 = CONICAL_SURFACE ( 'NONE', #4899, 10.49999999999999822, 0.7853981633974482790 ) ;
#7825 = CIRCLE ( 'NONE', #9126, 4.799999999999999822 ) ;
#7826 = DIRECTION ( 'NONE',  ( 3.654459117618455932E-16, -1.199456548643360156E-16, -1.000000000000000000 ) ) ;
#7827 = CARTESIAN_POINT ( 'NONE',  ( -2.500000000000000444, 70.18750000273119838, -1.035533905932737753 ) ) ;
#7828 = ORIENTED_EDGE ( 'NONE', *, *, #1919, .F. ) ;
#7829 = EDGE_CURVE ( 'NONE', #8535, #1274, #4738, .T. ) ;
#7830 = CARTESIAN_POINT ( 'NONE',  ( 11.00000000000001421, 79.50000000000001421, -14.50000000000000355 ) ) ;
#7831 = LINE ( 'NONE', #9410, #4289 ) ;
#7832 = CARTESIAN_POINT ( 'NONE',  ( -1.259733572207478058, 67.37500000136559208, -3.041265874999999674 ) ) ;
#7833 = DIRECTION ( 'NONE',  ( -2.771172519036345232E-16, 8.684692346097759303E-17, 1.000000000000000000 ) ) ;
#7834 = ORIENTED_EDGE ( 'NONE', *, *, #691, .T. ) ;
#7835 = VECTOR ( 'NONE', #8882, 1000.000000000000000 ) ;
#7836 = EDGE_LOOP ( 'NONE', ( #3862, #4730, #8430, #2165 ) ) ;
#7837 = CARTESIAN_POINT ( 'NONE',  ( -2.500000000000000000, 71.31250000273119838, 1.035533905932739307 ) ) ;
#7838 = VECTOR ( 'NONE', #6647, 1000.000000000000000 ) ;
#7839 = CARTESIAN_POINT ( 'NONE',  ( 2.234323837058129904E-15, 81.90000000000003411, -1.496863567656871919E-28 ) ) ;
#7840 = VECTOR ( 'NONE', #5635, 1000.000000000000000 ) ;
#7841 = CARTESIAN_POINT ( 'NONE',  ( 1.035533905932758625, 74.93750000273119838, -2.499999999999979128 ) ) ;
#7842 = CARTESIAN_POINT ( 'NONE',  ( -9.749999999999984013, 99.00000000000001421, -19.19999999999999929 ) ) ;
#7843 = EDGE_CURVE ( 'NONE', #5982, #3239, #2724, .T. ) ;
#7844 = CARTESIAN_POINT ( 'NONE',  ( -2.500000000000000000, 72.31250000273121259, 1.035533905932739307 ) ) ;
#7845 = DIRECTION ( 'NONE',  ( -3.885780586188047891E-16, 1.000000000000000000, 2.603240987229339518E-29 ) ) ;
#7846 = EDGE_CURVE ( 'NONE', #6112, #8210, #5549, .T. ) ;
#7847 = CARTESIAN_POINT ( 'NONE',  ( 2.150499723603739533, 67.06250000136560629, 2.150499723603738644 ) ) ;
#7848 = VERTEX_POINT ( 'NONE', #8810 ) ;
#7849 = ADVANCED_FACE ( 'NONE', ( #6520 ), #8760, .F. ) ;
#7850 = ADVANCED_FACE ( 'NONE', ( #9470 ), #4074, .F. ) ;
#7851 = DIRECTION ( 'NONE',  ( 0.000000000000000000, 0.000000000000000000, 1.000000000000000000 ) ) ;
#7852 = CARTESIAN_POINT ( 'NONE',  ( -2.150499723603738200, 70.68750000136559208, 2.150499723603739533 ) ) ;
#7853 = CARTESIAN_POINT ( 'NONE',  ( 3.766750376456414973, 107.9434869224002682, 21.39999999999999858 ) ) ;
#7854 = DIRECTION ( 'NONE',  ( -3.885780586188047891E-16, 1.000000000000000000, 2.603240987229339518E-29 ) ) ;
#7855 = CARTESIAN_POINT ( 'NONE',  ( 1.259733572207478058, 75.25000000136560629, -3.041265875000000563 ) ) ;
#7856 = ADVANCED_FACE ( 'NONE', ( #973 ), #7186, .F. ) ;
#7857 = CARTESIAN_POINT ( 'NONE',  ( -2.150499723603738200, 77.68750000136559208, 2.150499723603739533 ) ) ;
#7858 = CARTESIAN_POINT ( 'NONE',  ( -7.127020707205908437E-12, 82.28000000000002956, -2.849999999999998312 ) ) ;
#7859 = CARTESIAN_POINT ( 'NONE',  ( -1.767766952966369098, 65.87500000000000000, -1.767766952966369098 ) ) ;
#7860 = ORIENTED_EDGE ( 'NONE', *, *, #2185, .T. ) ;
#7861 = FACE_OUTER_BOUND ( 'NONE', #3832, .T. ) ;
#7862 = CARTESIAN_POINT ( 'NONE',  ( -1.259733572207478502, 68.87500000136559208, 3.041265874999999230 ) ) ;
#7863 = CARTESIAN_POINT ( 'NONE',  ( 1.035533905932727095, 65.93750000273118417, -2.500000000000011102 ) ) ;
#7864 = CARTESIAN_POINT ( 'NONE',  ( 4.116149958470326276, 93.58326238577234335, 20.30000000000000071 ) ) ;
#7865 = CARTESIAN_POINT ( 'NONE',  ( 1.767766952966369320, 71.62500000273119838, 1.767766952966368654 ) ) ;
#7866 = CYLINDRICAL_SURFACE ( 'NONE', #5684, 2.500000000000000000 ) ;
#7867 = CYLINDRICAL_SURFACE ( 'NONE', #4080, 1.024434782608710126 ) ;
#7868 = CARTESIAN_POINT ( 'NONE',  ( 10.50000000000001421, 99.00000000000001421, -20.00000000000000355 ) ) ;
#7869 = ORIENTED_EDGE ( 'NONE', *, *, #12, .T. ) ;
#7870 = ORIENTED_EDGE ( 'NONE', *, *, #3104, .F. ) ;
#7871 = ORIENTED_EDGE ( 'NONE', *, *, #8974, .T. ) ;
#7872 = CARTESIAN_POINT ( 'NONE',  ( -1.035533905932729981, 78.81250000000000000, -2.500000000000007994 ) ) ;
#7873 = PLANE ( 'NONE',  #7032 ) ;
#7874 = CARTESIAN_POINT ( 'NONE',  ( 2.500000000000000444, 69.68750000273119838, 1.035533905932737309 ) ) ;
#7875 = EDGE_CURVE ( 'NONE', #8238, #10015, #4945, .T. ) ;
#7876 = ORIENTED_EDGE ( 'NONE', *, *, #2115, .T. ) ;
#7877 = CIRCLE ( 'NONE', #1706, 9.750000000000000000 ) ;
#7878 = CARTESIAN_POINT ( 'NONE',  ( 3.400058012914544666E-15, 78.90000000000001990, -2.277835863825673830E-28 ) ) ;
#7879 = PLANE ( 'NONE',  #7388 ) ;
#7880 = CARTESIAN_POINT ( 'NONE',  ( -3.041265874999999230, 70.62500000136559208, 1.259733572207480057 ) ) ;
#7881 = CARTESIAN_POINT ( 'NONE',  ( 1.997291221300659204E-15, 82.51000000000003354, -1.338065867435882278E-28 ) ) ;
#7882 = ORIENTED_EDGE ( 'NONE', *, *, #1182, .T. ) ;
#7883 = ORIENTED_EDGE ( 'NONE', *, *, #2436, .F. ) ;
#7884 = ORIENTED_EDGE ( 'NONE', *, *, #5987, .T. ) ;
#7885 = CARTESIAN_POINT ( 'NONE',  ( -1.035533905932780607, 71.43750000273116996, 2.499999999999956923 ) ) ;
#7886 = DIRECTION ( 'NONE',  ( -1.665334536937734071E-16, 4.229157726022815470E-17, 1.000000000000000000 ) ) ;
#7887 = CARTESIAN_POINT ( 'NONE',  ( 1.561251128379126385E-14, 99.00000000000001421, -19.19999999999999929 ) ) ;
#7888 = CARTESIAN_POINT ( 'NONE',  ( 4.592425496802573972E-16, 73.50000000273118417, 2.500000000000000000 ) ) ;
#7889 = FACE_OUTER_BOUND ( 'NONE', #6907, .T. ) ;
#7890 = VECTOR ( 'NONE', #3222, 1000.000000000000000 ) ;
#7891 = AXIS2_PLACEMENT_3D ( 'NONE', #9016, #1082, #1991 ) ;
#7892 = CARTESIAN_POINT ( 'NONE',  ( -3.041265874999999230, 67.75000000136559208, 1.259733572207480057 ) ) ;
#7893 = ORIENTED_EDGE ( 'NONE', *, *, #6546, .F. ) ;
#7894 = CARTESIAN_POINT ( 'NONE',  ( 2.500000000000000444, 69.68750000273118417, 1.035533905932737309 ) ) ;
#7895 = CARTESIAN_POINT ( 'NONE',  ( -3.041265874999999230, 67.62500000136559208, 1.259733572207480057 ) ) ;
#7896 = DIRECTION ( 'NONE',  ( -2.771172519036345232E-16, 8.684692346097759303E-17, 1.000000000000000000 ) ) ;
#7897 = DIRECTION ( 'NONE',  ( 0.000000000000000000, -8.773937619163356039E-17, -1.000000000000000000 ) ) ;
#7898 = VECTOR ( 'NONE', #5038, 1000.000000000000227 ) ;
#7899 = CARTESIAN_POINT ( 'NONE',  ( -3.041265875000000118, 73.56250000136559208, 0.000000000000000000 ) ) ;
#7900 = CARTESIAN_POINT ( 'NONE',  ( 5.586714778762236360E-16, 75.81250000136559208, 3.041265875000000118 ) ) ;
#7901 = EDGE_CURVE ( 'NONE', #437, #7527, #2564, .T. ) ;
#7902 = LINE ( 'NONE', #6336, #8093 ) ;
#7903 = CARTESIAN_POINT ( 'NONE',  ( 1.035533905932739085, 67.31250000000000000, 2.500000000000000000 ) ) ;
#7904 = CARTESIAN_POINT ( 'NONE',  ( 3.041265875000000563, 73.25000000136559208, -1.259733572207478502 ) ) ;
#7905 = ORIENTED_EDGE ( 'NONE', *, *, #3988, .F. ) ;
#7906 = EDGE_CURVE ( 'NONE', #8477, #2184, #10041, .T. ) ;
#7907 = FACE_OUTER_BOUND ( 'NONE', #1950, .T. ) ;
#7908 = EDGE_CURVE ( 'NONE', #6757, #6415, #7532, .T. ) ;
#7909 = VECTOR ( 'NONE', #7404, 1000.000000000000114 ) ;
#7910 = CARTESIAN_POINT ( 'NONE',  ( -3.041265874999999674, 78.50000000136560629, -1.259733572207478058 ) ) ;
#7911 = DIRECTION ( 'NONE',  ( -2.501589552824417682E-12, -9.460304020253028666E-28, -1.000000000000000000 ) ) ;
#7912 = CARTESIAN_POINT ( 'NONE',  ( 2.789297643080071723E-15, 99.00000000000001421, 68.00000000000000000 ) ) ;
#7913 = DIRECTION ( 'NONE',  ( -0.9606447433647388179, -0.2777799075629752701, 0.000000000000000000 ) ) ;
#7914 = CARTESIAN_POINT ( 'NONE',  ( -6.789918596764517034, 94.95330752279382125, 21.39999999999999503 ) ) ;
#7915 = FACE_OUTER_BOUND ( 'NONE', #5639, .T. ) ;
#7916 = EDGE_CURVE ( 'NONE', #2276, #7436, #4280, .T. ) ;
#7917 = VECTOR ( 'NONE', #7343, 1000.000000000000000 ) ;
#7918 = CARTESIAN_POINT ( 'NONE',  ( 1.767766952966368654, 77.62500000000000000, -1.767766952966369098 ) ) ;
#7919 = VECTOR ( 'NONE', #7897, 1000.000000000000000 ) ;
#7920 = ORIENTED_EDGE ( 'NONE', *, *, #5095, .T. ) ;
#7921 = ORIENTED_EDGE ( 'NONE', *, *, #6184, .F. ) ;
#7922 = ORIENTED_EDGE ( 'NONE', *, *, #3247, .F. ) ;
#7923 = CARTESIAN_POINT ( 'NONE',  ( -2.150499723603738200, 78.81250000136559208, 2.150499723603739533 ) ) ;
#7924 = EDGE_CURVE ( 'NONE', #2740, #4279, #8296, .T. ) ;
#7925 = CARTESIAN_POINT ( 'NONE',  ( 11.00000000000001421, 80.50000000000001421, -15.50000000000000533 ) ) ;
#7926 = DIRECTION ( 'NONE',  ( 0.000000000000000000, -8.773937619163356039E-17, -1.000000000000000000 ) ) ;
#7927 = AXIS2_PLACEMENT_3D ( 'NONE', #2798, #557, #9011 ) ;
#7928 = CARTESIAN_POINT ( 'NONE',  ( -1.035533905932738197, 66.43750000273118417, 2.500000000000000000 ) ) ;
#7929 = VECTOR ( 'NONE', #373, 1000.000000000000000 ) ;
#7930 = CIRCLE ( 'NONE', #4846, 4.799999999999998046 ) ;
#7931 = VERTEX_POINT ( 'NONE', #3454 ) ;
#7932 = CARTESIAN_POINT ( 'NONE',  ( -10.49999999999998401, 99.00000000000001421, -20.00000000000000355 ) ) ;
#7933 = CARTESIAN_POINT ( 'NONE',  ( 10.50000000000001421, 99.00000000000001421, 19.99999999999999645 ) ) ;
#7934 = CARTESIAN_POINT ( 'NONE',  ( -3.041265874999999674, 69.50000000136560629, -1.259733572207478058 ) ) ;
#7935 = LINE ( 'NONE', #7177, #8236 ) ;
#7936 = ORIENTED_EDGE ( 'NONE', *, *, #3563, .T. ) ;
#7937 = EDGE_LOOP ( 'NONE', ( #8075, #39, #6972, #7421 ) ) ;
#7938 = VECTOR ( 'NONE', #9359, 1000.000000000000227 ) ;
#7939 = ORIENTED_EDGE ( 'NONE', *, *, #6847, .T. ) ;
#7940 = CIRCLE ( 'NONE', #5990, 6.000000000000000000 ) ;
#7941 = DIRECTION ( 'NONE',  ( -1.000000000000000000, -9.398538128609710963E-32, -0.000000000000000000 ) ) ;
#7942 = FACE_OUTER_BOUND ( 'NONE', #5143, .T. ) ;
#7943 = CARTESIAN_POINT ( 'NONE',  ( -2.500019168066742736, 107.6458026902826646, -19.20000000000000284 ) ) ;
#7944 = DIRECTION ( 'NONE',  ( 0.000000000000000000, 0.000000000000000000, 1.000000000000000000 ) ) ;
#7945 = CARTESIAN_POINT ( 'NONE',  ( -1.530808498934191571E-16, 75.00000000273118417, -2.500000000000000000 ) ) ;
#7946 = FACE_OUTER_BOUND ( 'NONE', #2127, .T. ) ;
#7947 = CARTESIAN_POINT ( 'NONE',  ( -3.041265874999999674, 67.62500000136559208, -1.259733572207478058 ) ) ;
#7948 = ORIENTED_EDGE ( 'NONE', *, *, #5838, .F. ) ;
#7949 = ADVANCED_FACE ( 'NONE', ( #1936 ), #2235, .F. ) ;
#7950 = DIRECTION ( 'NONE',  ( 3.498617117102115093E-16, -1.223743265390829249E-16, -1.000000000000000000 ) ) ;
#7951 = CARTESIAN_POINT ( 'NONE',  ( 1.259733572207478058, 69.25000000136559208, -3.041265874999999674 ) ) ;
#7952 = DIRECTION ( 'NONE',  ( -0.9606447433647388179, -0.2777799075629757142, 0.000000000000000000 ) ) ;
#7953 = VERTEX_POINT ( 'NONE', #410 ) ;
#7954 = CARTESIAN_POINT ( 'NONE',  ( 4.592425496802573972E-16, 73.25000000000000000, 2.500000000000000000 ) ) ;
#7955 = CARTESIAN_POINT ( 'NONE',  ( -2.150499723603738200, 73.68750000136559208, 2.150499723603739533 ) ) ;
#7956 = EDGE_CURVE ( 'NONE', #4053, #7563, #3651, .T. ) ;
#7957 = CARTESIAN_POINT ( 'NONE',  ( 1.259733572207478058, 75.25000000136559208, -3.041265874999999674 ) ) ;
#7958 = EDGE_CURVE ( 'NONE', #8002, #1496, #3533, .T. ) ;
#7959 = CARTESIAN_POINT ( 'NONE',  ( -2.250017251260064466, 106.7812224212543981, -19.70000000000000284 ) ) ;
#7960 = CARTESIAN_POINT ( 'NONE',  ( -2.500000000000000000, 66.06250000000000000, 1.035533905932739307 ) ) ;
#7961 = CARTESIAN_POINT ( 'NONE',  ( 3.041265875000000118, 72.18750000136559208, -3.724476519174824240E-16 ) ) ;
#7962 = EDGE_LOOP ( 'NONE', ( #4370, #2681, #1120, #5278 ) ) ;
#7963 = CARTESIAN_POINT ( 'NONE',  ( -7.840135496326073650, 102.2793583476657062, 21.39999999999999503 ) ) ;
#7964 = CARTESIAN_POINT ( 'NONE',  ( -1.259733572207478058, 79.37500000136562051, -3.041265874999999674 ) ) ;
#7965 = DIRECTION ( 'NONE',  ( -0.9606447433647389289, -0.2777799075629747705, 0.000000000000000000 ) ) ;
#7966 = VECTOR ( 'NONE', #2981, 1000.000000000000000 ) ;
#7967 = LINE ( 'NONE', #7106, #4307 ) ;
#7968 = CARTESIAN_POINT ( 'NONE',  ( 0.000000000000000000, 5.000000000000000000, 0.000000000000000000 ) ) ;
#7969 = EDGE_CURVE ( 'NONE', #4962, #82, #6796, .T. ) ;
#7970 = PLANE ( 'NONE',  #9440 ) ;
#7971 = ADVANCED_FACE ( 'NONE', ( #5047 ), #9729, .T. ) ;
#7972 = AXIS2_PLACEMENT_3D ( 'NONE', #1329, #9925, #6116 ) ;
#7973 = CARTESIAN_POINT ( 'NONE',  ( -1.530808498934191571E-16, 79.75000000000000000, -2.500000000000000000 ) ) ;
#7974 = EDGE_CURVE ( 'NONE', #3028, #4820, #6961, .T. ) ;
#7975 = ORIENTED_EDGE ( 'NONE', *, *, #2819, .F. ) ;
#7976 = ORIENTED_EDGE ( 'NONE', *, *, #7179, .F. ) ;
#7977 = ORIENTED_EDGE ( 'NONE', *, *, #4684, .T. ) ;
#7978 =( BOUNDED_CURVE ( )  B_SPLINE_CURVE ( 2, ( #6573, #3565, #8970, #4333, #6680, #1892, #5004, #8153, #9783 ),
 .UNSPECIFIED., .F., .T. ) 
 B_SPLINE_CURVE_WITH_KNOTS ( ( 3, 2, 2, 2, 3 ),
 ( 0.5499999999999994893, 0.5583333333333327930, 0.5666666666666660968, 0.5749999999999994005, 0.5833333333333328152 ),
 .UNSPECIFIED. ) 
 CURVE ( )  GEOMETRIC_REPRESENTATION_ITEM ( )  RATIONAL_B_SPLINE_CURVE ( ( 1.000000000000005107, 0.9238795325112816315, 1.000000000000000000, 0.9238795325112867385, 1.000000000000000000, 0.9238795325112867385, 1.000000000000000000, 0.9238795325112918455, 0.9999999999999948930 ) ) 
 REPRESENTATION_ITEM ( '' )  );
#7979 = EDGE_CURVE ( 'NONE', #9037, #4554, #1886, .T. ) ;
#7980 = CARTESIAN_POINT ( 'NONE',  ( -3.041265875000000118, 74.68750000136559208, 0.000000000000000000 ) ) ;
#7981 = CARTESIAN_POINT ( 'NONE',  ( -6.905246666404282863, 92.18150051655125310, -21.40000000000000213 ) ) ;
#7982 = LINE ( 'NONE', #142, #9284 ) ;
#7983 = AXIS2_PLACEMENT_3D ( 'NONE', #8307, #565, #6012 ) ;
#7984 = VERTEX_POINT ( 'NONE', #5952 ) ;
#7985 = DIRECTION ( 'NONE',  ( -0.1258701363020654218, 0.9920467271188890823, -1.694517300248164611E-16 ) ) ;
#7986 = LINE ( 'NONE', #4981, #4949 ) ;
#7987 = CARTESIAN_POINT ( 'NONE',  ( 3.041265874999999674, 66.12500000136559208, -1.259733572207478280 ) ) ;
#7988 = VECTOR ( 'NONE', #9855, 1000.000000000000000 ) ;
#7989 = DIRECTION ( 'NONE',  ( -6.645770043980242014E-32, 0.7071067811865465735, -0.7071067811865484609 ) ) ;
#7990 = EDGE_LOOP ( 'NONE', ( #530, #2727, #9742 ) ) ;
#7991 = ORIENTED_EDGE ( 'NONE', *, *, #7956, .F. ) ;
#7992 = ORIENTED_EDGE ( 'NONE', *, *, #1247, .T. ) ;
#7993 = AXIS2_PLACEMENT_3D ( 'NONE', #2952, #3103, #4585 ) ;
#7994 = DIRECTION ( 'NONE',  ( 0.000000000000000000, 8.773937619163356039E-17, 1.000000000000000000 ) ) ;
#7995 = FACE_OUTER_BOUND ( 'NONE', #1716, .T. ) ;
#7996 = CARTESIAN_POINT ( 'NONE',  ( 2.500000000000000444, 74.81250000273119838, -1.035533905932737975 ) ) ;
#7997 = CARTESIAN_POINT ( 'NONE',  ( -1.035533905932717103, 67.18749999999998579, 2.500000000000020872 ) ) ;
#7998 = DIRECTION ( 'NONE',  ( 0.4888958147463141057, 0.8723421819008512212, 1.855174205273593835E-16 ) ) ;
#7999 = LINE ( 'NONE', #6374, #889 ) ;
#8000 = AXIS2_PLACEMENT_3D ( 'NONE', #3076, #8581, #8532 ) ;
#8001 = CARTESIAN_POINT ( 'NONE',  ( -1.862238259587412120E-16, 69.43750000136560629, -3.041265875000000118 ) ) ;
#8002 = VERTEX_POINT ( 'NONE', #9868 ) ;
#8003 = VECTOR ( 'NONE', #153, 1000.000000000000000 ) ;
#8004 = CARTESIAN_POINT ( 'NONE',  ( -1.530808498934191571E-16, 69.00000000273119838, -2.500000000000000000 ) ) ;
#8005 = CARTESIAN_POINT ( 'NONE',  ( 3.041265875000001007, 67.00000000136559208, 1.259733572207477836 ) ) ;
#8006 = CARTESIAN_POINT ( 'NONE',  ( -1.035533905932754406, 76.43750000273119838, 2.499999999999984013 ) ) ;
#8007 = CARTESIAN_POINT ( 'NONE',  ( -1.530808498934191571E-16, 73.75000000000000000, -2.500000000000000000 ) ) ;
#8008 = CIRCLE ( 'NONE', #3611, 10.49999999999999467 ) ;
#8009 = CARTESIAN_POINT ( 'NONE',  ( 1.259733572207479835, 72.87500000136559208, 3.041265874999999230 ) ) ;
#8010 = VERTEX_POINT ( 'NONE', #8912 ) ;
#8011 = EDGE_CURVE ( 'NONE', #9002, #409, #9882, .T. ) ;
#8012 = CARTESIAN_POINT ( 'NONE',  ( 3.041265875000000118, 77.06250000136559208, -3.724476519174824240E-16 ) ) ;
#8013 = DIRECTION ( 'NONE',  ( -0.4888958147463142723, -0.8723421819008511102, 0.000000000000000000 ) ) ;
#8014 = CARTESIAN_POINT ( 'NONE',  ( 2.500000000000000444, 67.43750000000000000, 1.035533905932737309 ) ) ;
#8015 = CARTESIAN_POINT ( 'NONE',  ( -2.150499723603739088, 71.56250000136560629, -2.150499723603739088 ) ) ;
#8016 = VERTEX_POINT ( 'NONE', #3507 ) ;
#8017 = CARTESIAN_POINT ( 'NONE',  ( -2.150499723603738200, 78.81250000136559208, 2.150499723603739533 ) ) ;
#8018 = CARTESIAN_POINT ( 'NONE',  ( 3.041265875000000118, 78.06250000136559208, -3.724476519174824240E-16 ) ) ;
#8019 = DIRECTION ( 'NONE',  ( -1.665334536937734071E-16, 4.229157726022815470E-17, 1.000000000000000000 ) ) ;
#8020 = CARTESIAN_POINT ( 'NONE',  ( 5.780909189721799457, 100.6065767769359951, 16.20000000000000995 ) ) ;
#8021 = CYLINDRICAL_SURFACE ( 'NONE', #159, 5.249999999999999112 ) ;
#8022 = FACE_OUTER_BOUND ( 'NONE', #991, .T. ) ;
#8023 = CARTESIAN_POINT ( 'NONE',  ( -2.500000000000000000, 77.06250000000000000, 1.035533905932739307 ) ) ;
#8024 = ORIENTED_EDGE ( 'NONE', *, *, #2370, .F. ) ;
#8025 = VERTEX_POINT ( 'NONE', #9675 ) ;
#8026 = CARTESIAN_POINT ( 'NONE',  ( 4.592425496802573972E-16, 72.25000000000001421, 2.500000000000000000 ) ) ;
#8027 = AXIS2_PLACEMENT_3D ( 'NONE', #6431, #7854, #9528 ) ;
#8028 = CARTESIAN_POINT ( 'NONE',  ( 3.041265875000000118, 78.18750000136559208, -3.724476519174824240E-16 ) ) ;
#8029 = PERSON_AND_ORGANIZATION ( #9327, #1153 ) ;
#8030 = CARTESIAN_POINT ( 'NONE',  ( 0.000000000000000000, 70.00000000000000000, 0.000000000000000000 ) ) ;
#8031 = CARTESIAN_POINT ( 'NONE',  ( -1.035533905932737753, 67.06250000273118417, -2.500000000000000444 ) ) ;
#8032 = ORIENTED_EDGE ( 'NONE', *, *, #8848, .F. ) ;
#8033 = CARTESIAN_POINT ( 'NONE',  ( 2.500000000000000000, 79.50000000000000000, -3.061616997868383141E-16 ) ) ;
#8034 = CARTESIAN_POINT ( 'NONE',  ( -10.99999999999998401, 76.25000000000002842, 19.99999999999999289 ) ) ;
#8035 = CARTESIAN_POINT ( 'NONE',  ( 2.150499723603739533, 65.93750000136559208, 2.150499723603738644 ) ) ;
#8036 = DIRECTION ( 'NONE',  ( -1.647214991701264181E-47, 1.178574802204324542E-16, -1.000000000000000000 ) ) ;
#8037 = ADVANCED_FACE ( 'NONE', ( #1322 ), #3861, .T. ) ;
#8038 = EDGE_LOOP ( 'NONE', ( #10065, #7664, #5995, #2694 ) ) ;
#8039 =( BOUNDED_CURVE ( )  B_SPLINE_CURVE ( 2, ( #3430, #1712, #4098, #2571, #5729, #7158, #1048, #1814, #9595 ),
 .UNSPECIFIED., .F., .T. ) 
 B_SPLINE_CURVE_WITH_KNOTS ( ( 3, 2, 2, 2, 3 ),
 ( 0.7166666666666663410, 0.7249999999999996447, 0.7333333333333329485, 0.7416666666666664742, 0.7499999999999997780 ),
 .UNSPECIFIED. ) 
 CURVE ( )  GEOMETRIC_REPRESENTATION_ITEM ( )  RATIONAL_B_SPLINE_CURVE ( ( 1.000000000000003109, 0.9238795325112837409, 1.000000000000000000, 0.9238795325112867385, 1.000000000000000000, 0.9238795325112867385, 1.000000000000000000, 0.9238795325112887369, 0.9999999999999980016 ) ) 
 REPRESENTATION_ITEM ( '' )  );
#8040 = VERTEX_POINT ( 'NONE', #4326 ) ;
#8041 = ORIENTED_EDGE ( 'NONE', *, *, #7426, .F. ) ;
#8042 = ADVANCED_FACE ( 'NONE', ( #462 ), #3559, .T. ) ;
#8043 = CARTESIAN_POINT ( 'NONE',  ( -2.499999999999968026, 70.06250000000001421, 1.035533905932771059 ) ) ;
#8044 = EDGE_CURVE ( 'NONE', #5340, #6636, #6627, .T. ) ;
#8045 = AXIS2_PLACEMENT_3D ( 'NONE', #5572, #6542, #8834 ) ;
#8046 = CARTESIAN_POINT ( 'NONE',  ( 2.500000000000000444, 78.43750000000001421, 1.035533905932737309 ) ) ;
#8047 = ORIENTED_EDGE ( 'NONE', *, *, #8524, .T. ) ;
#8048 = DIRECTION ( 'NONE',  ( -0.7071067811865474617, 0.7071067811865474617, -6.204110788218161570E-17 ) ) ;
#8049 = DIRECTION ( 'NONE',  ( -0.000000000000000000, -1.000000000000000000, -0.000000000000000000 ) ) ;
#8050 = CARTESIAN_POINT ( 'NONE',  ( 1.767766952966369320, 76.62500000273118417, 1.767766952966368654 ) ) ;
#8051 = CARTESIAN_POINT ( 'NONE',  ( -1.862238259587412120E-16, 67.43750000136560629, -3.041265875000000118 ) ) ;
#8052 = VERTEX_POINT ( 'NONE', #7580 ) ;
#8053 = CARTESIAN_POINT ( 'NONE',  ( 2.500000000000000444, 69.81250000273118417, -1.035533905932737975 ) ) ;
#8054 =( BOUNDED_CURVE ( )  B_SPLINE_CURVE ( 2, ( #1268, #2938, #9862, #5191, #4418, #1471, #7627, #2025, #6052 ),
 .UNSPECIFIED., .F., .F. ) 
 B_SPLINE_CURVE_WITH_KNOTS ( ( 3, 2, 2, 2, 3 ),
 ( 0.3833333333333336923, 0.3916666666666669960, 0.4000000000000003553, 0.4083333333333336590, 0.4166666666666670182 ),
 .UNSPECIFIED. ) 
 CURVE ( )  GEOMETRIC_REPRESENTATION_ITEM ( )  RATIONAL_B_SPLINE_CURVE ( ( 0.9999999999999970024, 0.9238795325112897361, 1.000000000000000000, 0.9238795325112867385, 1.000000000000000000, 0.9238795325112867385, 1.000000000000000000, 0.9238795325112837409, 1.000000000000003109 ) ) 
 REPRESENTATION_ITEM ( '' )  );
#8055 = CARTESIAN_POINT ( 'NONE',  ( -2.150499723603739088, 66.43750000136559208, -2.150499723603739088 ) ) ;
#8056 = CARTESIAN_POINT ( 'NONE',  ( -2.500000000000000000, 76.31250000273121259, 1.035533905932739307 ) ) ;
#8057 = ORIENTED_EDGE ( 'NONE', *, *, #482, .T. ) ;
#8058 = CARTESIAN_POINT ( 'NONE',  ( 3.041265875000000118, 74.06250000136559208, -3.724476519174824240E-16 ) ) ;
#8059 = ORIENTED_EDGE ( 'NONE', *, *, #987, .T. ) ;
#8060 = CARTESIAN_POINT ( 'NONE',  ( -5.973606162712517431, 97.33987066383282638, 16.20000000000004192 ) ) ;
#8061 = CARTESIAN_POINT ( 'NONE',  ( 1.767766952966369320, 67.37500000000000000, 1.767766952966368654 ) ) ;
#8062 = CARTESIAN_POINT ( 'NONE',  ( -1.259733572207478725, 69.87500000136559208, 3.041265874999999230 ) ) ;
#8063 = ORIENTED_EDGE ( 'NONE', *, *, #4048, .T. ) ;
#8064 = CARTESIAN_POINT ( 'NONE',  ( 3.041265875000001007, 78.12500000136560629, 1.259733572207477836 ) ) ;
#8065 = CARTESIAN_POINT ( 'NONE',  ( -1.259733572207478058, 66.50000000136559208, -3.041265874999999674 ) ) ;
#8066 = VECTOR ( 'NONE', #7473, 1000.000000000000000 ) ;
#8067 = CARTESIAN_POINT ( 'NONE',  ( 3.211632350503328181E-14, 99.00000000000000000, -21.40000000000000213 ) ) ;
#8068 = MANIFOLD_SOLID_BREP ( 'C-SFL6701ZZ-1-solid1', #6803 ) ;
#8069 = CARTESIAN_POINT ( 'NONE',  ( 4.144650863863736490, 96.57887026025579758, -20.30000000000000071 ) ) ;
#8070 = CARTESIAN_POINT ( 'NONE',  ( 9.750000000000015987, 99.00000000000001421, 19.20000000000000639 ) ) ;
#8071 = CARTESIAN_POINT ( 'NONE',  ( 1.561251128379126385E-14, 99.00000000000001421, 15.49999999999999467 ) ) ;
#8072 = CARTESIAN_POINT ( 'NONE',  ( 1.035533905932737531, 76.68750000000000000, -2.500000000000000444 ) ) ;
#8073 = AXIS2_PLACEMENT_3D ( 'NONE', #1515, #9953, #1355 ) ;
#8074 = ORIENTED_EDGE ( 'NONE', *, *, #5256, .F. ) ;
#8075 = ORIENTED_EDGE ( 'NONE', *, *, #4086, .F. ) ;
#8076 = CARTESIAN_POINT ( 'NONE',  ( 3.181149452793928046E-14, 99.00000000000000000, -20.30000000000000071 ) ) ;
#8077 = EDGE_CURVE ( 'NONE', #5211, #685, #4352, .T. ) ;
#8078 = CARTESIAN_POINT ( 'NONE',  ( -1.259733572207478058, 76.50000000136560629, -3.041265874999999674 ) ) ;
#8079 = SECURITY_CLASSIFICATION_LEVEL ( 'unclassified' ) ;
#8080 = FACE_OUTER_BOUND ( 'NONE', #1834, .T. ) ;
#8081 = CARTESIAN_POINT ( 'NONE',  ( -1.767766952966368432, 66.37500000273119838, 1.767766952966369320 ) ) ;
#8082 = VECTOR ( 'NONE', #2758, 1000.000000000000000 ) ;
#8083 = VERTEX_POINT ( 'NONE', #2283 ) ;
#8084 = CARTESIAN_POINT ( 'NONE',  ( -4.031526565385327388, 79.66641669596002373, 4.666416695959999750 ) ) ;
#8085 = DIRECTION ( 'NONE',  ( -1.665334536937734071E-16, 4.229157726022815470E-17, 1.000000000000000000 ) ) ;
#8086 = AXIS2_PLACEMENT_3D ( 'NONE', #6186, #3067, #7042 ) ;
#8087 = CARTESIAN_POINT ( 'NONE',  ( 2.150499723603738644, 66.18750000136559208, -2.150499723603739088 ) ) ;
#8088 = EDGE_CURVE ( 'NONE', #8702, #8982, #3881, .T. ) ;
#8089 = DIRECTION ( 'NONE',  ( 0.000000000000000000, -1.000000000000000000, 0.000000000000000000 ) ) ;
#8090 = ORIENTED_EDGE ( 'NONE', *, *, #3674, .T. ) ;
#8091 = EDGE_LOOP ( 'NONE', ( #4862, #1113, #954, #4391, #2030 ) ) ;
#8092 = FACE_OUTER_BOUND ( 'NONE', #550, .T. ) ;
#8093 = VECTOR ( 'NONE', #6285, 1000.000000000000114 ) ;
#8094 = CARTESIAN_POINT ( 'NONE',  ( -8.645802690282609504, 96.49998083193324305, -67.99999999999998579 ) ) ;
#8095 = DIRECTION ( 'NONE',  ( -0.9606447433647388179, -0.2777799075629752701, 5.551115123125782702E-17 ) ) ;
#8096 = VERTEX_POINT ( 'NONE', #3855 ) ;
#8097 = CARTESIAN_POINT ( 'NONE',  ( 1.997291221300659204E-15, 82.51000000000003354, -1.338065867435882278E-28 ) ) ;
#8098 = CARTESIAN_POINT ( 'NONE',  ( -1.035533905932769505, 69.81250000000000000, -2.499999999999968914 ) ) ;
#8099 = CARTESIAN_POINT ( 'NONE',  ( -5.780909189721773700, 97.39342322306401911, 16.20000000000000995 ) ) ;
#8100 = ADVANCED_FACE ( 'NONE', ( #8398 ), #6868, .T. ) ;
#8101 = CIRCLE ( 'NONE', #3689, 6.000000000000000888 ) ;
#8102 = EDGE_CURVE ( 'NONE', #8197, #9038, #9555, .T. ) ;
#8103 = CARTESIAN_POINT ( 'NONE',  ( 3.041265874999999674, 66.25000000136559208, -1.259733572207478280 ) ) ;
#8104 = ORIENTED_EDGE ( 'NONE', *, *, #7969, .F. ) ;
#8105 = CARTESIAN_POINT ( 'NONE',  ( 0.000000000000000000, 70.00000000000000000, 2.500000000000000000 ) ) ;
#8106 = CARTESIAN_POINT ( 'NONE',  ( 5.586714778762236360E-16, 68.81250000136560629, 3.041265875000000118 ) ) ;
#8107 = EDGE_CURVE ( 'NONE', #2640, #8865, #8101, .T. ) ;
#8108 = CARTESIAN_POINT ( 'NONE',  ( 1.091613018333621279E-14, 99.00000000000001421, 19.20000000000001350 ) ) ;
#8109 = EDGE_LOOP ( 'NONE', ( #475, #6040, #6275, #7011 ) ) ;
#8110 = CARTESIAN_POINT ( 'NONE',  ( 3.968626966596887851, 76.25000000000000000, 4.500000000000000000 ) ) ;
#8111 = CARTESIAN_POINT ( 'NONE',  ( 1.259733572207478058, 70.25000000136559208, -3.041265875000000563 ) ) ;
#8112 = VERTEX_POINT ( 'NONE', #9205 ) ;
#8113 = CARTESIAN_POINT ( 'NONE',  ( 7.804227406124441657, 101.1688786488636111, 19.70000000000001350 ) ) ;
#8114 = ORIENTED_EDGE ( 'NONE', *, *, #1247, .F. ) ;
#8115 = CARTESIAN_POINT ( 'NONE',  ( 3.041265874999999674, 76.25000000136559208, -1.259733572207478280 ) ) ;
#8116 = CARTESIAN_POINT ( 'NONE',  ( 2.150499723603738644, 72.31250000136559208, -2.150499723603739088 ) ) ;
#8117 = VERTEX_POINT ( 'NONE', #10071 ) ;
#8118 = CARTESIAN_POINT ( 'NONE',  ( 3.041265875000000118, 76.18750000136559208, -3.724476519174824240E-16 ) ) ;
#8119 = CARTESIAN_POINT ( 'NONE',  ( -3.041265875000000118, 65.68750000136559208, 0.000000000000000000 ) ) ;
#8120 = DIRECTION ( 'NONE',  ( 0.000000000000000000, 1.000000000000000000, 0.000000000000000000 ) ) ;
#8121 = MANIFOLD_SOLID_BREP ( 'e-ring external retaining ring_am-10-solid1', #1119 ) ;
#8122 = CARTESIAN_POINT ( 'NONE',  ( 3.211632350503328181E-14, 99.00000000000000000, -21.40000000000000213 ) ) ;
#8123 = DIRECTION ( 'NONE',  ( -1.665334536937734071E-16, 4.229157726022815470E-17, 1.000000000000000000 ) ) ;
#8124 = CARTESIAN_POINT ( 'NONE',  ( 1.561251128379126385E-14, 109.5000000000000142, -15.00000000000000355 ) ) ;
#8125 = CARTESIAN_POINT ( 'NONE',  ( -1.035533905932737753, 78.81250000000001421, -2.500000000000000444 ) ) ;
#8126 = VERTEX_POINT ( 'NONE', #656 ) ;
#8127 = VERTEX_POINT ( 'NONE', #4679 ) ;
#8128 = DIRECTION ( 'NONE',  ( 2.501589552824417682E-12, 0.000000000000000000, 1.000000000000000000 ) ) ;
#8129 = VECTOR ( 'NONE', #2240, 1000.000000000000000 ) ;
#8130 = CARTESIAN_POINT ( 'NONE',  ( 3.041265874999999674, 76.25000000136559208, -1.259733572207478280 ) ) ;
#8131 = COORDINATED_UNIVERSAL_TIME_OFFSET ( 7, 0, .AHEAD. ) ;
#8132 = CARTESIAN_POINT ( 'NONE',  ( -5.034382250536990202E-15, 80.51662401574805017, 1.934234859304755356E-26 ) ) ;
#8133 = PLANE ( 'NONE',  #347 ) ;
#8134 = VERTEX_POINT ( 'NONE', #1575 ) ;
#8135 = CARTESIAN_POINT ( 'NONE',  ( 8.478666811591986985, 101.3563126061728070, 16.00000000000000711 ) ) ;
#8136 = DIRECTION ( 'NONE',  ( -1.000000000000000000, -9.398538128609710963E-32, -0.000000000000000000 ) ) ;
#8137 = CIRCLE ( 'NONE', #3732, 6.850000000000000533 ) ;
#8138 = EDGE_CURVE ( 'NONE', #6240, #9164, #3752, .T. ) ;
#8139 = LINE ( 'NONE', #4984, #2538 ) ;
#8140 = ORIENTED_EDGE ( 'NONE', *, *, #5336, .T. ) ;
#8141 = ORIENTED_EDGE ( 'NONE', *, *, #9732, .T. ) ;
#8142 = DIRECTION ( 'NONE',  ( -1.665334536937734071E-16, 4.229157726022815470E-17, 1.000000000000000000 ) ) ;
#8143 = VECTOR ( 'NONE', #5488, 1000.000000000000000 ) ;
#8144 = CYLINDRICAL_SURFACE ( 'NONE', #1816, 9.750000000000000000 ) ;
#8145 = EDGE_CURVE ( 'NONE', #7931, #5243, #5654, .T. ) ;
#8146 = CARTESIAN_POINT ( 'NONE',  ( 4.592425496802573972E-16, 77.25000000000000000, 2.500000000000000000 ) ) ;
#8147 = EDGE_LOOP ( 'NONE', ( #3550, #8997 ) ) ;
#8148 = DIRECTION ( 'NONE',  ( 3.885780586188047891E-16, -1.065500303100115213E-16, -1.000000000000000000 ) ) ;
#8149 = DIRECTION ( 'NONE',  ( 3.885780586188047891E-16, -1.065500303100115213E-16, -1.000000000000000000 ) ) ;
#8150 = CARTESIAN_POINT ( 'NONE',  ( -1.530808498934191571E-16, 79.00000000273118417, -2.500000000000000000 ) ) ;
#8151 = CARTESIAN_POINT ( 'NONE',  ( -1.259733572207478502, 65.87500000136559208, 3.041265874999999230 ) ) ;
#8152 = ORIENTED_EDGE ( 'NONE', *, *, #2055, .T. ) ;
#8153 = CARTESIAN_POINT ( 'NONE',  ( 1.035533905932791932, 71.31250000000001421, 2.499999999999947153 ) ) ;
#8154 = EDGE_CURVE ( 'NONE', #9028, #9074, #809, .T. ) ;
#8155 = DIRECTION ( 'NONE',  ( 0.000000000000000000, 1.000000000000000000, 0.000000000000000000 ) ) ;
#8156 = CARTESIAN_POINT ( 'NONE',  ( 4.031526565385358474, 79.66641669596002373, -4.666416695959992644 ) ) ;
#8157 = EDGE_CURVE ( 'NONE', #7712, #6157, #3048, .T. ) ;
#8158 = CARTESIAN_POINT ( 'NONE',  ( -5.763868460188392717, 97.33332055462216204, -67.99999999999998579 ) ) ;
#8159 = AXIS2_PLACEMENT_3D ( 'NONE', #9926, #9978, #3054 ) ;
#8160 = CARTESIAN_POINT ( 'NONE',  ( -1.862238259587412120E-16, 69.31250000136560629, -3.041265875000000118 ) ) ;
#8161 = ORIENTED_EDGE ( 'NONE', *, *, #9529, .F. ) ;
#8162 = ORIENTED_EDGE ( 'NONE', *, *, #2667, .F. ) ;
#8163 = CIRCLE ( 'NONE', #6533, 1.499999999999990896 ) ;
#8164 = CARTESIAN_POINT ( 'NONE',  ( -2.150499723603739088, 78.56250000136559208, -2.150499723603739088 ) ) ;
#8165 = CARTESIAN_POINT ( 'NONE',  ( -1.259733572207478725, 65.87500000136559208, 3.041265874999999230 ) ) ;
#8166 = EDGE_CURVE ( 'NONE', #5163, #2488, #4936, .T. ) ;
#8167 = EDGE_LOOP ( 'NONE', ( #1173, #7390, #9935, #9079 ) ) ;
#8168 = CARTESIAN_POINT ( 'NONE',  ( -3.041265875000000563, 76.62500000136560629, -1.259733572207478058 ) ) ;
#8169 = CARTESIAN_POINT ( 'NONE',  ( 5.586714778762236360E-16, 75.81250000136559208, 3.041265875000000118 ) ) ;
#8170 = DIRECTION ( 'NONE',  ( 0.000000000000000000, 1.000000000000000000, 0.000000000000000000 ) ) ;
#8171 = EDGE_CURVE ( 'NONE', #828, #1497, #6921, .T. ) ;
#8172 = VECTOR ( 'NONE', #7219, 1000.000000000000000 ) ;
#8173 = CARTESIAN_POINT ( 'NONE',  ( 4.592425496802573972E-16, 71.25000000000001421, 2.500000000000000000 ) ) ;
#8174 = DIRECTION ( 'NONE',  ( 1.000000000000000000, 9.398538128609710963E-32, 0.000000000000000000 ) ) ;
#8175 = DIRECTION ( 'NONE',  ( 0.9256659661250533633, 0.3783418020226835266, 3.575146948697719901E-16 ) ) ;
#8176 = CARTESIAN_POINT ( 'NONE',  ( 1.035533905932737531, 72.68750000000000000, -2.500000000000000444 ) ) ;
#8177 = ORIENTED_EDGE ( 'NONE', *, *, #1195, .T. ) ;
#8178 = EDGE_LOOP ( 'NONE', ( #3986, #8556, #4306, #2014 ) ) ;
#8179 = CARTESIAN_POINT ( 'NONE',  ( -1.530808498934191571E-16, 67.00000000273119838, -2.500000000000000000 ) ) ;
#8180 = CARTESIAN_POINT ( 'NONE',  ( 2.150499723603739533, 78.06250000136559208, 2.150499723603738644 ) ) ;
#8181 = PERSON_AND_ORGANIZATION_ROLE ( 'design_owner' ) ;
#8182 = DIRECTION ( 'NONE',  ( 0.4888958147463142168, 0.8723421819008511102, 1.855174205273594328E-16 ) ) ;
#8183 = LINE ( 'NONE', #5989, #7339 ) ;
#8184 = VERTEX_POINT ( 'NONE', #9259 ) ;
#8185 = CARTESIAN_POINT ( 'NONE',  ( -3.968626966596887851, 80.00000000000000000, -4.500000000000000000 ) ) ;
#8186 = DIRECTION ( 'NONE',  ( 0.9256659661250533633, 0.3783418020226835266, 3.575146948697719901E-16 ) ) ;
#8187 = DIRECTION ( 'NONE',  ( -0.9856789502254653668, -0.1686327580348039867, -2.585034057156780701E-16 ) ) ;
#8188 = CIRCLE ( 'NONE', #3786, 6.199999967901916875 ) ;
#8189 = ORIENTED_EDGE ( 'NONE', *, *, #1374, .F. ) ;
#8190 = EDGE_LOOP ( 'NONE', ( #7539, #8376, #1879, #1314 ) ) ;
#8191 = AXIS2_PLACEMENT_3D ( 'NONE', #9260, #1778, #9665 ) ;
#8192 = CARTESIAN_POINT ( 'NONE',  ( 6.599871324932401251, 100.8341751536686104, 16.00000000000000711 ) ) ;
#8193 = ADVANCED_FACE ( 'NONE', ( #6816 ), #1370, .T. ) ;
#8194 = LINE ( 'NONE', #8094, #2461 ) ;
#8195 = CARTESIAN_POINT ( 'NONE',  ( 1.561251128379126385E-14, 99.00000000000001421, 20.00000000000000355 ) ) ;
#8196 = DIRECTION ( 'NONE',  ( -1.665334536937734071E-16, 4.229157726022815470E-17, 1.000000000000000000 ) ) ;
#8197 = VERTEX_POINT ( 'NONE', #2942 ) ;
#8198 = CARTESIAN_POINT ( 'NONE',  ( 1.561251128379126385E-14, 99.00000000000001421, -15.00000000000000533 ) ) ;
#8199 = CARTESIAN_POINT ( 'NONE',  ( -2.500000000000000444, 74.18750000273121259, -1.035533905932737753 ) ) ;
#8200 = CARTESIAN_POINT ( 'NONE',  ( 1.035533905932735310, 78.56250000273119838, 2.500000000000003553 ) ) ;
#8201 = CARTESIAN_POINT ( 'NONE',  ( 1.259733572207479835, 76.87500000136559208, 3.041265874999999230 ) ) ;
#8202 = VECTOR ( 'NONE', #8248, 1000.000000000000000 ) ;
#8203 = CARTESIAN_POINT ( 'NONE',  ( -3.041265874999999230, 65.75000000136559208, 1.259733572207480057 ) ) ;
#8204 = ORIENTED_EDGE ( 'NONE', *, *, #5027, .T. ) ;
#8205 = CARTESIAN_POINT ( 'NONE',  ( 8.453673741609737391, 101.4444631865542021, -16.00000000000000355 ) ) ;
#8206 = LINE ( 'NONE', #5204, #9282 ) ;
#8207 = DIRECTION ( 'NONE',  ( 0.9256659661250540294, 0.3783418020226824163, 0.000000000000000000 ) ) ;
#8208 = CARTESIAN_POINT ( 'NONE',  ( -3.750607462176395129E-12, 83.55000000000002558, -1.499999999999990896 ) ) ;
#8209 = CARTESIAN_POINT ( 'NONE',  ( -3.041265875000000563, 70.50000000136559208, -1.259733572207478058 ) ) ;
#8210 = VERTEX_POINT ( 'NONE', #191 ) ;
#8211 = VECTOR ( 'NONE', #579, 1000.000000000000000 ) ;
#8212 = VERTEX_POINT ( 'NONE', #9559 ) ;
#8213 = CARTESIAN_POINT ( 'NONE',  ( -3.041265875000000118, 74.68750000136559208, 0.000000000000000000 ) ) ;
#8214 = CARTESIAN_POINT ( 'NONE',  ( -3.041265874999999230, 65.75000000136559208, 1.259733572207480057 ) ) ;
#8215 = ORIENTED_EDGE ( 'NONE', *, *, #956, .T. ) ;
#8216 = CARTESIAN_POINT ( 'NONE',  ( 2.150499723603738644, 77.18750000136559208, -2.150499723603739088 ) ) ;
#8217 = CARTESIAN_POINT ( 'NONE',  ( 11.00000000000001421, 93.12500000000001421, 19.49999999999999645 ) ) ;
#8218 = DIRECTION ( 'NONE',  ( 0.000000000000000000, 1.000000000000000000, 0.000000000000000000 ) ) ;
#8219 = EDGE_CURVE ( 'NONE', #4402, #9607, #5640, .T. ) ;
#8220 = CARTESIAN_POINT ( 'NONE',  ( -8.999999999999984013, 99.00000000000001421, 20.00000000000000000 ) ) ;
#8221 = CARTESIAN_POINT ( 'NONE',  ( 1.767766952966368654, 69.62500000000000000, -1.767766952966369098 ) ) ;
#8222 = EDGE_CURVE ( 'NONE', #8543, #9762, #5495, .T. ) ;
#8223 = CARTESIAN_POINT ( 'NONE',  ( 1.035533905932737531, 74.68750000000000000, -2.500000000000000444 ) ) ;
#8224 = ORIENTED_EDGE ( 'NONE', *, *, #1661, .T. ) ;
#8225 = ORIENTED_EDGE ( 'NONE', *, *, #1558, .T. ) ;
#8226 = EDGE_CURVE ( 'NONE', #2488, #10038, #1178, .T. ) ;
#8227 = CIRCLE ( 'NONE', #5298, 1.024434782608710348 ) ;
#8228 = FACE_BOUND ( 'NONE', #5925, .T. ) ;
#8229 = CARTESIAN_POINT ( 'NONE',  ( 5.586714778762236360E-16, 72.93750000136559208, 3.041265875000000118 ) ) ;
#8230 = ADVANCED_FACE ( 'NONE', ( #8748 ), #89, .F. ) ;
#8231 = CYLINDRICAL_SURFACE ( 'NONE', #3519, 1.024434782608708572 ) ;
#8232 = DIRECTION ( 'NONE',  ( 0.000000000000000000, 0.000000000000000000, 1.000000000000000000 ) ) ;
#8233 = ORIENTED_EDGE ( 'NONE', *, *, #7416, .F. ) ;
#8234 = LINE ( 'NONE', #3443, #950 ) ;
#8235 = CARTESIAN_POINT ( 'NONE',  ( -9.749999999999984013, 99.00000000000001421, -19.99999999999999645 ) ) ;
#8236 = VECTOR ( 'NONE', #5792, 1000.000000000000000 ) ;
#8237 = CARTESIAN_POINT ( 'NONE',  ( 3.211632350503328181E-14, 99.00000000000000000, -21.40000000000000213 ) ) ;
#8238 = VERTEX_POINT ( 'NONE', #7830 ) ;
#8239 = ORIENTED_EDGE ( 'NONE', *, *, #6679, .T. ) ;
#8240 = DIRECTION ( 'NONE',  ( 0.9999870432906645679, -0.005090505946798764766, 0.000000000000000000 ) ) ;
#8241 = CIRCLE ( 'NONE', #9540, 9.000000000000000000 ) ;
#8242 = FACE_OUTER_BOUND ( 'NONE', #5844, .T. ) ;
#8243 = CIRCLE ( 'NONE', #6300, 6.000000000000000888 ) ;
#8244 = CARTESIAN_POINT ( 'NONE',  ( 3.061616997868380183E-16, 8.497848452431096433, 2.499999999999997335 ) ) ;
#8245 = CARTESIAN_POINT ( 'NONE',  ( 3.211632350503328181E-14, 99.00000000000000000, -21.40000000000000213 ) ) ;
#8246 = EDGE_LOOP ( 'NONE', ( #4465, #7703, #49, #4872 ) ) ;
#8247 = CARTESIAN_POINT ( 'NONE',  ( 2.904144476039272948, 95.17822752347940707, 21.39999999999999858 ) ) ;
#8248 = DIRECTION ( 'NONE',  ( 5.665246594868421190E-32, -0.7071067811865489050, -0.7071067811865462405 ) ) ;
#8249 = DIRECTION ( 'NONE',  ( 0.9256659661250540294, 0.3783418020226822498, 0.000000000000000000 ) ) ;
#8250 = CARTESIAN_POINT ( 'NONE',  ( -3.041265874999999674, 71.50000000136560629, -1.259733572207478058 ) ) ;
#8251 = EDGE_LOOP ( 'NONE', ( #6657, #2536, #1242, #2083 ) ) ;
#8252 = AXIS2_PLACEMENT_3D ( 'NONE', #7609, #633, #3779 ) ;
#8253 = CARTESIAN_POINT ( 'NONE',  ( -1.530808498934191571E-16, 72.00000000273118417, -2.500000000000000000 ) ) ;
#8254 = CARTESIAN_POINT ( 'NONE',  ( 0.000000000000000000, 70.00000000000000000, 0.000000000000000000 ) ) ;
#8255 = CARTESIAN_POINT ( 'NONE',  ( -3.041265874999999230, 64.62500000136559208, 1.259733572207480057 ) ) ;
#8256 = CARTESIAN_POINT ( 'NONE',  ( 1.767766952966368654, 68.62500000000000000, -1.767766952966369098 ) ) ;
#8257 = DIRECTION ( 'NONE',  ( -1.665334536937734318E-16, 4.229157726022816087E-17, 1.000000000000000000 ) ) ;
#8258 = CARTESIAN_POINT ( 'NONE',  ( -2.500000000000000000, 77.31250000273121259, 1.035533905932739307 ) ) ;
#8259 = AXIS2_PLACEMENT_3D ( 'NONE', #507, #8961, #2747 ) ;
#8260 = CARTESIAN_POINT ( 'NONE',  ( 3.041265875000000563, 71.12500000136559208, -1.259733572207478502 ) ) ;
#8261 = ORIENTED_EDGE ( 'NONE', *, *, #691, .F. ) ;
#8262 = VECTOR ( 'NONE', #7349, 1000.000000000000000 ) ;
#8263 = CLOSED_SHELL ( 'NONE', ( #106, #1543, #4248, #7116, #4308, #3431 ) ) ;
#8264 = EDGE_CURVE ( 'NONE', #1088, #8313, #1429, .T. ) ;
#8265 = ORIENTED_EDGE ( 'NONE', *, *, #9587, .T. ) ;
#8266 = CARTESIAN_POINT ( 'NONE',  ( -3.041265875000000118, 76.68750000136559208, 0.000000000000000000 ) ) ;
#8267 = CARTESIAN_POINT ( 'NONE',  ( -1.259733572207478725, 68.87500000136559208, 3.041265874999999230 ) ) ;
#8268 = EDGE_LOOP ( 'NONE', ( #7976, #6128, #9586, #7876 ) ) ;
#8269 = VECTOR ( 'NONE', #3340, 1000.000000000000000 ) ;
#8270 = CARTESIAN_POINT ( 'NONE',  ( -3.041265875000000118, 76.56250000136559208, 0.000000000000000000 ) ) ;
#8271 = DIRECTION ( 'NONE',  ( -1.000000000000000000, -9.398538128609710963E-32, -0.000000000000000000 ) ) ;
#8272 = ADVANCED_FACE ( 'NONE', ( #5537 ), #858, .T. ) ;
#8273 = DIRECTION ( 'NONE',  ( 0.000000000000000000, 0.000000000000000000, -1.000000000000000000 ) ) ;
#8274 = CARTESIAN_POINT ( 'NONE',  ( 2.500000000000000000, 75.50000000000000000, -3.061616997868383141E-16 ) ) ;
#8275 = EDGE_LOOP ( 'NONE', ( #6888, #4103, #3603, #31 ) ) ;
#8276 = ORIENTED_EDGE ( 'NONE', *, *, #5150, .T. ) ;
#8277 = CARTESIAN_POINT ( 'NONE',  ( 5.955997408861418485, 100.7222354268904638, -16.20000000000003482 ) ) ;
#8278 = CARTESIAN_POINT ( 'NONE',  ( 3.041265875000000118, 72.18750000136559208, -3.724476519174824240E-16 ) ) ;
#8279 = ADVANCED_FACE ( 'NONE', ( #1724 ), #7124, .F. ) ;
#8280 = CARTESIAN_POINT ( 'NONE',  ( 1.035533905932745746, 77.93750000273119838, -2.499999999999992895 ) ) ;
#8281 = CARTESIAN_POINT ( 'NONE',  ( 3.985202476878567978E-14, 99.00000000000001421, -67.99999999999998579 ) ) ;
#8282 = ORIENTED_EDGE ( 'NONE', *, *, #6855, .F. ) ;
#8283 = DIRECTION ( 'NONE',  ( 8.011868568650901149E-32, -1.000000000000000000, -1.178574802204324542E-16 ) ) ;
#8284 = EDGE_CURVE ( 'NONE', #2071, #1293, #1672, .T. ) ;
#8285 = CARTESIAN_POINT ( 'NONE',  ( 2.500000000000000000, 75.75000000273118417, -3.061616997868383141E-16 ) ) ;
#8286 = AXIS2_PLACEMENT_3D ( 'NONE', #8835, #4301, #7308 ) ;
#8287 = CARTESIAN_POINT ( 'NONE',  ( 4.116149958470326276, 93.58326238577234335, 21.40000000000000213 ) ) ;
#8288 = ORIENTED_EDGE ( 'NONE', *, *, #3983, .F. ) ;
#8289 = EDGE_CURVE ( 'NONE', #4168, #3575, #4111, .T. ) ;
#8290 = ORIENTED_EDGE ( 'NONE', *, *, #8422, .T. ) ;
#8291 = DIRECTION ( 'NONE',  ( 5.551115123125783935E-17, -6.662983475941639612E-17, -1.000000000000000000 ) ) ;
#8292 = DIRECTION ( 'NONE',  ( 0.7071067811865460184, -0.5000000000000023315, -0.4999999999999998890 ) ) ;
#8293 = FACE_BOUND ( 'NONE', #4117, .T. ) ;
#8294 = CIRCLE ( 'NONE', #6677, 9.000000000000000000 ) ;
#8295 = ORIENTED_EDGE ( 'NONE', *, *, #6855, .T. ) ;
#8296 = LINE ( 'NONE', #8247, #9231 ) ;
#8297 = CARTESIAN_POINT ( 'NONE',  ( -1.767766952966368432, 76.12500000000000000, 1.767766952966369320 ) ) ;
#8298 = CARTESIAN_POINT ( 'NONE',  ( -2.500000000000000000, 64.31250000273118417, 1.035533905932739307 ) ) ;
#8299 = CARTESIAN_POINT ( 'NONE',  ( -3.041265874999999674, 74.50000000136560629, -1.259733572207478058 ) ) ;
#8300 = DIRECTION ( 'NONE',  ( 0.000000000000000000, -1.000000000000000000, 0.000000000000000000 ) ) ;
#8301 = AXIS2_PLACEMENT_3D ( 'NONE', #9707, #3336, #5785 ) ;
#8302 = VERTEX_POINT ( 'NONE', #7222 ) ;
#8303 = AXIS2_PLACEMENT_3D ( 'NONE', #3949, #2982, #7008 ) ;
#8304 = CARTESIAN_POINT ( 'NONE',  ( 9.704222089672917662, 98.95059995968151156, -21.39999999999999858 ) ) ;
#8305 = CARTESIAN_POINT ( 'NONE',  ( 5.666165022321639100, 93.48880335175881839, 20.30000000000000071 ) ) ;
#8306 =( BOUNDED_CURVE ( )  B_SPLINE_CURVE ( 2, ( #5049, #4282, #412, #2697, #8862, #5806, #1840, #8200, #3405 ),
 .UNSPECIFIED., .F., .T. ) 
 B_SPLINE_CURVE_WITH_KNOTS ( ( 3, 2, 2, 2, 3 ),
 ( 0.01666666666666668031, 0.02500000000000002220, 0.03333333333333336063, 0.04166666666666669905, 0.05000000000000004441 ),
 .UNSPECIFIED. ) 
 CURVE ( )  GEOMETRIC_REPRESENTATION_ITEM ( )  RATIONAL_B_SPLINE_CURVE ( ( 0.9999999999999998890, 0.9238795325112868495, 1.000000000000000000, 0.9238795325112867385, 1.000000000000000000, 0.9238795325112867385, 1.000000000000000000, 0.9238795325112864054, 1.000000000000000444 ) ) 
 REPRESENTATION_ITEM ( '' )  );
#8307 = CARTESIAN_POINT ( 'NONE',  ( -1.732050807571371642, 82.51000000000003354, -0.9999999999956669106 ) ) ;
#8308 = DIRECTION ( 'NONE',  ( 1.000000000000000000, 0.000000000000000000, -2.501589552824417682E-12 ) ) ;
#8309 = DIRECTION ( 'NONE',  ( 3.654459117618455439E-16, -1.199456548643360156E-16, -1.000000000000000000 ) ) ;
#8310 = CARTESIAN_POINT ( 'NONE',  ( -1.035533905932737753, 77.06250000273119838, -2.500000000000000444 ) ) ;
#8311 = CARTESIAN_POINT ( 'NONE',  ( -3.041265874999999230, 66.62500000136559208, 1.259733572207480057 ) ) ;
#8312 = CIRCLE ( 'NONE', #2603, 0.2000000000000334011 ) ;
#8313 = VERTEX_POINT ( 'NONE', #241 ) ;
#8314 = ORIENTED_EDGE ( 'NONE', *, *, #4558, .T. ) ;
#8315 = CIRCLE ( 'NONE', #833, 2.849999999999997868 ) ;
#8316 = CARTESIAN_POINT ( 'NONE',  ( 5.586714778762236360E-16, 76.93750000136559208, 3.041265875000000118 ) ) ;
#8317 = CARTESIAN_POINT ( 'NONE',  ( 3.041265875000000563, 68.25000000136559208, -1.259733572207478502 ) ) ;
#8318 = ORIENTED_EDGE ( 'NONE', *, *, #7846, .F. ) ;
#8319 = AXIS2_PLACEMENT_3D ( 'NONE', #3302, #2441, #3148 ) ;
#8320 = CARTESIAN_POINT ( 'NONE',  ( 1.259733572207478058, 77.25000000136559208, -3.041265874999999674 ) ) ;
#8321 = DIRECTION ( 'NONE',  ( 0.000000000000000000, 1.000000000000000000, 0.000000000000000000 ) ) ;
#8322 = EDGE_CURVE ( 'NONE', #8238, #10058, #144, .T. ) ;
#8323 = DIRECTION ( 'NONE',  ( 0.9999870432906646789, -0.005090505946802467534, 0.000000000000000000 ) ) ;
#8324 = CIRCLE ( 'NONE', #4262, 6.000000000000000888 ) ;
#8325 = CARTESIAN_POINT ( 'NONE',  ( 2.500000000000000444, 69.43749999999998579, 1.035533905932737309 ) ) ;
#8326 = CARTESIAN_POINT ( 'NONE',  ( -2.500000000000000444, 71.93750000000000000, -1.035533905932737753 ) ) ;
#8327 = ORIENTED_EDGE ( 'NONE', *, *, #9407, .T. ) ;
#8328 = ORIENTED_EDGE ( 'NONE', *, *, #3734, .T. ) ;
#8329 = CIRCLE ( 'NONE', #2471, 1.499999999999991340 ) ;
#8330 = DIRECTION ( 'NONE',  ( -0.9256659661250536963, -0.3783418020226825829, -2.775557561562891844E-16 ) ) ;
#8331 = AXIS2_PLACEMENT_3D ( 'NONE', #4772, #5490, #4058 ) ;
#8332 = CARTESIAN_POINT ( 'NONE',  ( 3.041265874999999674, 72.25000000136559208, -1.259733572207478280 ) ) ;
#8333 = DIRECTION ( 'NONE',  ( 2.771172519036345232E-16, -8.684692346097759303E-17, -1.000000000000000000 ) ) ;
#8334 = DIRECTION ( 'NONE',  ( 0.9256659661250540294, 0.3783418020226816392, 0.000000000000000000 ) ) ;
#8335 = VERTEX_POINT ( 'NONE', #9409 ) ;
#8336 = DIRECTION ( 'NONE',  ( -0.9606447433647387069, -0.2777799075629756587, 0.000000000000000000 ) ) ;
#8337 = DIRECTION ( 'NONE',  ( -1.665334536937734071E-16, 4.229157726022815470E-17, 1.000000000000000000 ) ) ;
#8338 = DIRECTION ( 'NONE',  ( -0.5773502691896257311, 0.5773502691896238437, 0.5773502691896277295 ) ) ;
#8339 = VERTEX_POINT ( 'NONE', #2581 ) ;
#8340 = ORIENTED_EDGE ( 'NONE', *, *, #9323, .F. ) ;
#8341 = DIRECTION ( 'NONE',  ( 2.771172519036345232E-16, -8.684692346097759303E-17, -1.000000000000000000 ) ) ;
#8342 = PLANE ( 'NONE',  #6384 ) ;
#8343 = DIRECTION ( 'NONE',  ( 5.551115123125783935E-17, -6.662983475941639612E-17, -1.000000000000000000 ) ) ;
#8344 = VERTEX_POINT ( 'NONE', #2382 ) ;
#8345 = DIRECTION ( 'NONE',  ( 3.654459117618455439E-16, -1.199456548643360156E-16, -1.000000000000000000 ) ) ;
#8346 = DIRECTION ( 'NONE',  ( 2.501589552824415663E-12, 0.000000000000000000, 1.000000000000000000 ) ) ;
#8347 = CARTESIAN_POINT ( 'NONE',  ( 1.035533905932727095, 64.93750000273116996, -2.500000000000011102 ) ) ;
#8348 = EDGE_CURVE ( 'NONE', #372, #1469, #5690, .T. ) ;
#8349 = CARTESIAN_POINT ( 'NONE',  ( 2.150499723603738644, 73.18750000136559208, -2.150499723603739088 ) ) ;
#8350 = CARTESIAN_POINT ( 'NONE',  ( 4.592425496802573972E-16, 68.50000000273119838, 2.500000000000000000 ) ) ;
#8351 = ADVANCED_FACE ( 'NONE', ( #3960 ), #6159, .T. ) ;
#8352 = CIRCLE ( 'NONE', #1847, 10.49999999999999467 ) ;
#8353 = ORIENTED_EDGE ( 'NONE', *, *, #5909, .F. ) ;
#8354 = EDGE_CURVE ( 'NONE', #5795, #912, #5588, .T. ) ;
#8355 = CARTESIAN_POINT ( 'NONE',  ( 2.086664174782984274E-15, 82.28000000000002956, -1.397940410142157101E-28 ) ) ;
#8356 = LINE ( 'NONE', #1282, #4227 ) ;
#8357 = LINE ( 'NONE', #4433, #3111 ) ;
#8358 = LINE ( 'NONE', #1284, #9921 ) ;
#8359 = DIRECTION ( 'NONE',  ( -1.665334536937734071E-16, 4.229157726022815470E-17, 1.000000000000000000 ) ) ;
#8360 = FACE_OUTER_BOUND ( 'NONE', #2381, .T. ) ;
#8361 = CC_DESIGN_PERSON_AND_ORGANIZATION_ASSIGNMENT ( #3490, #8792, ( #2448 ) ) ;
#8362 = CARTESIAN_POINT ( 'NONE',  ( -2.500000000000000444, 79.18750000273121259, -1.035533905932737753 ) ) ;
#8363 = VECTOR ( 'NONE', #4327, 1000.000000000000000 ) ;
#8364 = CARTESIAN_POINT ( 'NONE',  ( 1.259733572207478058, 67.25000000136559208, -3.041265875000000563 ) ) ;
#8365 = EDGE_LOOP ( 'NONE', ( #9314, #403 ) ) ;
#8366 = CARTESIAN_POINT ( 'NONE',  ( 5.586714778762236360E-16, 73.93750000136559208, 3.041265875000000118 ) ) ;
#8367 = CARTESIAN_POINT ( 'NONE',  ( -1.862238259587412120E-16, 66.43750000136559208, -3.041265875000000118 ) ) ;
#8368 = ORIENTED_EDGE ( 'NONE', *, *, #2318, .T. ) ;
#8369 =( BOUNDED_CURVE ( )  B_SPLINE_CURVE ( 2, ( #9805, #9655, #3435, #2828, #2060, #5936, #5079, #9040, #8179 ),
 .UNSPECIFIED., .F., .T. ) 
 B_SPLINE_CURVE_WITH_KNOTS ( ( 3, 2, 2, 2, 3 ),
 ( 0.7833333333333331039, 0.7916666666666664076, 0.7999999999999998224, 0.8083333333333331261, 0.8166666666666664298 ),
 .UNSPECIFIED. ) 
 CURVE ( )  GEOMETRIC_REPRESENTATION_ITEM ( )  RATIONAL_B_SPLINE_CURVE ( ( 1.000000000000001998, 0.9238795325112847401, 1.000000000000000000, 0.9238795325112867385, 1.000000000000000000, 0.9238795325112867385, 1.000000000000000000, 0.9238795325112887369, 0.9999999999999980016 ) ) 
 REPRESENTATION_ITEM ( '' )  );
#8370 = CARTESIAN_POINT ( 'NONE',  ( 3.041265875000000118, 77.06250000136559208, -3.724476519174824240E-16 ) ) ;
#8371 = CARTESIAN_POINT ( 'NONE',  ( 3.698209825012964128E-14, 99.00000000000001421, -16.29999999999999716 ) ) ;
#8372 = LINE ( 'NONE', #5318, #5935 ) ;
#8373 = CARTESIAN_POINT ( 'NONE',  ( -9.749999999999984013, 99.00000000000001421, 19.20000000000000639 ) ) ;
#8374 = DIRECTION ( 'NONE',  ( -2.185546148047696501E-16, -8.773937619163356039E-17, -1.000000000000000000 ) ) ;
#8375 = CARTESIAN_POINT ( 'NONE',  ( -1.035533905932737753, 74.81250000000000000, -2.500000000000000444 ) ) ;
#8376 = ORIENTED_EDGE ( 'NONE', *, *, #10062, .F. ) ;
#8377 = EDGE_LOOP ( 'NONE', ( #1444, #2797, #911, #8838 ) ) ;
#8378 = CARTESIAN_POINT ( 'NONE',  ( 1.561251128379126385E-14, 76.25000000000001421, 4.407947838944677424E-15 ) ) ;
#8379 = CARTESIAN_POINT ( 'NONE',  ( 3.041265874999999674, 74.25000000136559208, -1.259733572207478280 ) ) ;
#8380 =( BOUNDED_CURVE ( )  B_SPLINE_CURVE ( 2, ( #2591, #7841, #2394, #7996, #4787, #3970, #1632, #7185, #4942 ),
 .UNSPECIFIED., .F., .T. ) 
 B_SPLINE_CURVE_WITH_KNOTS ( ( 3, 2, 2, 2, 3 ),
 ( 0.2833333333333335480, 0.2916666666666669627, 0.3000000000000002665, 0.3083333333333336812, 0.3166666666666669849 ),
 .UNSPECIFIED. ) 
 CURVE ( )  GEOMETRIC_REPRESENTATION_ITEM ( )  RATIONAL_B_SPLINE_CURVE ( ( 0.9999999999999980016, 0.9238795325112887369, 1.000000000000000000, 0.9238795325112867385, 1.000000000000000000, 0.9238795325112867385, 1.000000000000000000, 0.9238795325112837409, 1.000000000000003109 ) ) 
 REPRESENTATION_ITEM ( '' )  );
#8381 = CALENDAR_DATE ( 2026, 27, 4 ) ;
#8382 = FACE_OUTER_BOUND ( 'NONE', #6898, .T. ) ;
#8383 = CARTESIAN_POINT ( 'NONE',  ( 2.500000000000000000, 67.75000000273119838, -3.061616997868383141E-16 ) ) ;
#8384 = ORIENTED_EDGE ( 'NONE', *, *, #5295, .F. ) ;
#8385 = FACE_OUTER_BOUND ( 'NONE', #6927, .T. ) ;
#8386 = CARTESIAN_POINT ( 'NONE',  ( 3.697654713500652686E-14, 99.00000000000001421, -16.20000000000003837 ) ) ;
#8387 = CIRCLE ( 'NONE', #2201, 10.49999999999999467 ) ;
#8388 = CARTESIAN_POINT ( 'NONE',  ( 1.078290342038119526E-14, 99.00000000000001421, 20.00000000000001066 ) ) ;
#8389 = EDGE_CURVE ( 'NONE', #4656, #2249, #7271, .T. ) ;
#8390 = ORIENTED_EDGE ( 'NONE', *, *, #8843, .F. ) ;
#8391 = ORIENTED_EDGE ( 'NONE', *, *, #6550, .T. ) ;
#8392 = CARTESIAN_POINT ( 'NONE',  ( -1.767766952966368432, 77.37500000273118417, 1.767766952966369320 ) ) ;
#8393 = VECTOR ( 'NONE', #195, 1000.000000000000000 ) ;
#8394 = CARTESIAN_POINT ( 'NONE',  ( 1.896536728322030728E-16, 98.99999999999998579, 20.29999999999998295 ) ) ;
#8395 = CARTESIAN_POINT ( 'NONE',  ( 3.196701218707491687, 106.2290950937223499, -21.40000000000000213 ) ) ;
#8396 = ORIENTED_EDGE ( 'NONE', *, *, #4218, .T. ) ;
#8397 = EDGE_CURVE ( 'NONE', #6636, #7809, #1873, .T. ) ;
#8398 = FACE_OUTER_BOUND ( 'NONE', #8268, .T. ) ;
#8399 = CARTESIAN_POINT ( 'NONE',  ( 1.502675769036313010E-14, 98.99999999999998579, -20.30000000000001137 ) ) ;
#8400 = CARTESIAN_POINT ( 'NONE',  ( -0.8660254037831843776, 82.51000000000003354, 0.5000000000021639357 ) ) ;
#8401 = CARTESIAN_POINT ( 'NONE',  ( -3.041265875000000118, 71.56250000136560629, 0.000000000000000000 ) ) ;
#8402 = LINE ( 'NONE', #5199, #6962 ) ;
#8403 = VERTEX_POINT ( 'NONE', #9664 ) ;
#8404 = AXIS2_PLACEMENT_3D ( 'NONE', #5033, #3588, #8793 ) ;
#8405 = CARTESIAN_POINT ( 'NONE',  ( -3.041265875000000118, 75.68750000136559208, 0.000000000000000000 ) ) ;
#8406 = CIRCLE ( 'NONE', #5000, 1.024434782608708128 ) ;
#8407 = CARTESIAN_POINT ( 'NONE',  ( -1.218713474383134487, 103.6427079885942675, -20.30000000000000071 ) ) ;
#8408 = CARTESIAN_POINT ( 'NONE',  ( 1.035533905932695564, 70.68750000000002842, -2.500000000000043077 ) ) ;
#8409 = LINE ( 'NONE', #1434, #5871 ) ;
#8410 = DIRECTION ( 'NONE',  ( 0.000000000000000000, 1.000000000000000000, 0.000000000000000000 ) ) ;
#8411 = FACE_OUTER_BOUND ( 'NONE', #2528, .T. ) ;
#8412 = ADVANCED_FACE ( 'NONE', ( #6506 ), #7376, .T. ) ;
#8413 = CARTESIAN_POINT ( 'NONE',  ( 1.767766952966369320, 77.62500000273118417, 1.767766952966368654 ) ) ;
#8414 = CARTESIAN_POINT ( 'NONE',  ( 2.150499723603738644, 66.18750000136559208, -2.150499723603739088 ) ) ;
#8415 = ORIENTED_EDGE ( 'NONE', *, *, #3104, .T. ) ;
#8416 = VECTOR ( 'NONE', #6683, 1000.000000000000000 ) ;
#8417 = EDGE_CURVE ( 'NONE', #4381, #6757, #2066, .T. ) ;
#8418 = VECTOR ( 'NONE', #1551, 999.9999999999998863 ) ;
#8419 = CARTESIAN_POINT ( 'NONE',  ( -2.150499723603739088, 72.56250000136559208, -2.150499723603739088 ) ) ;
#8420 = ORIENTED_EDGE ( 'NONE', *, *, #9283, .T. ) ;
#8421 = ORIENTED_EDGE ( 'NONE', *, *, #4179, .T. ) ;
#8422 = EDGE_CURVE ( 'NONE', #1818, #5795, #3542, .T. ) ;
#8423 = CARTESIAN_POINT ( 'NONE',  ( -3.041265875000000118, 70.56250000136560629, 0.000000000000000000 ) ) ;
#8424 = CARTESIAN_POINT ( 'NONE',  ( 6.580416492048501098, 100.9027923668063949, -19.70000000000000639 ) ) ;
#8425 = AXIS2_PLACEMENT_3D ( 'NONE', #2900, #3704, #5351 ) ;
#8426 = CARTESIAN_POINT ( 'NONE',  ( -1.862238259587412120E-16, 79.31250000136559208, -3.041265875000000118 ) ) ;
#8427 = PLANE ( 'NONE',  #2398 ) ;
#8428 = AXIS2_PLACEMENT_3D ( 'NONE', #6605, #4216, #5133 ) ;
#8429 = CARTESIAN_POINT ( 'NONE',  ( 1.035533905932737531, 68.68750000000000000, -2.500000000000000444 ) ) ;
#8430 = ORIENTED_EDGE ( 'NONE', *, *, #876, .F. ) ;
#8431 = ORIENTED_EDGE ( 'NONE', *, *, #8348, .T. ) ;
#8432 = CARTESIAN_POINT ( 'NONE',  ( 1.502675769036313010E-14, 98.99999999999998579, -20.30000000000001137 ) ) ;
#8433 = CARTESIAN_POINT ( 'NONE',  ( -3.041265875000000118, 66.68750000136559208, 0.000000000000000000 ) ) ;
#8434 = CARTESIAN_POINT ( 'NONE',  ( -1.530808498934191571E-16, 66.00000000273119838, -2.500000000000000000 ) ) ;
#8435 = DIRECTION ( 'NONE',  ( 0.000000000000000000, 1.000000000000000000, 0.000000000000000000 ) ) ;
#8436 = CARTESIAN_POINT ( 'NONE',  ( 2.500000000000000444, 67.68750000273118417, 1.035533905932737309 ) ) ;
#8437 = ORIENTED_EDGE ( 'NONE', *, *, #4803, .T. ) ;
#8438 = CARTESIAN_POINT ( 'NONE',  ( 2.904144476039272948, 95.17822752347940707, 21.39999999999999858 ) ) ;
#8439 = CYLINDRICAL_SURFACE ( 'NONE', #8303, 2.500000000000000000 ) ;
#8440 = DIRECTION ( 'NONE',  ( 0.9969173337333242513, 3.873802021455281217E-16, 0.07845909572535175736 ) ) ;
#8441 = VERTEX_POINT ( 'NONE', #1114 ) ;
#8442 = VERTEX_POINT ( 'NONE', #4268 ) ;
#8443 = ORIENTED_EDGE ( 'NONE', *, *, #8719, .F. ) ;
#8444 = DIRECTION ( 'NONE',  ( -1.665334536937734071E-16, 4.229157726022815470E-17, 1.000000000000000000 ) ) ;
#8445 = DIRECTION ( 'NONE',  ( -1.665334536937734071E-16, 4.229157726022815470E-17, 1.000000000000000000 ) ) ;
#8446 = CARTESIAN_POINT ( 'NONE',  ( -2.500000000000000444, 68.18750000273119838, -1.035533905932737753 ) ) ;
#8447 = ADVANCED_FACE ( 'NONE', ( #5845 ), #5183, .T. ) ;
#8448 = ORIENTED_EDGE ( 'NONE', *, *, #7908, .F. ) ;
#8449 = CARTESIAN_POINT ( 'NONE',  ( 1.078290342038119526E-14, 99.00000000000001421, 20.00000000000001066 ) ) ;
#8450 = CARTESIAN_POINT ( 'NONE',  ( -1.767766952966369098, 70.12500000273119838, -1.767766952966369098 ) ) ;
#8451 = CARTESIAN_POINT ( 'NONE',  ( 3.041265875000001007, 73.00000000136559208, 1.259733572207477836 ) ) ;
#8452 = DIRECTION ( 'NONE',  ( 5.551115123125783935E-17, -6.662983475941639612E-17, -1.000000000000000000 ) ) ;
#8453 = ORIENTED_EDGE ( 'NONE', *, *, #5281, .T. ) ;
#8454 = CARTESIAN_POINT ( 'NONE',  ( 2.150499723603738644, 75.31250000136559208, -2.150499723603739088 ) ) ;
#8455 = CARTESIAN_POINT ( 'NONE',  ( 3.697654713500652055E-14, 99.00000000000001421, -16.20000000000003482 ) ) ;
#8456 = CIRCLE ( 'NONE', #7639, 1.024434782608710126 ) ;
#8457 = CARTESIAN_POINT ( 'NONE',  ( 1.767766952966369320, 70.37500000000000000, 1.767766952966368654 ) ) ;
#8458 = LINE ( 'NONE', #2525, #1480 ) ;
#8459 = CARTESIAN_POINT ( 'NONE',  ( -2.770632937499999837, 64.40625000204838102, 0.000000000000000000 ) ) ;
#8460 = CARTESIAN_POINT ( 'NONE',  ( 7.804227406124442545, 101.1688786488636111, 16.00000000000000711 ) ) ;
#8461 = CARTESIAN_POINT ( 'NONE',  ( -2.500000000000000444, 76.18750000273119838, -1.035533905932737753 ) ) ;
#8462 = CARTESIAN_POINT ( 'NONE',  ( 3.041265875000000563, 68.12500000136559208, -1.259733572207478502 ) ) ;
#8463 = ORIENTED_EDGE ( 'NONE', *, *, #6787, .T. ) ;
#8464 = VECTOR ( 'NONE', #7740, 1000.000000000000000 ) ;
#8465 = CARTESIAN_POINT ( 'NONE',  ( 5.586714778762236360E-16, 70.93750000136559208, 3.041265875000000118 ) ) ;
#8466 = ORIENTED_EDGE ( 'NONE', *, *, #1130, .F. ) ;
#8467 = ORIENTED_EDGE ( 'NONE', *, *, #1139, .T. ) ;
#8468 = EDGE_CURVE ( 'NONE', #5052, #3751, #619, .T. ) ;
#8469 = CARTESIAN_POINT ( 'NONE',  ( -1.862238259587412120E-16, 72.31250000136559208, -3.041265875000000118 ) ) ;
#8470 = DIRECTION ( 'NONE',  ( 1.000000000000000000, 0.000000000000000000, 0.000000000000000000 ) ) ;
#8471 = AXIS2_PLACEMENT_3D ( 'NONE', #3106, #720, #7693 ) ;
#8472 = LINE ( 'NONE', #6994, #3154 ) ;
#8473 = DIRECTION ( 'NONE',  ( 0.9256659661250536963, 0.3783418020226825829, 4.389289323153614450E-16 ) ) ;
#8474 = EDGE_CURVE ( 'NONE', #9915, #2889, #1310, .T. ) ;
#8475 = DIRECTION ( 'NONE',  ( 8.011868568650901149E-32, -1.000000000000000000, 1.455634920575271343E-16 ) ) ;
#8476 = CARTESIAN_POINT ( 'NONE',  ( 2.500000000000000444, 69.43750000000000000, 1.035533905932737309 ) ) ;
#8477 = VERTEX_POINT ( 'NONE', #7422 ) ;
#8478 = ORIENTED_EDGE ( 'NONE', *, *, #9656, .T. ) ;
#8479 = EDGE_CURVE ( 'NONE', #8096, #4704, #8234, .T. ) ;
#8480 = CIRCLE ( 'NONE', #5075, 7.904347826086997486 ) ;
#8481 = VECTOR ( 'NONE', #6854, 1000.000000000000114 ) ;
#8482 = CARTESIAN_POINT ( 'NONE',  ( 0.000000000000000000, 76.25000000000000000, 0.000000000000000000 ) ) ;
#8483 = ADVANCED_FACE ( 'NONE', ( #7320 ), #5941, .T. ) ;
#8484 = CARTESIAN_POINT ( 'NONE',  ( 3.041265875000000118, 69.18750000136560629, -3.724476519174824240E-16 ) ) ;
#8485 = LINE ( 'NONE', #75, #5401 ) ;
#8486 = DIRECTION ( 'NONE',  ( 1.000000000000000000, 9.398538128609710963E-32, 0.000000000000000000 ) ) ;
#8487 = DIRECTION ( 'NONE',  ( -2.771172519036345232E-16, 8.684692346097759303E-17, 1.000000000000000000 ) ) ;
#8488 = VERTEX_POINT ( 'NONE', #2682 ) ;
#8489 = CARTESIAN_POINT ( 'NONE',  ( -7.781222421254343935, 96.74998274873991022, -67.99999999999998579 ) ) ;
#8490 = AXIS2_PLACEMENT_3D ( 'NONE', #3224, #8120, #2614 ) ;
#8491 = CARTESIAN_POINT ( 'NONE',  ( 4.592425496802573972E-16, 70.50000000273118417, 2.500000000000000000 ) ) ;
#8492 = FACE_OUTER_BOUND ( 'NONE', #4875, .T. ) ;
#8493 = EDGE_LOOP ( 'NONE', ( #2058, #1947, #4853, #9767 ) ) ;
#8494 = EDGE_LOOP ( 'NONE', ( #4655, #369, #9936, #6651, #5011 ) ) ;
#8495 = VECTOR ( 'NONE', #3452, 1000.000000000000114 ) ;
#8496 = VERTEX_POINT ( 'NONE', #5036 ) ;
#8497 = CYLINDRICAL_SURFACE ( 'NONE', #1961, 9.000000000000000000 ) ;
#8498 = DIRECTION ( 'NONE',  ( -0.9999870432906645679, 0.005090505946797965926, -2.775557561562889379E-16 ) ) ;
#8499 = CIRCLE ( 'NONE', #2778, 6.850000000000000533 ) ;
#8500 = CARTESIAN_POINT ( 'NONE',  ( 1.767766952966369320, 69.62500000273119838, 1.767766952966368654 ) ) ;
#8501 = VERTEX_POINT ( 'NONE', #8135 ) ;
#8502 = FACE_OUTER_BOUND ( 'NONE', #7180, .T. ) ;
#8503 = CARTESIAN_POINT ( 'NONE',  ( -3.041265875000000118, 69.56250000136560629, 0.000000000000000000 ) ) ;
#8504 = CARTESIAN_POINT ( 'NONE',  ( -2.500000000000000000, 68.31250000273119838, 1.035533905932739307 ) ) ;
#8505 = ORIENTED_EDGE ( 'NONE', *, *, #6177, .T. ) ;
#8506 = VERTEX_POINT ( 'NONE', #9046 ) ;
#8507 = CARTESIAN_POINT ( 'NONE',  ( 2.150499723603738644, 74.31250000136559208, -2.150499723603739088 ) ) ;
#8508 = CARTESIAN_POINT ( 'NONE',  ( 0.000000000000000000, 80.00000000000000000, 0.000000000000000000 ) ) ;
#8509 = CARTESIAN_POINT ( 'NONE',  ( 1.561251128379126385E-14, 76.25000000000001421, 4.407947838944677424E-15 ) ) ;
#8510 = PLANE ( 'NONE',  #6515 ) ;
#8511 = CARTESIAN_POINT ( 'NONE',  ( 3.696544490476026646E-14, 99.00000000000001421, -16.00000000000000355 ) ) ;
#8512 = FACE_OUTER_BOUND ( 'NONE', #8167, .T. ) ;
#8513 = CARTESIAN_POINT ( 'NONE',  ( -2.500000000000000444, 73.18750000273119838, -1.035533905932737753 ) ) ;
#8514 = CARTESIAN_POINT ( 'NONE',  ( -3.041265875000000563, 65.50000000136559208, -1.259733572207478058 ) ) ;
#8515 = CARTESIAN_POINT ( 'NONE',  ( -3.041265875000000118, 73.68750000136559208, 0.000000000000000000 ) ) ;
#8516 = ORIENTED_EDGE ( 'NONE', *, *, #3331, .T. ) ;
#8517 = AXIS2_PLACEMENT_3D ( 'NONE', #5704, #1888, #1076 ) ;
#8518 = EDGE_LOOP ( 'NONE', ( #3758, #5229, #9947, #6426 ) ) ;
#8519 = EDGE_CURVE ( 'NONE', #2249, #9136, #447, .T. ) ;
#8520 = CARTESIAN_POINT ( 'NONE',  ( 5.586714778762236360E-16, 69.81250000136560629, 3.041265875000000118 ) ) ;
#8521 = CIRCLE ( 'NONE', #9817, 6.000000000000000888 ) ;
#8522 = DIRECTION ( 'NONE',  ( -0.000000000000000000, -1.000000000000000000, -0.000000000000000000 ) ) ;
#8523 = CARTESIAN_POINT ( 'NONE',  ( 2.150499723603739533, 77.93750000136559208, 2.150499723603738644 ) ) ;
#8524 = EDGE_CURVE ( 'NONE', #9741, #2640, #3494, .T. ) ;
#8525 = DIRECTION ( 'NONE',  ( 0.000000000000000000, 1.000000000000000000, 0.000000000000000000 ) ) ;
#8526 = CARTESIAN_POINT ( 'NONE',  ( 1.035533905932739085, 70.31249999999998579, 2.500000000000000000 ) ) ;
#8527 = EDGE_LOOP ( 'NONE', ( #9910, #9782, #1181, #4228, #2657 ) ) ;
#8528 = ORIENTED_EDGE ( 'NONE', *, *, #7906, .T. ) ;
#8529 = DIRECTION ( 'NONE',  ( 0.000000000000000000, -1.000000000000000000, 0.000000000000000000 ) ) ;
#8530 = VECTOR ( 'NONE', #9082, 1000.000000000000000 ) ;
#8531 = CARTESIAN_POINT ( 'NONE',  ( 3.041265875000000118, 67.18750000136560629, -3.724476519174824240E-16 ) ) ;
#8532 = DIRECTION ( 'NONE',  ( -1.000000000000000000, 0.000000000000000000, 0.000000000000000000 ) ) ;
#8533 = CARTESIAN_POINT ( 'NONE',  ( 2.120015041301501757, 106.5765466970882329, 21.39999999999999858 ) ) ;
#8534 = DIRECTION ( 'NONE',  ( -5.665246594868397106E-32, 0.7071067811865457964, -0.7071067811865492381 ) ) ;
#8535 = VERTEX_POINT ( 'NONE', #9763 ) ;
#8536 = CARTESIAN_POINT ( 'NONE',  ( 10.50000000000001421, 76.25000000000001421, 16.99999999999999645 ) ) ;
#8537 = EDGE_CURVE ( 'NONE', #9204, #5933, #1259, .T. ) ;
#8538 = DIRECTION ( 'NONE',  ( -8.011868568650901149E-32, 1.000000000000000000, -8.773937619163357272E-17 ) ) ;
#8539 = AXIS2_PLACEMENT_3D ( 'NONE', #7091, #164, #1032 ) ;
#8540 = EDGE_CURVE ( 'NONE', #4704, #6454, #9712, .T. ) ;
#8541 = DIRECTION ( 'NONE',  ( 0.000000000000000000, 1.000000000000000000, 0.000000000000000000 ) ) ;
#8542 = ORIENTED_EDGE ( 'NONE', *, *, #5924, .F. ) ;
#8543 = VERTEX_POINT ( 'NONE', #2735 ) ;
#8544 = ORIENTED_EDGE ( 'NONE', *, *, #1661, .F. ) ;
#8545 = EDGE_CURVE ( 'NONE', #4873, #1842, #1279, .T. ) ;
#8546 = FACE_OUTER_BOUND ( 'NONE', #2065, .T. ) ;
#8547 = CARTESIAN_POINT ( 'NONE',  ( -10.49999999999998401, 80.00000000000001421, 14.99999999999999467 ) ) ;
#8548 = CARTESIAN_POINT ( 'NONE',  ( -1.530808498934191571E-16, 68.00000000273119838, -2.500000000000000000 ) ) ;
#8549 = ORIENTED_EDGE ( 'NONE', *, *, #234, .T. ) ;
#8550 = DIRECTION ( 'NONE',  ( -0.000000000000000000, 8.773937619163356039E-17, 1.000000000000000000 ) ) ;
#8551 = CARTESIAN_POINT ( 'NONE',  ( 4.592425496802573972E-16, 70.50000000273118417, 2.500000000000000000 ) ) ;
#8552 = CARTESIAN_POINT ( 'NONE',  ( -2.150499723603739088, 69.43750000136560629, -2.150499723603739088 ) ) ;
#8553 = CARTESIAN_POINT ( 'NONE',  ( -3.041265875000000118, 79.62500000136560629, 0.000000000000000000 ) ) ;
#8554 = EDGE_LOOP ( 'NONE', ( #1156, #8727, #6513, #1389 ) ) ;
#8555 = EDGE_CURVE ( 'NONE', #4758, #3575, #4209, .T. ) ;
#8556 = ORIENTED_EDGE ( 'NONE', *, *, #1793, .T. ) ;
#8557 = CARTESIAN_POINT ( 'NONE',  ( -10.49999999999998401, 79.25000000000002842, 19.99999999999999289 ) ) ;
#8558 = DIRECTION ( 'NONE',  ( 5.551115123125783935E-17, -6.662983475941639612E-17, -1.000000000000000000 ) ) ;
#8559 = LINE ( 'NONE', #3764, #9459 ) ;
#8560 = CARTESIAN_POINT ( 'NONE',  ( -1.035533905932716658, 75.06250000273119838, -2.500000000000020872 ) ) ;
#8561 = CARTESIAN_POINT ( 'NONE',  ( -1.767766952966368432, 73.37500000273118417, 1.767766952966369320 ) ) ;
#8562 = DIRECTION ( 'NONE',  ( 0.9256659661250540294, 0.3783418020226822498, 0.000000000000000000 ) ) ;
#8563 = CONICAL_SURFACE ( 'NONE', #3195, 10.49999999999999822, 0.7853981633974482790 ) ;
#8564 = CARTESIAN_POINT ( 'NONE',  ( 2.150499723603739533, 73.06250000136559208, 2.150499723603738644 ) ) ;
#8565 = ORIENTED_EDGE ( 'NONE', *, *, #1104, .T. ) ;
#8566 = CARTESIAN_POINT ( 'NONE',  ( 3.041265874999999674, 71.12500000136559208, -1.259733572207478280 ) ) ;
#8567 = PLANE ( 'NONE',  #7102 ) ;
#8568 = VECTOR ( 'NONE', #10032, 1000.000000000000000 ) ;
#8569 = FACE_OUTER_BOUND ( 'NONE', #1898, .T. ) ;
#8570 = AXIS2_PLACEMENT_3D ( 'NONE', #730, #3824, #5711 ) ;
#8571 = CARTESIAN_POINT ( 'NONE',  ( -3.041265874999999230, 77.62500000136560629, 1.259733572207480057 ) ) ;
#8572 = ADVANCED_FACE ( 'NONE', ( #7471 ), #5742, .F. ) ;
#8573 = DIRECTION ( 'NONE',  ( 0.000000000000000000, 0.000000000000000000, 1.000000000000000000 ) ) ;
#8574 = DIRECTION ( 'NONE',  ( 0.000000000000000000, 1.000000000000000000, 0.000000000000000000 ) ) ;
#8575 = CARTESIAN_POINT ( 'NONE',  ( -1.035533905932737753, 71.81250000000001421, -2.500000000000000444 ) ) ;
#8576 = ORIENTED_EDGE ( 'NONE', *, *, #2541, .F. ) ;
#8577 = DIRECTION ( 'NONE',  ( 5.551115123125783935E-17, -6.662983475941639612E-17, -1.000000000000000000 ) ) ;
#8578 = AXIS2_PLACEMENT_3D ( 'NONE', #3829, #5371, #5422 ) ;
#8579 = EDGE_CURVE ( 'NONE', #1714, #2883, #4032, .T. ) ;
#8580 = CARTESIAN_POINT ( 'NONE',  ( -2.150499723603738200, 67.81250000136560629, 2.150499723603739533 ) ) ;
#8581 = DIRECTION ( 'NONE',  ( 0.000000000000000000, -8.773937619163356039E-17, -1.000000000000000000 ) ) ;
#8582 = DIRECTION ( 'NONE',  ( -3.885780586188047891E-16, 1.000000000000000000, 2.603240987229339518E-29 ) ) ;
#8583 = DIRECTION ( 'NONE',  ( 0.9999870432906645679, -0.005090505946798764766, 0.000000000000000000 ) ) ;
#8584 = ORIENTED_EDGE ( 'NONE', *, *, #9589, .F. ) ;
#8585 = FACE_OUTER_BOUND ( 'NONE', #4190, .T. ) ;
#8586 = CARTESIAN_POINT ( 'NONE',  ( -1.727327086636849307, 105.5802794771783653, -21.40000000000000213 ) ) ;
#8587 = AXIS2_PLACEMENT_3D ( 'NONE', #4377, #5856, #5097 ) ;
#8588 = AXIS2_PLACEMENT_3D ( 'NONE', #3487, #3539, #6598 ) ;
#8589 = DIRECTION ( 'NONE',  ( 2.501589552824418086E-12, 0.000000000000000000, 1.000000000000000000 ) ) ;
#8590 = ORIENTED_EDGE ( 'NONE', *, *, #2555, .T. ) ;
#8591 = ORIENTED_EDGE ( 'NONE', *, *, #1045, .T. ) ;
#8592 = ORIENTED_EDGE ( 'NONE', *, *, #2442, .T. ) ;
#8593 = ADVANCED_FACE ( 'NONE', ( #591 ), #3791, .T. ) ;
#8594 = CARTESIAN_POINT ( 'NONE',  ( -3.041265874999999674, 79.62500000136560629, -1.259733572207478058 ) ) ;
#8595 = CIRCLE ( 'NONE', #6969, 6.000000000000000888 ) ;
#8596 = ADVANCED_FACE ( 'NONE', ( #1411 ), #5230, .T. ) ;
#8597 = DIRECTION ( 'NONE',  ( -0.1258701363020654218, 0.9920467271188889713, -1.694517300248164365E-16 ) ) ;
#8598 = CARTESIAN_POINT ( 'NONE',  ( -1.035533905932737753, 71.06250000273118417, -2.500000000000000444 ) ) ;
#8599 = VERTEX_POINT ( 'NONE', #7673 ) ;
#8600 = CARTESIAN_POINT ( 'NONE',  ( -1.530808498934191571E-16, 65.00000000273119838, -2.500000000000000000 ) ) ;
#8601 = CARTESIAN_POINT ( 'NONE',  ( -3.041265875000000118, 67.56250000136560629, 0.000000000000000000 ) ) ;
#8602 = EDGE_CURVE ( 'NONE', #8344, #642, #9094, .T. ) ;
#8603 = LINE ( 'NONE', #713, #941 ) ;
#8604 = EDGE_CURVE ( 'NONE', #8010, #349, #6640, .T. ) ;
#8605 = ORIENTED_EDGE ( 'NONE', *, *, #10034, .T. ) ;
#8606 = ORIENTED_EDGE ( 'NONE', *, *, #2045, .F. ) ;
#8607 = CARTESIAN_POINT ( 'NONE',  ( -8.999999999999984013, 99.00000000000001421, 14.99999999999999467 ) ) ;
#8608 = DIRECTION ( 'NONE',  ( 3.885780586188047891E-16, -1.065500303100115213E-16, -1.000000000000000000 ) ) ;
#8609 = EDGE_CURVE ( 'NONE', #5243, #1865, #9146, .T. ) ;
#8610 = CARTESIAN_POINT ( 'NONE',  ( -6.580416492048422050, 97.09720763319364778, -67.99999999999998579 ) ) ;
#8611 = DIRECTION ( 'NONE',  ( 0.5773502691896271743, 0.5773502691896231775, 0.5773502691896271743 ) ) ;
#8612 = CARTESIAN_POINT ( 'NONE',  ( -2.500000000000000000, 74.25000000273118417, 0.000000000000000000 ) ) ;
#8613 = CARTESIAN_POINT ( 'NONE',  ( 1.078290342038119526E-14, 99.00000000000001421, 20.00000000000001066 ) ) ;
#8614 = CARTESIAN_POINT ( 'NONE',  ( 3.041265875000001007, 67.12500000136559208, 1.259733572207477836 ) ) ;
#8615 = AXIS2_PLACEMENT_3D ( 'NONE', #5299, #10028, #6876 ) ;
#8616 = VERTEX_POINT ( 'NONE', #2270 ) ;
#8617 = CARTESIAN_POINT ( 'NONE',  ( 1.985792177107727192E-14, 99.00000000000002842, 20.29999999999999716 ) ) ;
#8618 = CARTESIAN_POINT ( 'NONE',  ( 3.041265875000001007, 71.00000000136559208, 1.259733572207477836 ) ) ;
#8619 = CARTESIAN_POINT ( 'NONE',  ( -4.093034312038322575, 79.83309882937321333, -4.833098829373125405 ) ) ;
#8620 = CARTESIAN_POINT ( 'NONE',  ( -2.150499723603738200, 76.68750000136559208, 2.150499723603739533 ) ) ;
#8621 = AXIS2_PLACEMENT_3D ( 'NONE', #9721, #4171, #4223 ) ;
#8622 = CARTESIAN_POINT ( 'NONE',  ( -2.150499723603738200, 76.68750000136559208, 2.150499723603739533 ) ) ;
#8623 = PLANE ( 'NONE',  #5655 ) ;
#8624 = CARTESIAN_POINT ( 'NONE',  ( 3.041265875000000118, 79.18750000136559208, -3.724476519174824240E-16 ) ) ;
#8625 = ORIENTED_EDGE ( 'NONE', *, *, #3708, .F. ) ;
#8626 = CYLINDRICAL_SURFACE ( 'NONE', #1395, 1.206000000000001293 ) ;
#8627 = VECTOR ( 'NONE', #9451, 999.9999999999998863 ) ;
#8628 = ADVANCED_FACE ( 'NONE', ( #8385 ), #2166, .T. ) ;
#8629 = CARTESIAN_POINT ( 'NONE',  ( -3.041265874999999230, 66.75000000136559208, 1.259733572207480057 ) ) ;
#8630 = LINE ( 'NONE', #5476, #6051 ) ;
#8631 = DIRECTION ( 'NONE',  ( -0.000000000000000000, 8.773937619163356039E-17, 1.000000000000000000 ) ) ;
#8632 = CARTESIAN_POINT ( 'NONE',  ( 2.500000000000000000, 71.75000000273118417, -3.061616997868383141E-16 ) ) ;
#8633 = CARTESIAN_POINT ( 'NONE',  ( -10.99999999999998401, 93.12500000000001421, 15.49999999999999289 ) ) ;
#8634 = CARTESIAN_POINT ( 'NONE',  ( -3.968626966596869643, 76.25000000000001421, -4.499999999999995559 ) ) ;
#8635 = DIRECTION ( 'NONE',  ( -0.07845909572535175736, -3.048748309797010064E-17, 0.9969173337333242513 ) ) ;
#8636 = VERTEX_POINT ( 'NONE', #7621 ) ;
#8637 = EDGE_LOOP ( 'NONE', ( #4175, #499, #2923, #9694 ) ) ;
#8638 = EDGE_LOOP ( 'NONE', ( #3129, #4414 ) ) ;
#8639 = CARTESIAN_POINT ( 'NONE',  ( -1.259733572207478502, 78.87500000136560629, 3.041265874999999230 ) ) ;
#8640 = CIRCLE ( 'NONE', #5712, 1.024434782608710126 ) ;
#8641 = CARTESIAN_POINT ( 'NONE',  ( 10.50000000000001421, 79.25000000000002842, 19.99999999999999289 ) ) ;
#8642 = CARTESIAN_POINT ( 'NONE',  ( -1.767766952966368432, 68.37500000273119838, 1.767766952966369320 ) ) ;
#8643 = ORIENTED_EDGE ( 'NONE', *, *, #9587, .F. ) ;
#8644 = DIRECTION ( 'NONE',  ( 0.9999870432906646789, -0.005090505946798832421, 4.389289323153613957E-16 ) ) ;
#8645 = DIRECTION ( 'NONE',  ( 3.885780586188047891E-16, -1.065500303100115213E-16, -1.000000000000000000 ) ) ;
#8646 = CARTESIAN_POINT ( 'NONE',  ( 1.259733572207479835, 69.87500000136559208, 3.041265874999999230 ) ) ;
#8647 = AXIS2_PLACEMENT_3D ( 'NONE', #2693, #1981, #9007 ) ;
#8648 = CARTESIAN_POINT ( 'NONE',  ( -2.933374888477885190, 93.76594690859488423, 22.49999999999998579 ) ) ;
#8649 = EDGE_LOOP ( 'NONE', ( #4394, #8954, #7128, #4475 ) ) ;
#8650 = ORIENTED_EDGE ( 'NONE', *, *, #5432, .F. ) ;
#8651 = CARTESIAN_POINT ( 'NONE',  ( -5.973606147249507003, 97.33987066813016042, 20.00000000000001066 ) ) ;
#8652 = VECTOR ( 'NONE', #9892, 999.9999999999998863 ) ;
#8653 = CARTESIAN_POINT ( 'NONE',  ( -1.767766952966368432, 66.37500000273119838, 1.767766952966369320 ) ) ;
#8654 = AXIS2_PLACEMENT_3D ( 'NONE', #5687, #7826, #4675 ) ;
#8655 = DIRECTION ( 'NONE',  ( -1.665334536937734071E-16, 4.229157726022815470E-17, 1.000000000000000000 ) ) ;
#8656 = EDGE_CURVE ( 'NONE', #8335, #2922, #7747, .T. ) ;
#8657 = DIRECTION ( 'NONE',  ( -2.771172519036345232E-16, 8.684692346097759303E-17, 1.000000000000000000 ) ) ;
#8658 = CARTESIAN_POINT ( 'NONE',  ( -1.767766952966368432, 71.37500000273119838, 1.767766952966369320 ) ) ;
#8659 = DIRECTION ( 'NONE',  ( -2.771172519036345232E-16, 8.684692346097759303E-17, 1.000000000000000000 ) ) ;
#8660 = ADVANCED_FACE ( 'NONE', ( #696 ), #1466, .T. ) ;
#8661 = EDGE_CURVE ( 'NONE', #6861, #6376, #4665, .T. ) ;
#8662 = EDGE_CURVE ( 'NONE', #3622, #6843, #7154, .T. ) ;
#8663 = CARTESIAN_POINT ( 'NONE',  ( -3.041265874999999230, 66.75000000136559208, 1.259733572207480057 ) ) ;
#8664 = VERTEX_POINT ( 'NONE', #6095 ) ;
#8665 = DIRECTION ( 'NONE',  ( 0.000000000000000000, 1.000000000000000000, 0.000000000000000000 ) ) ;
#8666 = CARTESIAN_POINT ( 'NONE',  ( 2.150499723603738644, 68.18750000136560629, -2.150499723603739088 ) ) ;
#8667 = EDGE_CURVE ( 'NONE', #3859, #5763, #5383, .T. ) ;
#8668 = CARTESIAN_POINT ( 'NONE',  ( 4.592425496802573972E-16, 78.25000000000000000, 2.500000000000000000 ) ) ;
#8669 = CARTESIAN_POINT ( 'NONE',  ( 2.500000000000000000, 73.50000000000000000, -3.061616997868383141E-16 ) ) ;
#8670 = CARTESIAN_POINT ( 'NONE',  ( 3.041265875000000563, 75.12500000136560629, -1.259733572207478502 ) ) ;
#8671 = CARTESIAN_POINT ( 'NONE',  ( 1.259733572207479835, 78.87500000136560629, 3.041265874999999230 ) ) ;
#8672 = CARTESIAN_POINT ( 'NONE',  ( 1.896536728322030728E-16, 98.99999999999998579, 20.29999999999998295 ) ) ;
#8673 = CARTESIAN_POINT ( 'NONE',  ( -1.035533905932738197, 67.18749999999998579, 2.500000000000000000 ) ) ;
#8674 = CARTESIAN_POINT ( 'NONE',  ( 3.041265875000000563, 70.25000000136559208, -1.259733572207478502 ) ) ;
#8675 = ORIENTED_EDGE ( 'NONE', *, *, #8772, .F. ) ;
#8676 = CIRCLE ( 'NONE', #5584, 6.000000000000000000 ) ;
#8677 = DIRECTION ( 'NONE',  ( 0.9256659661250522531, 0.3783418020226862466, 0.000000000000000000 ) ) ;
#8678 = CARTESIAN_POINT ( 'NONE',  ( -2.150499723603738200, 78.68750000136559208, 2.150499723603739533 ) ) ;
#8679 = DIRECTION ( 'NONE',  ( 3.654459117618455932E-16, -1.199456548643360156E-16, -1.000000000000000000 ) ) ;
#8680 = DIRECTION ( 'NONE',  ( 0.9999870432906646789, -0.005090505946797769903, 3.575146948697720887E-16 ) ) ;
#8681 = DIRECTION ( 'NONE',  ( 0.000000000000000000, 1.000000000000000000, 0.000000000000000000 ) ) ;
#8682 = DIRECTION ( 'NONE',  ( 0.000000000000000000, 0.000000000000000000, 1.000000000000000000 ) ) ;
#8683 = CARTESIAN_POINT ( 'NONE',  ( 2.221636868045106946E-15, 81.93264973081039670, -1.215598465620362732E-16 ) ) ;
#8684 = AXIS2_PLACEMENT_3D ( 'NONE', #1176, #5048, #4281 ) ;
#8685 = CARTESIAN_POINT ( 'NONE',  ( -1.035533905932738197, 78.18750000000000000, 2.500000000000000000 ) ) ;
#8686 = ORIENTED_EDGE ( 'NONE', *, *, #556, .T. ) ;
#8687 = ORIENTED_EDGE ( 'NONE', *, *, #4737, .T. ) ;
#8688 = VERTEX_POINT ( 'NONE', #2114 ) ;
#8689 = CARTESIAN_POINT ( 'NONE',  ( 1.259733572207478058, 79.37500000136562051, -3.041265874999999674 ) ) ;
#8690 = DIRECTION ( 'NONE',  ( 8.011868568650901149E-32, -1.000000000000000000, 1.455634920575271590E-16 ) ) ;
#8691 = DIRECTION ( 'NONE',  ( -3.654459117618455439E-16, 1.199456548643360156E-16, 1.000000000000000000 ) ) ;
#8692 = CARTESIAN_POINT ( 'NONE',  ( -2.500000000000000000, 78.31250000273121259, 1.035533905932739307 ) ) ;
#8693 = VERTEX_POINT ( 'NONE', #4614 ) ;
#8694 = AXIS2_PLACEMENT_3D ( 'NONE', #3827, #5368, #6187 ) ;
#8695 = CARTESIAN_POINT ( 'NONE',  ( 6.580416492048501986, 100.9027923668063949, -67.99999999999998579 ) ) ;
#8696 = CARTESIAN_POINT ( 'NONE',  ( -3.122936995344876898, 106.2612656664573620, -21.40000000000000213 ) ) ;
#8697 = EDGE_CURVE ( 'NONE', #7652, #1603, #7719, .T. ) ;
#8698 = CARTESIAN_POINT ( 'NONE',  ( 2.150499723603739533, 69.93750000136560629, 2.150499723603738644 ) ) ;
#8699 = FACE_OUTER_BOUND ( 'NONE', #1626, .T. ) ;
#8700 = ORIENTED_EDGE ( 'NONE', *, *, #1627, .T. ) ;
#8701 = EDGE_LOOP ( 'NONE', ( #2207, #10010, #8911, #5747, #5307 ) ) ;
#8702 = VERTEX_POINT ( 'NONE', #2324 ) ;
#8703 = CARTESIAN_POINT ( 'NONE',  ( -1.035533905932775278, 72.43750000273119838, 2.499999999999962697 ) ) ;
#8704 = DIRECTION ( 'NONE',  ( -3.885780586188047891E-16, 1.000000000000000000, 2.603240987229339518E-29 ) ) ;
#8705 = EDGE_CURVE ( 'NONE', #9186, #6886, #3640, .T. ) ;
#8706 = CARTESIAN_POINT ( 'NONE',  ( 4.592425496802573972E-16, 78.25000000000000000, 2.500000000000000000 ) ) ;
#8707 = CARTESIAN_POINT ( 'NONE',  ( -1.767766952966368432, 67.12500000000000000, 1.767766952966369320 ) ) ;
#8708 = CARTESIAN_POINT ( 'NONE',  ( -1.035533905932738197, 71.43750000273119838, 2.500000000000000000 ) ) ;
#8709 = CARTESIAN_POINT ( 'NONE',  ( 5.586714778762236360E-16, 64.81250000136559208, 3.041265875000000118 ) ) ;
#8710 = AXIS2_PLACEMENT_3D ( 'NONE', #6277, #7950, #980 ) ;
#8711 = CARTESIAN_POINT ( 'NONE',  ( 3.041265875000001007, 68.12500000136559208, 1.259733572207477836 ) ) ;
#8712 = ORIENTED_EDGE ( 'NONE', *, *, #6735, .F. ) ;
#8713 = PLANE ( 'NONE',  #8710 ) ;
#8714 = EDGE_CURVE ( 'NONE', #9186, #8212, #2884, .T. ) ;
#8715 = CARTESIAN_POINT ( 'NONE',  ( -3.041265874999999230, 66.62500000136559208, 1.259733572207480057 ) ) ;
#8716 = CARTESIAN_POINT ( 'NONE',  ( 9.393977433297930446, 101.6106872625209974, 68.00000000000000000 ) ) ;
#8717 = EDGE_LOOP ( 'NONE', ( #6579, #9014, #8224, #2710, #595 ) ) ;
#8718 = CARTESIAN_POINT ( 'NONE',  ( 2.500000000000000444, 64.68750000273118417, 1.035533905932737309 ) ) ;
#8719 = EDGE_CURVE ( 'NONE', #1051, #2563, #4097, .T. ) ;
#8720 = VECTOR ( 'NONE', #348, 1000.000000000000000 ) ;
#8721 = CARTESIAN_POINT ( 'NONE',  ( 1.259733572207479835, 73.87500000136559208, 3.041265874999999230 ) ) ;
#8722 = CARTESIAN_POINT ( 'NONE',  ( -1.259733572207478058, 78.37500000136562051, -3.041265874999999674 ) ) ;
#8723 = LINE ( 'NONE', #3164, #5326 ) ;
#8724 = ADVANCED_FACE ( 'NONE', ( #228 ), #7866, .T. ) ;
#8725 = CARTESIAN_POINT ( 'NONE',  ( -1.530808498934191571E-16, 65.75000000000000000, -2.500000000000000000 ) ) ;
#8726 = CARTESIAN_POINT ( 'NONE',  ( 3.041265875000001007, 71.12500000136559208, 1.259733572207477836 ) ) ;
#8727 = ORIENTED_EDGE ( 'NONE', *, *, #7969, .T. ) ;
#8728 = DIRECTION ( 'NONE',  ( -4.632792164159807407E-48, -2.991526032573997414E-17, -1.000000000000000000 ) ) ;
#8729 = AXIS2_PLACEMENT_3D ( 'NONE', #9392, #8582, #3225 ) ;
#8730 = AXIS2_PLACEMENT_3D ( 'NONE', #2821, #2005, #6695 ) ;
#8731 = CARTESIAN_POINT ( 'NONE',  ( -3.041265874999999230, 64.75000000136559208, 1.259733572207480057 ) ) ;
#8732 = LINE ( 'NONE', #7104, #7511 ) ;
#8733 = CARTESIAN_POINT ( 'NONE',  ( 2.500000000000000444, 68.81250000273118417, -1.035533905932737975 ) ) ;
#8734 = DIRECTION ( 'NONE',  ( 0.000000000000000000, -1.000000000000000000, 0.000000000000000000 ) ) ;
#8735 = CARTESIAN_POINT ( 'NONE',  ( 2.991207226025321297, 103.3145311832195574, -21.50000000000001066 ) ) ;
#8736 = VECTOR ( 'NONE', #1695, 1000.000000000000000 ) ;
#8737 = CARTESIAN_POINT ( 'NONE',  ( -1.035533905932738197, 77.18750000000000000, 2.500000000000000000 ) ) ;
#8738 = ORIENTED_EDGE ( 'NONE', *, *, #9967, .F. ) ;
#8739 = ORIENTED_EDGE ( 'NONE', *, *, #1383, .T. ) ;
#8740 = ORIENTED_EDGE ( 'NONE', *, *, #3235, .F. ) ;
#8741 = CARTESIAN_POINT ( 'NONE',  ( 2.150499723603738644, 75.31250000136559208, -2.150499723603739088 ) ) ;
#8742 = COORDINATED_UNIVERSAL_TIME_OFFSET ( 7, 0, .AHEAD. ) ;
#8743 = DIRECTION ( 'NONE',  ( 0.9256659661250540294, 0.3783418020226822498, 0.000000000000000000 ) ) ;
#8744 = AXIS2_PLACEMENT_3D ( 'NONE', #7284, #2444, #100 ) ;
#8745 = CARTESIAN_POINT ( 'NONE',  ( 2.500000000000000444, 64.81250000273118417, -1.035533905932737975 ) ) ;
#8746 = VECTOR ( 'NONE', #6064, 1000.000000000000227 ) ;
#8747 = ORIENTED_EDGE ( 'NONE', *, *, #4303, .T. ) ;
#8748 = FACE_OUTER_BOUND ( 'NONE', #6701, .T. ) ;
#8749 = FACE_OUTER_BOUND ( 'NONE', #2973, .T. ) ;
#8750 = CARTESIAN_POINT ( 'NONE',  ( -2.150499723603738200, 64.68750000136559208, 2.150499723603739533 ) ) ;
#8751 = CARTESIAN_POINT ( 'NONE',  ( 11.00000000000001421, 76.25000000000001421, 16.99999999999999645 ) ) ;
#8752 = ORIENTED_EDGE ( 'NONE', *, *, #3552, .T. ) ;
#8753 = ORIENTED_EDGE ( 'NONE', *, *, #947, .F. ) ;
#8754 = VECTOR ( 'NONE', #2784, 1000.000000000000000 ) ;
#8755 = ORIENTED_EDGE ( 'NONE', *, *, #1443, .T. ) ;
#8756 = CYLINDRICAL_SURFACE ( 'NONE', #8621, 2.500000000000000000 ) ;
#8757 = ADVANCED_FACE ( 'NONE', ( #2367, #177 ), #998, .F. ) ;
#8758 = DIRECTION ( 'NONE',  ( 0.000000000000000000, 0.000000000000000000, -1.000000000000000000 ) ) ;
#8759 = LINE ( 'NONE', #8610, #6225 ) ;
#8760 = CYLINDRICAL_SURFACE ( 'NONE', #7287, 6.000000000000000000 ) ;
#8761 = CARTESIAN_POINT ( 'NONE',  ( 1.035533905932727095, 65.68750000000000000, -2.500000000000011102 ) ) ;
#8762 = DIRECTION ( 'NONE',  ( -0.000000000000000000, 8.773937619163356039E-17, 1.000000000000000000 ) ) ;
#8763 = CARTESIAN_POINT ( 'NONE',  ( 3.041265875000001007, 69.12500000136559208, 1.259733572207477836 ) ) ;
#8764 = EDGE_LOOP ( 'NONE', ( #2389, #8976, #3493 ) ) ;
#8765 = CARTESIAN_POINT ( 'NONE',  ( 3.717638727943904999E-14, 99.00000000000001421, -19.79999999999996874 ) ) ;
#8766 = CARTESIAN_POINT ( 'NONE',  ( -2.150499723603739088, 68.43750000136560629, -2.150499723603739088 ) ) ;
#8767 = DIRECTION ( 'NONE',  ( -2.771172519036345232E-16, 8.684692346097759303E-17, 1.000000000000000000 ) ) ;
#8768 = CARTESIAN_POINT ( 'NONE',  ( -1.259733572207478058, 73.37500000136562051, -3.041265875000000563 ) ) ;
#8769 = ORIENTED_EDGE ( 'NONE', *, *, #1376, .T. ) ;
#8770 = CARTESIAN_POINT ( 'NONE',  ( 3.041265874999999674, 75.12500000136560629, -1.259733572207478280 ) ) ;
#8771 = CARTESIAN_POINT ( 'NONE',  ( 4.799937807795221723, 98.97556557145537681, -21.40000000000000213 ) ) ;
#8772 = EDGE_CURVE ( 'NONE', #8403, #6499, #127, .T. ) ;
#8773 = CARTESIAN_POINT ( 'NONE',  ( 2.150499723603738644, 79.31250000136559208, -2.150499723603739088 ) ) ;
#8774 = CARTESIAN_POINT ( 'NONE',  ( -2.150499723603738200, 69.81250000136560629, 2.150499723603739533 ) ) ;
#8775 = EDGE_LOOP ( 'NONE', ( #4243, #6556, #5017 ) ) ;
#8776 = CARTESIAN_POINT ( 'NONE',  ( -1.259733572207478058, 78.50000000136560629, -3.041265875000000563 ) ) ;
#8777 = CARTESIAN_POINT ( 'NONE',  ( 1.259733572207479835, 65.00000000136559208, 3.041265874999999230 ) ) ;
#8778 = LINE ( 'NONE', #9490, #3439 ) ;
#8779 = VECTOR ( 'NONE', #800, 1000.000000000000000 ) ;
#8780 = DIRECTION ( 'NONE',  ( 0.9999870432906646789, -0.005090505946797769903, 3.575146948697720887E-16 ) ) ;
#8781 = EDGE_CURVE ( 'NONE', #5982, #766, #1711, .T. ) ;
#8782 = DIRECTION ( 'NONE',  ( 0.000000000000000000, 1.000000000000000000, 0.000000000000000000 ) ) ;
#8783 = DIRECTION ( 'NONE',  ( 1.000000000000000000, 0.000000000000000000, 0.000000000000000000 ) ) ;
#8784 = EDGE_CURVE ( 'NONE', #8852, #7595, #3227, .T. ) ;
#8785 = AXIS2_PLACEMENT_3D ( 'NONE', #2342, #7076, #7941 ) ;
#8786 = CARTESIAN_POINT ( 'NONE',  ( 2.500000000000000444, 78.43750000000001421, 1.035533905932737309 ) ) ;
#8787 = ORIENTED_EDGE ( 'NONE', *, *, #5427, .T. ) ;
#8788 = ORIENTED_EDGE ( 'NONE', *, *, #3094, .F. ) ;
#8789 = EDGE_CURVE ( 'NONE', #8052, #701, #4047, .T. ) ;
#8790 = DIRECTION ( 'NONE',  ( 0.9999870432906645679, -0.005090505946795629254, 0.000000000000000000 ) ) ;
#8791 = CARTESIAN_POINT ( 'NONE',  ( -2.150499723603738200, 74.81250000136559208, 2.150499723603739533 ) ) ;
#8792 = PERSON_AND_ORGANIZATION_ROLE ( 'creator' ) ;
#8793 = DIRECTION ( 'NONE',  ( 0.9256659661250540294, 0.3783418020226822498, 0.000000000000000000 ) ) ;
#8794 = CARTESIAN_POINT ( 'NONE',  ( 4.592425496802573972E-16, 65.50000000273119838, 2.500000000000000000 ) ) ;
#8795 = VECTOR ( 'NONE', #7016, 1000.000000000000000 ) ;
#8796 = VERTEX_POINT ( 'NONE', #7157 ) ;
#8797 = CARTESIAN_POINT ( 'NONE',  ( 3.753977499276941045E-12, 83.55000000000002558, 1.499999999999990896 ) ) ;
#8798 = DIRECTION ( 'NONE',  ( 5.551115123125783935E-17, -6.662983475941639612E-17, -1.000000000000000000 ) ) ;
#8799 = CARTESIAN_POINT ( 'NONE',  ( -3.041265875000000118, 66.56250000136559208, 0.000000000000000000 ) ) ;
#8800 = CIRCLE ( 'NONE', #4405, 6.000000000000000888 ) ;
#8801 = CARTESIAN_POINT ( 'NONE',  ( 0.000000000000000000, 70.00000000000000000, 2.500000000000000000 ) ) ;
#8802 = ORIENTED_EDGE ( 'NONE', *, *, #70, .F. ) ;
#8803 = ORIENTED_EDGE ( 'NONE', *, *, #6353, .F. ) ;
#8804 = ORIENTED_EDGE ( 'NONE', *, *, #5167, .T. ) ;
#8805 = VECTOR ( 'NONE', #7589, 1000.000000000000000 ) ;
#8806 = CARTESIAN_POINT ( 'NONE',  ( 3.714308058870029403E-14, 99.00000000000001421, -19.20000000000000639 ) ) ;
#8807 = LINE ( 'NONE', #5092, #1168 ) ;
#8808 = FACE_OUTER_BOUND ( 'NONE', #9703, .T. ) ;
#8809 = ORIENTED_EDGE ( 'NONE', *, *, #7958, .T. ) ;
#8810 = CARTESIAN_POINT ( 'NONE',  ( -2.850000000000001421, 82.28000000000002956, 7.129181201211841011E-12 ) ) ;
#8811 = VECTOR ( 'NONE', #8958, 1000.000000000000000 ) ;
#8812 = CARTESIAN_POINT ( 'NONE',  ( -1.259733572207478058, 65.50000000136559208, -3.041265875000000563 ) ) ;
#8813 = DIRECTION ( 'NONE',  ( 0.000000000000000000, 1.000000000000000000, 0.000000000000000000 ) ) ;
#8814 = VECTOR ( 'NONE', #9319, 1000.000000000000341 ) ;
#8815 = ADVANCED_FACE ( 'NONE', ( #9443 ), #32, .T. ) ;
#8816 = CARTESIAN_POINT ( 'NONE',  ( 2.150499723603738644, 67.31250000136560629, -2.150499723603739088 ) ) ;
#8817 = ORIENTED_EDGE ( 'NONE', *, *, #3062, .T. ) ;
#8818 = AXIS2_PLACEMENT_3D ( 'NONE', #7066, #8691, #4877 ) ;
#8819 = DIRECTION ( 'NONE',  ( 0.000000000000000000, -1.000000000000000000, 0.000000000000000000 ) ) ;
#8820 = CARTESIAN_POINT ( 'NONE',  ( -1.259733572207478502, 67.75000000136559208, 3.041265874999999230 ) ) ;
#8821 = CARTESIAN_POINT ( 'NONE',  ( 4.592425496802573972E-16, 76.50000000273118417, 2.500000000000000000 ) ) ;
#8822 = EDGE_LOOP ( 'NONE', ( #4409, #1118, #9198, #7579 ) ) ;
#8823 = CARTESIAN_POINT ( 'NONE',  ( -2.150499723603738200, 75.68750000136559208, 2.150499723603739533 ) ) ;
#8824 = ORIENTED_EDGE ( 'NONE', *, *, #697, .F. ) ;
#8825 = ADVANCED_FACE ( 'NONE', ( #6396 ), #2469, .T. ) ;
#8826 = FACE_OUTER_BOUND ( 'NONE', #6320, .T. ) ;
#8827 = CARTESIAN_POINT ( 'NONE',  ( 1.259733572207479835, 79.00000000136560629, 3.041265874999999230 ) ) ;
#8828 = CARTESIAN_POINT ( 'NONE',  ( 2.150499723603738644, 70.31250000136560629, -2.150499723603739088 ) ) ;
#8829 = ORIENTED_EDGE ( 'NONE', *, *, #5414, .F. ) ;
#8830 = CARTESIAN_POINT ( 'NONE',  ( -1.259733572207478058, 77.50000000136562051, -3.041265875000000563 ) ) ;
#8831 = CARTESIAN_POINT ( 'NONE',  ( 3.041265874999999674, 79.12500000136559208, -1.259733572207478280 ) ) ;
#8832 = DIRECTION ( 'NONE',  ( -2.771172519036345232E-16, 8.684692346097759303E-17, 1.000000000000000000 ) ) ;
#8833 = EDGE_CURVE ( 'NONE', #6499, #4993, #2, .T. ) ;
#8834 = DIRECTION ( 'NONE',  ( 0.9634848649536333909, 0.2677627961559984060, 0.000000000000000000 ) ) ;
#8835 = CARTESIAN_POINT ( 'NONE',  ( 1.561251128379126385E-14, 99.00000000000001421, 19.20000000000000639 ) ) ;
#8836 = DIRECTION ( 'NONE',  ( 0.000000000000000000, 1.000000000000000000, 0.000000000000000000 ) ) ;
#8837 = CARTESIAN_POINT ( 'NONE',  ( 2.500000000000000444, 79.56250000000002842, -1.035533905932737975 ) ) ;
#8838 = ORIENTED_EDGE ( 'NONE', *, *, #9717, .T. ) ;
#8839 = ORIENTED_EDGE ( 'NONE', *, *, #1463, .F. ) ;
#8840 = CARTESIAN_POINT ( 'NONE',  ( 1.499999999999992895, 81.90000000000003411, -3.752384329236603299E-12 ) ) ;
#8841 = CARTESIAN_POINT ( 'NONE',  ( -3.041265875000000118, 77.68750000136559208, 0.000000000000000000 ) ) ;
#8842 = CALENDAR_DATE ( 2026, 27, 4 ) ;
#8843 = EDGE_CURVE ( 'NONE', #9564, #1755, #4063, .T. ) ;
#8844 = CARTESIAN_POINT ( 'NONE',  ( -6.143273330438597911E-16, 98.99999999999998579, 22.49999999999998579 ) ) ;
#8845 = DIRECTION ( 'NONE',  ( -3.885780586188047891E-16, 1.000000000000000000, 2.603240987229339518E-29 ) ) ;
#8846 = ORIENTED_EDGE ( 'NONE', *, *, #2003, .F. ) ;
#8847 = CARTESIAN_POINT ( 'NONE',  ( 0.000000000000000000, 70.00000000000000000, 0.000000000000000000 ) ) ;
#8848 = EDGE_CURVE ( 'NONE', #2985, #5982, #1791, .T. ) ;
#8849 = DIRECTION ( 'NONE',  ( -0.8723421819008509992, 0.4888958147463144388, -3.473137494231631459E-16 ) ) ;
#8850 = CARTESIAN_POINT ( 'NONE',  ( 5.586714778762236360E-16, 66.81250000136559208, 3.041265875000000118 ) ) ;
#8851 = LINE ( 'NONE', #3447, #8393 ) ;
#8852 = VERTEX_POINT ( 'NONE', #1765 ) ;
#8853 = EDGE_CURVE ( 'NONE', #4832, #2476, #5677, .T. ) ;
#8854 = ORIENTED_EDGE ( 'NONE', *, *, #2001, .T. ) ;
#8855 = DIRECTION ( 'NONE',  ( -0.9999870432906647899, 0.005090505946798766501, 0.000000000000000000 ) ) ;
#8856 = CARTESIAN_POINT ( 'NONE',  ( -2.500000000000000000, 70.00000000000000000, 0.000000000000000000 ) ) ;
#8857 = AXIS2_PLACEMENT_3D ( 'NONE', #1910, #8936, #5023 ) ;
#8858 = CARTESIAN_POINT ( 'NONE',  ( -7.804227406124421229, 96.83112135113643149, 20.00000000000001066 ) ) ;
#8859 = ORIENTED_EDGE ( 'NONE', *, *, #5460, .T. ) ;
#8860 = FACE_OUTER_BOUND ( 'NONE', #4344, .T. ) ;
#8861 = FACE_OUTER_BOUND ( 'NONE', #8775, .T. ) ;
#8862 = CARTESIAN_POINT ( 'NONE',  ( 2.500000000000000000, 78.75000000273118417, -3.061616997868383141E-16 ) ) ;
#8863 = ADVANCED_FACE ( 'NONE', ( #8585 ), #1611, .T. ) ;
#8864 = CARTESIAN_POINT ( 'NONE',  ( -1.259733572207478058, 65.50000000136559208, -3.041265874999999674 ) ) ;
#8865 = VERTEX_POINT ( 'NONE', #846 ) ;
#8866 = DIRECTION ( 'NONE',  ( 3.654459117618455439E-16, -1.199456548643360156E-16, -1.000000000000000000 ) ) ;
#8867 = CARTESIAN_POINT ( 'NONE',  ( 1.259733572207478058, 66.25000000136559208, -3.041265874999999674 ) ) ;
#8868 = DIRECTION ( 'NONE',  ( 1.000000000000000000, 0.000000000000000000, 0.000000000000000000 ) ) ;
#8869 = VERTEX_POINT ( 'NONE', #4713 ) ;
#8870 = DIRECTION ( 'NONE',  ( -3.654459117618455439E-16, 1.199456548643360156E-16, 1.000000000000000000 ) ) ;
#8871 = CARTESIAN_POINT ( 'NONE',  ( -2.150499723603738200, 69.68750000136560629, 2.150499723603739533 ) ) ;
#8872 = ORIENTED_EDGE ( 'NONE', *, *, #8604, .T. ) ;
#8873 = AXIS2_PLACEMENT_3D ( 'NONE', #5994, #7061, #7722 ) ;
#8874 = CARTESIAN_POINT ( 'NONE',  ( 4.443196637400277815, 100.8160406497089099, 20.29999999999999716 ) ) ;
#8875 = ORIENTED_EDGE ( 'NONE', *, *, #513, .F. ) ;
#8876 = CARTESIAN_POINT ( 'NONE',  ( 1.259733572207478058, 75.37500000136562051, -3.041265874999999674 ) ) ;
#8877 = CARTESIAN_POINT ( 'NONE',  ( -1.259733572207478058, 71.50000000136559208, -3.041265875000000563 ) ) ;
#8878 = ORIENTED_EDGE ( 'NONE', *, *, #6081, .T. ) ;
#8879 = CARTESIAN_POINT ( 'NONE',  ( -1.259733572207478725, 76.87500000136560629, 3.041265874999999230 ) ) ;
#8880 = CARTESIAN_POINT ( 'NONE',  ( -3.041265875000000118, 77.56250000136559208, 0.000000000000000000 ) ) ;
#8881 = AXIS2_PLACEMENT_3D ( 'NONE', #4766, #81, #5439 ) ;
#8882 = DIRECTION ( 'NONE',  ( 0.000000000000000000, -8.773937619163356039E-17, -1.000000000000000000 ) ) ;
#8883 = EDGE_CURVE ( 'NONE', #738, #5933, #978, .T. ) ;
#8884 = DIRECTION ( 'NONE',  ( -0.000000000000000000, -1.000000000000000000, -0.000000000000000000 ) ) ;
#8885 = CARTESIAN_POINT ( 'NONE',  ( 4.592425496802573972E-16, 65.50000000273119838, 2.500000000000000000 ) ) ;
#8886 = CARTESIAN_POINT ( 'NONE',  ( -10.99999999999998401, 80.50000000000002842, 15.49999999999999467 ) ) ;
#8887 = CARTESIAN_POINT ( 'NONE',  ( 2.500000000000000000, 77.50000000000000000, -3.061616997868383141E-16 ) ) ;
#8888 = VECTOR ( 'NONE', #9605, 1000.000000000000000 ) ;
#8889 = ORIENTED_EDGE ( 'NONE', *, *, #1136, .T. ) ;
#8890 = ORIENTED_EDGE ( 'NONE', *, *, #6317, .F. ) ;
#8891 = EDGE_CURVE ( 'NONE', #4783, #4332, #8456, .T. ) ;
#8892 = PLANE ( 'NONE',  #9396 ) ;
#8893 = CARTESIAN_POINT ( 'NONE',  ( -1.862238259587412120E-16, 78.43750000136559208, -3.041265875000000118 ) ) ;
#8894 = APPROVAL_STATUS ( 'not_yet_approved' ) ;
#8895 = FACE_OUTER_BOUND ( 'NONE', #5508, .T. ) ;
#8896 = AXIS2_PLACEMENT_3D ( 'NONE', #7395, #5108, #9832 ) ;
#8897 = EDGE_LOOP ( 'NONE', ( #6724, #9633, #1162, #5885, #4664 ) ) ;
#8898 = DIRECTION ( 'NONE',  ( 0.000000000000000000, 1.000000000000000000, 0.000000000000000000 ) ) ;
#8899 = DIRECTION ( 'NONE',  ( 2.771172519036345232E-16, -8.684692346097759303E-17, -1.000000000000000000 ) ) ;
#8900 = VECTOR ( 'NONE', #3877, 1000.000000000000000 ) ;
#8901 = LINE ( 'NONE', #2584, #10012 ) ;
#8902 = ORIENTED_EDGE ( 'NONE', *, *, #8171, .T. ) ;
#8903 = ADVANCED_FACE ( 'NONE', ( #384 ), #8021, .T. ) ;
#8904 = ORIENTED_EDGE ( 'NONE', *, *, #1006, .T. ) ;
#8905 = EDGE_CURVE ( 'NONE', #9222, #6886, #8937, .T. ) ;
#8906 = CARTESIAN_POINT ( 'NONE',  ( 1.081621011111995596E-14, 99.00000000000001421, 19.79999999999997584 ) ) ;
#8907 = AXIS2_PLACEMENT_3D ( 'NONE', #1777, #6360, #3189 ) ;
#8908 = CIRCLE ( 'NONE', #4511, 6.850000000000000533 ) ;
#8909 = EDGE_CURVE ( 'NONE', #2263, #4685, #3531, .T. ) ;
#8910 = CARTESIAN_POINT ( 'NONE',  ( 1.561251128379126385E-14, 79.50000000000002842, 4.122794866321867394E-15 ) ) ;
#8911 = ORIENTED_EDGE ( 'NONE', *, *, #3147, .F. ) ;
#8912 = CARTESIAN_POINT ( 'NONE',  ( -2.933374888477885190, 93.76594690859488423, 22.49999999999998579 ) ) ;
#8913 = DIRECTION ( 'NONE',  ( 0.4888958147463141057, 0.8723421819008512212, 0.000000000000000000 ) ) ;
#8914 = DIRECTION ( 'NONE',  ( 0.9634848649536331688, 0.2677627961559989611, 1.491283511613612670E-16 ) ) ;
#8915 = EDGE_CURVE ( 'NONE', #197, #8506, #5121, .T. ) ;
#8916 = AXIS2_PLACEMENT_3D ( 'NONE', #4509, #3687, #6041 ) ;
#8917 = AXIS2_PLACEMENT_3D ( 'NONE', #5887, #8993, #2015 ) ;
#8918 = CARTESIAN_POINT ( 'NONE',  ( -2.150499723603739088, 66.56250000136559208, -2.150499723603739088 ) ) ;
#8919 = ORIENTED_EDGE ( 'NONE', *, *, #7829, .F. ) ;
#8920 = ADVANCED_FACE ( 'NONE', ( #9750, #5777 ), #1862, .F. ) ;
#8921 = DIRECTION ( 'NONE',  ( 0.000000000000000000, 1.000000000000000000, 0.000000000000000000 ) ) ;
#8922 = DIRECTION ( 'NONE',  ( -1.665334536937734071E-16, 4.229157726022815470E-17, 1.000000000000000000 ) ) ;
#8923 = CLOSED_SHELL ( 'NONE', ( #2006, #3421, #6154, #2059, #1305, #4543, #5800, #8230, #9130, #391, #4870, #1595, #9401, #3155, #3920, #3928, #9448, #7044, #9952, #952, #3168, #7726, #3594, #6467, #9812, #9933, #9188 ) ) ;
#8924 = CARTESIAN_POINT ( 'NONE',  ( -5.034382250536990202E-15, 80.51662401574805017, 1.934234859304755356E-26 ) ) ;
#8925 = FACE_BOUND ( 'NONE', #2993, .T. ) ;
#8926 = CARTESIAN_POINT ( 'NONE',  ( -3.041265874999999230, 72.62500000136559208, 1.259733572207480057 ) ) ;
#8927 = ORIENTED_EDGE ( 'NONE', *, *, #9569, .T. ) ;
#8928 = CARTESIAN_POINT ( 'NONE',  ( 5.763868460188470877, 100.6666794453778664, -19.79999999999999716 ) ) ;
#8929 = ORIENTED_EDGE ( 'NONE', *, *, #9337, .T. ) ;
#8930 = CARTESIAN_POINT ( 'NONE',  ( 3.041265875000000118, 77.18750000136559208, -3.724476519174824240E-16 ) ) ;
#8931 = CARTESIAN_POINT ( 'NONE',  ( 2.150499723603739533, 66.06250000136559208, 2.150499723603738644 ) ) ;
#8932 = ORIENTED_EDGE ( 'NONE', *, *, #7296, .T. ) ;
#8933 = CARTESIAN_POINT ( 'NONE',  ( 3.041265875000001007, 79.12500000136560629, 1.259733572207477836 ) ) ;
#8934 = CARTESIAN_POINT ( 'NONE',  ( -2.150499723603738200, 73.68750000136559208, 2.150499723603739533 ) ) ;
#8935 = DIRECTION ( 'NONE',  ( 0.000000000000000000, 0.000000000000000000, 1.000000000000000000 ) ) ;
#8936 = DIRECTION ( 'NONE',  ( -0.000000000000000000, -1.000000000000000000, -0.000000000000000000 ) ) ;
#8937 = LINE ( 'NONE', #6592, #3571 ) ;
#8938 = DIRECTION ( 'NONE',  ( 0.2677627961559983505, -0.9634848649536335019, 8.533875781980731629E-17 ) ) ;
#8939 = CARTESIAN_POINT ( 'NONE',  ( -1.035533905932738197, 73.18750000000000000, 2.500000000000000000 ) ) ;
#8940 = EDGE_CURVE ( 'NONE', #9718, #2704, #10073, .T. ) ;
#8941 = EDGE_LOOP ( 'NONE', ( #9289, #7161, #8953, #4028 ) ) ;
#8942 = ORIENTED_EDGE ( 'NONE', *, *, #7237, .F. ) ;
#8943 = CARTESIAN_POINT ( 'NONE',  ( -3.968626966596887851, 5.000000000000000000, 4.500000000000000000 ) ) ;
#8944 = CARTESIAN_POINT ( 'NONE',  ( -2.150499723603739088, 75.56250000136559208, -2.150499723603739088 ) ) ;
#8945 = PERSON_AND_ORGANIZATION ( #9327, #1153 ) ;
#8946 = LINE ( 'NONE', #1211, #768 ) ;
#8947 = CARTESIAN_POINT ( 'NONE',  ( -1.530808498934191571E-16, 70.75000000000001421, -2.500000000000000000 ) ) ;
#8948 = VERTEX_POINT ( 'NONE', #6544 ) ;
#8949 = DIRECTION ( 'NONE',  ( 0.9256659661250536963, 0.3783418020226825829, 4.389289323153614450E-16 ) ) ;
#8950 = CARTESIAN_POINT ( 'NONE',  ( 4.592425496802573972E-16, 75.50000000273118417, 2.500000000000000000 ) ) ;
#8951 = VECTOR ( 'NONE', #7183, 1000.000000000000000 ) ;
#8952 = DIRECTION ( 'NONE',  ( 0.9999870432906645679, -0.005090505946798764766, 0.000000000000000000 ) ) ;
#8953 = ORIENTED_EDGE ( 'NONE', *, *, #1484, .T. ) ;
#8954 = ORIENTED_EDGE ( 'NONE', *, *, #2220, .T. ) ;
#8955 = DIRECTION ( 'NONE',  ( 2.501589552824417278E-12, 0.000000000000000000, 1.000000000000000000 ) ) ;
#8956 = CONICAL_SURFACE ( 'NONE', #825, 1732.050807568857181, 1.047197551196592746 ) ;
#8957 = CARTESIAN_POINT ( 'NONE',  ( 10.50000000000001421, 99.00000000000001421, 14.99999999999999467 ) ) ;
#8958 = DIRECTION ( 'NONE',  ( 1.049727191138617833E-16, -0.5150380749100552658, 0.8571673007021116675 ) ) ;
#8959 = CARTESIAN_POINT ( 'NONE',  ( 4.592425496802573972E-16, 67.25000000000000000, 2.500000000000000000 ) ) ;
#8960 = ORIENTED_EDGE ( 'NONE', *, *, #3039, .F. ) ;
#8961 = DIRECTION ( 'NONE',  ( 2.771172519036345232E-16, -8.684692346097759303E-17, -1.000000000000000000 ) ) ;
#8962 = AXIS2_PLACEMENT_3D ( 'NONE', #4351, #7463, #3580 ) ;
#8963 =( BOUNDED_SURFACE ( )  B_SPLINE_SURFACE ( 1, 2, ( 
 ( #6911, #10007, #999, #7160, #7973, #2572, #9445, #8837, #3382, #7210, #6547, #7310, #4101, #9598, #4051, #1769, #6497, #5680, #2621, #8125, #230, #5731, #3432, #4871, #180, #8786, #9652, #2520, #1914, #8685, #4206, #3330, #2671, #1049, #335, #5779, #1864, #6446, #7918, #4970, #8887, #5026, #9547, #1817, #1154, #8737, #4921, #8023, #4152, #7259, #281, #5629, #2472, #8072, #1102, #7112, #134, #3229, #3282, #6349, #5575, #1713, #4817, #953, #6398, #9496, #6797, #2158, #1204, #1348, #2012, #3678, #8274, #7561, #4450, #3632, #4353, #5076, #2103, #9895, #582, #3581, #7464, #8375, #5884, #8223, #5932, #5124, #1300, #1249, #2773, #9701, #2825, #485, #4258, #9848, #6699, #7410, #9135, #7512, #2725, #5269, #9036, #2056, #2921, #6031, #7366, #4304, #388, #8939, #3483, #5981, #1962, #9752, #6594, #6649, #5834, #8176, #436, #3534, #8990, #5172, #9802, #4401, #9084, #535, #6746, #2874, #5220, #8326, #684, #8575, #5424, #2359, #9995, #634, #9288, #1454, #5471, #3780, #6948, #7808, #836, #4552, #3071, #3882, #5515, #2312, #5373, #789, #3166, #3940, #3727, #7662, #6897, #8526, #6287, #6191, #6841, #1552, #4654, #7759, #1402, #9335, #6998, #22, #2411, #2971, #3123, #8476, #3019, #2261, #10048, #9945, #6239, #1601, #1506, #7049, #4703, #4603, #68, #8429, #6138, #9385, #4499, #7613, #6086, #7710, #9184, #2205, #9239, #736, #5321, #3830, #4039, #3418, #118, #269, #1701, #5668, #7200, #8014, #8061, #7903, #3370, #8673, #9536, #2561, #936, #5565, #5718, #1038, #4141, #4960, #7301, #219, #7148, #989, #4910, #1649, #4804, #2660, #1091, #7960, #4193, #1753, #7859, #6436, #8725, #169, #4860, #886, #7249, #9433, #3268, #6387, #2608, #4089, #9484, #6487, #2511 ),
 ( #5617, #6534, #1804, #7097, #9640, #3320, #8773, #322, #8624, #4757, #9584, #8827, #3220, #3985, #1853, #6337, #2458, #5971, #8164, #7352, #2862, #1902, #7553, #1143, #4342, #4293, #5212, #528, #6690, #5823, #5065, #9077, #1291, #1190, #2094, #9794, #6737, #7399, #5015, #3573, #8930, #9838, #425, #1240, #8316, #1341, #1951, #7455, #8266, #9886, #2816, #9743, #5161, #573, #4441, #8115, #3522, #6637, #5922, #3666, #477, #4246, #9026, #2047, #4392, #5770, #3623, #7502, #6783, #8876, #375, #3471, #2762, #5875, #8980, #6584, #9692, #1999, #2711, #5113, #8213, #3112, #2252, #6126, #7037, #4539, #6885, #4594, #674, #10037, #3772, #1441, #8366, #1495, #9986, #2912, #8515, #9227, #6075, #7798, #6181, #1392, #827, #7700, #726, #5462, #8564, #3924, #9934, #13, #7598, #6020, #4645, #622, #8419, #6231, #5310, #4488, #9324, #9123, #4695, #3717, #3820, #7650, #2349, #7749, #6938, #2962, #2196, #1590, #1544, #3011, #2149, #3063, #3874, #5360, #5261, #9276, #9175, #6990, #8465, #2300, #6833, #5415, #779, #1742, #2548, #4182, #977, #4027, #9522, #1841, #2596, #9374, #6327, #104, #4078, #4950, #4847, #2399, #7190, #208, #3310, #57, #8001, #5656, #6425, #1079, #1638, #8763, #7139, #3207, #924, #5604, #5507, #1790, #4897, #158, #9573, #258, #3258, #1027, #7086, #4792, #4129, #8711, #7240, #3156, #6375, #3356, #6475, #7892, #9422, #7947, #5705, #5554, #8051, #4744, #8816, #9474, #6274, #8614, #7847, #873, #3974, #2500, #2449, #8663, #1689, #6523, #8918, #362, #7289, #6623, #2699, #8103, #7442, #413, #9626, #468, #5050, #8151, #1229, #8203, #309, #5001, #1989, #8864, #3406, #5101, #1128, #6571, #4331, #9678, #4232, #2649, #1890, #5758, #5810, #8967, #4283 ) ),
 .UNSPECIFIED., .F., .F., .T. ) 
 B_SPLINE_SURFACE_WITH_KNOTS ( ( 2, 2 ),
 ( 3, 2, 2, 2, 2, 2, 2, 2, 2, 2, 2, 2, 2, 2, 2, 2, 2, 2, 2, 2, 2, 2, 2, 2, 2, 2, 2, 2, 2, 2, 2, 2, 2, 2, 2, 2, 2, 2, 2, 2, 2, 2, 2, 2, 2, 2, 2, 2, 2, 2, 2, 2, 2, 2, 2, 2, 2, 2, 2, 2, 2, 2, 2, 2, 2, 2, 2, 2, 2, 2, 2, 2, 2, 2, 2, 2, 2, 2, 2, 2, 2, 2, 2, 2, 2, 2, 2, 2, 2, 2, 2, 2, 2, 2, 2, 2, 2, 2, 2, 2, 2, 2, 2, 2, 2, 2, 2, 2, 2, 2, 2, 2, 2, 2, 2, 2, 2, 2, 2, 2, 3 ),
 ( 0.000000000000000000, 1.000000000000000000 ),
 ( 0.000000000000000000, 0.008333333333333333218, 0.01666666666666666644, 0.02500000000000000139, 0.03333333333333333287, 0.04166666666666666435, 0.05000000000000000278, 0.05833333333333333426, 0.06666666666666666574, 0.07499999999999999722, 0.08333333333333332871, 0.09166666666666666019, 0.1000000000000000056, 0.1083333333333333370, 0.1166666666666666685, 0.1250000000000000000, 0.1333333333333333315, 0.1416666666666666630, 0.1499999999999999944, 0.1583333333333333259, 0.1666666666666666574, 0.1749999999999999889, 0.1833333333333333204, 0.1916666666666666796, 0.2000000000000000111, 0.2083333333333333426, 0.2166666666666666741, 0.2250000000000000056, 0.2333333333333333370, 0.2416666666666666685, 0.2500000000000000000, 0.2583333333333333592, 0.2666666666666666630, 0.2750000000000000222, 0.2833333333333333259, 0.2916666666666666852, 0.2999999999999999889, 0.3083333333333333481, 0.3166666666666666519, 0.3250000000000000111, 0.3333333333333333148, 0.3416666666666666741, 0.3499999999999999778, 0.3583333333333333370, 0.3666666666666666408, 0.3750000000000000000, 0.3833333333333333592, 0.3916666666666666630, 0.4000000000000000222, 0.4083333333333333259, 0.4166666666666666852, 0.4249999999999999889, 0.4333333333333333481, 0.4416666666666666519, 0.4500000000000000111, 0.4583333333333333148, 0.4666666666666666741, 0.4749999999999999778, 0.4833333333333333370, 0.4916666666666666408, 0.5000000000000000000, 0.5083333333333333037, 0.5166666666666667185, 0.5250000000000000222, 0.5333333333333333259, 0.5416666666666666297, 0.5500000000000000444, 0.5583333333333333481, 0.5666666666666666519, 0.5749999999999999556, 0.5833333333333333703, 0.5916666666666666741, 0.5999999999999999778, 0.6083333333333332815, 0.6166666666666666963, 0.6250000000000000000, 0.6333333333333333037, 0.6416666666666667185, 0.6500000000000000222, 0.6583333333333333259, 0.6666666666666666297, 0.6750000000000000444, 0.6833333333333333481, 0.6916666666666666519, 0.6999999999999999556, 0.7083333333333333703, 0.7166666666666666741, 0.7249999999999999778, 0.7333333333333332815, 0.7416666666666666963, 0.7500000000000000000, 0.7583333333333333037, 0.7666666666666667185, 0.7750000000000000222, 0.7833333333333333259, 0.7916666666666666297, 0.8000000000000000444, 0.8083333333333333481, 0.8166666666666666519, 0.8249999999999999556, 0.8333333333333333703, 0.8416666666666666741, 0.8499999999999999778, 0.8583333333333332815, 0.8666666666666666963, 0.8750000000000000000, 0.8833333333333333037, 0.8916666666666667185, 0.9000000000000000222, 0.9083333333333333259, 0.9166666666666666297, 0.9250000000000000444, 0.9333333333333333481, 0.9416666666666666519, 0.9499999999999999556, 0.9583333333333333703, 0.9666666666666666741, 0.9749999999999999778, 0.9833333333333332815, 0.9916666666666666963, 1.000000000000000000 ),
 .UNSPECIFIED. ) 
 GEOMETRIC_REPRESENTATION_ITEM ( )  RATIONAL_B_SPLINE_SURFACE ( (
 ( 1.000000000000000000, 0.9238795325112867385, 1.000000000000000000, 0.9238795325112867385, 1.000000000000000000, 0.9238795325112867385, 1.000000000000000000, 0.9238795325112867385, 1.000000000000000000, 0.9238795325112867385, 1.000000000000000000, 0.9238795325112867385, 1.000000000000000000, 0.9238795325112867385, 1.000000000000000000, 0.9238795325112867385, 1.000000000000000000, 0.9238795325112867385, 1.000000000000000000, 0.9238795325112867385, 1.000000000000000000, 0.9238795325112867385, 1.000000000000000000, 0.9238795325112867385, 1.000000000000000000, 0.9238795325112867385, 1.000000000000000000, 0.9238795325112867385, 1.000000000000000000, 0.9238795325112867385, 1.000000000000000000, 0.9238795325112867385, 1.000000000000000000, 0.9238795325112867385, 1.000000000000000000, 0.9238795325112867385, 1.000000000000000000, 0.9238795325112867385, 1.000000000000000000, 0.9238795325112867385, 1.000000000000000000, 0.9238795325112867385, 1.000000000000000000, 0.9238795325112867385, 1.000000000000000000, 0.9238795325112867385, 1.000000000000000000, 0.9238795325112867385, 1.000000000000000000, 0.9238795325112867385, 1.000000000000000000, 0.9238795325112867385, 1.000000000000000000, 0.9238795325112867385, 1.000000000000000000, 0.9238795325112867385, 1.000000000000000000, 0.9238795325112867385, 1.000000000000000000, 0.9238795325112867385, 1.000000000000000000, 0.9238795325112867385, 1.000000000000000000, 0.9238795325112867385, 1.000000000000000000, 0.9238795325112867385, 1.000000000000000000, 0.9238795325112867385, 1.000000000000000000, 0.9238795325112867385, 1.000000000000000000, 0.9238795325112867385, 1.000000000000000000, 0.9238795325112867385, 1.000000000000000000, 0.9238795325112867385, 1.000000000000000000, 0.9238795325112867385, 1.000000000000000000, 0.9238795325112867385, 1.000000000000000000, 0.9238795325112867385, 1.000000000000000000, 0.9238795325112867385, 1.000000000000000000, 0.9238795325112867385, 1.000000000000000000, 0.9238795325112867385, 1.000000000000000000, 0.9238795325112867385, 1.000000000000000000, 0.9238795325112867385, 1.000000000000000000, 0.9238795325112867385, 1.000000000000000000, 0.9238795325112867385, 1.000000000000000000, 0.9238795325112867385, 1.000000000000000000, 0.9238795325112867385, 1.000000000000000000, 0.9238795325112867385, 1.000000000000000000, 0.9238795325112867385, 1.000000000000000000, 0.9238795325112867385, 1.000000000000000000, 0.9238795325112867385, 1.000000000000000000, 0.9238795325112867385, 1.000000000000000000, 0.9238795325112867385, 1.000000000000000000, 0.9238795325112867385, 1.000000000000000000, 0.9238795325112867385, 1.000000000000000000, 0.9238795325112867385, 1.000000000000000000, 0.9238795325112867385, 1.000000000000000000, 0.9238795325112867385, 1.000000000000000000, 0.9238795325112867385, 1.000000000000000000, 0.9238795325112867385, 1.000000000000000000, 0.9238795325112867385, 1.000000000000000000, 0.9238795325112867385, 1.000000000000000000, 0.9238795325112867385, 1.000000000000000000, 0.9238795325112867385, 1.000000000000000000, 0.9238795325112867385, 1.000000000000000000, 0.9238795325112867385, 1.000000000000000000, 0.9238795325112867385, 1.000000000000000000, 0.9238795325112867385, 1.000000000000000000, 0.9238795325112867385, 1.000000000000000000, 0.9238795325112867385, 1.000000000000000000, 0.9238795325112867385, 1.000000000000000000, 0.9238795325112867385, 1.000000000000000000, 0.9238795325112867385, 1.000000000000000000, 0.9238795325112867385, 1.000000000000000000, 0.9238795325112867385, 1.000000000000000000, 0.9238795325112867385, 1.000000000000000000, 0.9238795325112867385, 1.000000000000000000, 0.9238795325112867385, 1.000000000000000000, 0.9238795325112867385, 1.000000000000000000, 0.9238795325112867385, 1.000000000000000000, 0.9238795325112867385, 1.000000000000000000, 0.9238795325112867385, 1.000000000000000000, 0.9238795325112867385, 1.000000000000000000, 0.9238795325112867385, 1.000000000000000000, 0.9238795325112867385, 1.000000000000000000, 0.9238795325112867385, 1.000000000000000000, 0.9238795325112867385, 1.000000000000000000, 0.9238795325112867385, 1.000000000000000000, 0.9238795325112867385, 1.000000000000000000, 0.9238795325112867385, 1.000000000000000000, 0.9238795325112867385, 1.000000000000000000, 0.9238795325112867385, 1.000000000000000000, 0.9238795325112867385, 1.000000000000000000, 0.9238795325112867385, 1.000000000000000000, 0.9238795325112867385, 1.000000000000000000, 0.9238795325112867385, 1.000000000000000000, 0.9238795325112867385, 1.000000000000000000, 0.9238795325112867385, 1.000000000000000000, 0.9238795325112867385, 1.000000000000000000, 0.9238795325112867385, 1.000000000000000000, 0.9238795325112867385, 1.000000000000000000, 0.9238795325112867385, 1.000000000000000000, 0.9238795325112867385, 1.000000000000000000, 0.9238795325112867385, 1.000000000000000000, 0.9238795325112867385, 1.000000000000000000, 0.9238795325112867385, 1.000000000000000000, 0.9238795325112867385, 1.000000000000000000, 0.9238795325112867385, 1.000000000000000000, 0.9238795325112867385, 1.000000000000000000, 0.9238795325112867385, 1.000000000000000000, 0.9238795325112867385, 1.000000000000000000, 0.9238795325112867385, 1.000000000000000000, 0.9238795325112867385, 1.000000000000000000, 0.9238795325112867385, 1.000000000000000000, 0.9238795325112867385, 1.000000000000000000, 0.9238795325112867385, 1.000000000000000000, 0.9238795325112867385, 1.000000000000000000),
 ( 1.000000000000000000, 0.9238795325112867385, 1.000000000000000000, 0.9238795325112867385, 1.000000000000000000, 0.9238795325112867385, 1.000000000000000000, 0.9238795325112867385, 1.000000000000000000, 0.9238795325112867385, 1.000000000000000000, 0.9238795325112867385, 1.000000000000000000, 0.9238795325112867385, 1.000000000000000000, 0.9238795325112867385, 1.000000000000000000, 0.9238795325112867385, 1.000000000000000000, 0.9238795325112867385, 1.000000000000000000, 0.9238795325112867385, 1.000000000000000000, 0.9238795325112867385, 1.000000000000000000, 0.9238795325112867385, 1.000000000000000000, 0.9238795325112867385, 1.000000000000000000, 0.9238795325112867385, 1.000000000000000000, 0.9238795325112867385, 1.000000000000000000, 0.9238795325112867385, 1.000000000000000000, 0.9238795325112867385, 1.000000000000000000, 0.9238795325112867385, 1.000000000000000000, 0.9238795325112867385, 1.000000000000000000, 0.9238795325112867385, 1.000000000000000000, 0.9238795325112867385, 1.000000000000000000, 0.9238795325112867385, 1.000000000000000000, 0.9238795325112867385, 1.000000000000000000, 0.9238795325112867385, 1.000000000000000000, 0.9238795325112867385, 1.000000000000000000, 0.9238795325112867385, 1.000000000000000000, 0.9238795325112867385, 1.000000000000000000, 0.9238795325112867385, 1.000000000000000000, 0.9238795325112867385, 1.000000000000000000, 0.9238795325112867385, 1.000000000000000000, 0.9238795325112867385, 1.000000000000000000, 0.9238795325112867385, 1.000000000000000000, 0.9238795325112867385, 1.000000000000000000, 0.9238795325112867385, 1.000000000000000000, 0.9238795325112867385, 1.000000000000000000, 0.9238795325112867385, 1.000000000000000000, 0.9238795325112867385, 1.000000000000000000, 0.9238795325112867385, 1.000000000000000000, 0.9238795325112867385, 1.000000000000000000, 0.9238795325112867385, 1.000000000000000000, 0.9238795325112867385, 1.000000000000000000, 0.9238795325112867385, 1.000000000000000000, 0.9238795325112867385, 1.000000000000000000, 0.9238795325112867385, 1.000000000000000000, 0.9238795325112867385, 1.000000000000000000, 0.9238795325112867385, 1.000000000000000000, 0.9238795325112867385, 1.000000000000000000, 0.9238795325112867385, 1.000000000000000000, 0.9238795325112867385, 1.000000000000000000, 0.9238795325112867385, 1.000000000000000000, 0.9238795325112867385, 1.000000000000000000, 0.9238795325112867385, 1.000000000000000000, 0.9238795325112867385, 1.000000000000000000, 0.9238795325112867385, 1.000000000000000000, 0.9238795325112867385, 1.000000000000000000, 0.9238795325112867385, 1.000000000000000000, 0.9238795325112867385, 1.000000000000000000, 0.9238795325112867385, 1.000000000000000000, 0.9238795325112867385, 1.000000000000000000, 0.9238795325112867385, 1.000000000000000000, 0.9238795325112867385, 1.000000000000000000, 0.9238795325112867385, 1.000000000000000000, 0.9238795325112867385, 1.000000000000000000, 0.9238795325112867385, 1.000000000000000000, 0.9238795325112867385, 1.000000000000000000, 0.9238795325112867385, 1.000000000000000000, 0.9238795325112867385, 1.000000000000000000, 0.9238795325112867385, 1.000000000000000000, 0.9238795325112867385, 1.000000000000000000, 0.9238795325112867385, 1.000000000000000000, 0.9238795325112867385, 1.000000000000000000, 0.9238795325112867385, 1.000000000000000000, 0.9238795325112867385, 1.000000000000000000, 0.9238795325112867385, 1.000000000000000000, 0.9238795325112867385, 1.000000000000000000, 0.9238795325112867385, 1.000000000000000000, 0.9238795325112867385, 1.000000000000000000, 0.9238795325112867385, 1.000000000000000000, 0.9238795325112867385, 1.000000000000000000, 0.9238795325112867385, 1.000000000000000000, 0.9238795325112867385, 1.000000000000000000, 0.9238795325112867385, 1.000000000000000000, 0.9238795325112867385, 1.000000000000000000, 0.9238795325112867385, 1.000000000000000000, 0.9238795325112867385, 1.000000000000000000, 0.9238795325112867385, 1.000000000000000000, 0.9238795325112867385, 1.000000000000000000, 0.9238795325112867385, 1.000000000000000000, 0.9238795325112867385, 1.000000000000000000, 0.9238795325112867385, 1.000000000000000000, 0.9238795325112867385, 1.000000000000000000, 0.9238795325112867385, 1.000000000000000000, 0.9238795325112867385, 1.000000000000000000, 0.9238795325112867385, 1.000000000000000000, 0.9238795325112867385, 1.000000000000000000, 0.9238795325112867385, 1.000000000000000000, 0.9238795325112867385, 1.000000000000000000, 0.9238795325112867385, 1.000000000000000000, 0.9238795325112867385, 1.000000000000000000, 0.9238795325112867385, 1.000000000000000000, 0.9238795325112867385, 1.000000000000000000, 0.9238795325112867385, 1.000000000000000000, 0.9238795325112867385, 1.000000000000000000, 0.9238795325112867385, 1.000000000000000000, 0.9238795325112867385, 1.000000000000000000, 0.9238795325112867385, 1.000000000000000000, 0.9238795325112867385, 1.000000000000000000, 0.9238795325112867385, 1.000000000000000000, 0.9238795325112867385, 1.000000000000000000, 0.9238795325112867385, 1.000000000000000000, 0.9238795325112867385, 1.000000000000000000, 0.9238795325112867385, 1.000000000000000000, 0.9238795325112867385, 1.000000000000000000, 0.9238795325112867385, 1.000000000000000000, 0.9238795325112867385, 1.000000000000000000, 0.9238795325112867385, 1.000000000000000000, 0.9238795325112867385, 1.000000000000000000, 0.9238795325112867385, 1.000000000000000000, 0.9238795325112867385, 1.000000000000000000) ) ) 
 REPRESENTATION_ITEM ( '' )  SURFACE ( )  );
#8964 = CARTESIAN_POINT ( 'NONE',  ( -1.530808498934191571E-16, 69.75000000000000000, -2.500000000000000000 ) ) ;
#8965 = DIRECTION ( 'NONE',  ( -0.9606447433647389289, -0.2777799075629747705, 0.000000000000000000 ) ) ;
#8966 = CARTESIAN_POINT ( 'NONE',  ( 3.041265875000001007, 77.00000000136560629, 1.259733572207477836 ) ) ;
#8967 = CARTESIAN_POINT ( 'NONE',  ( -3.041265874999999230, 64.75000000136559208, 1.259733572207480057 ) ) ;
#8968 = VERTEX_POINT ( 'NONE', #1959 ) ;
#8969 = EDGE_CURVE ( 'NONE', #9038, #1456, #7363, .T. ) ;
#8970 = CARTESIAN_POINT ( 'NONE',  ( 1.767766952966368654, 71.62500000000000000, -1.767766952966369098 ) ) ;
#8971 = CARTESIAN_POINT ( 'NONE',  ( 5.586714778762236360E-16, 64.81250000136559208, 3.041265875000000118 ) ) ;
#8972 = DIRECTION ( 'NONE',  ( -2.771172519036345232E-16, 8.684692346097759303E-17, 1.000000000000000000 ) ) ;
#8973 = DIRECTION ( 'NONE',  ( 0.000000000000000000, -8.773937619163356039E-17, -1.000000000000000000 ) ) ;
#8974 = EDGE_CURVE ( 'NONE', #9850, #501, #5727, .T. ) ;
#8975 = CARTESIAN_POINT ( 'NONE',  ( 3.041265875000001007, 72.00000000136559208, 1.259733572207477836 ) ) ;
#8976 = ORIENTED_EDGE ( 'NONE', *, *, #1068, .T. ) ;
#8977 = EDGE_CURVE ( 'NONE', #9038, #8197, #489, .T. ) ;
#8978 = ORIENTED_EDGE ( 'NONE', *, *, #5058, .T. ) ;
#8979 = AXIS2_PLACEMENT_3D ( 'NONE', #5255, #8410, #2955 ) ;
#8980 = CARTESIAN_POINT ( 'NONE',  ( 2.150499723603739533, 75.06250000136559208, 2.150499723603738644 ) ) ;
#8981 = CARTESIAN_POINT ( 'NONE',  ( 2.150499723603738644, 66.31250000136559208, -2.150499723603739088 ) ) ;
#8982 = VERTEX_POINT ( 'NONE', #4150 ) ;
#8983 = ADVANCED_FACE ( 'NONE', ( #2722 ), #5832, .T. ) ;
#8984 = CARTESIAN_POINT ( 'NONE',  ( -1.259733572207478058, 76.37500000136562051, -3.041265874999999674 ) ) ;
#8985 = CIRCLE ( 'NONE', #202, 7.904347826086998374 ) ;
#8986 = DIRECTION ( 'NONE',  ( 5.551115123125783935E-17, -6.662983475941639612E-17, -1.000000000000000000 ) ) ;
#8987 = CARTESIAN_POINT ( 'NONE',  ( -1.035533905932706222, 74.81250000000000000, -2.500000000000031974 ) ) ;
#8988 = CARTESIAN_POINT ( 'NONE',  ( -5.780909189721798569, 97.39342322306403332, 68.00000000000000000 ) ) ;
#8989 = FACE_OUTER_BOUND ( 'NONE', #6303, .T. ) ;
#8990 = CARTESIAN_POINT ( 'NONE',  ( 2.500000000000000000, 72.50000000000001421, -3.061616997868383141E-16 ) ) ;
#8991 = ORIENTED_EDGE ( 'NONE', *, *, #5521, .F. ) ;
#8992 = ORIENTED_EDGE ( 'NONE', *, *, #3988, .T. ) ;
#8993 = DIRECTION ( 'NONE',  ( 0.000000000000000000, 1.000000000000000000, 0.000000000000000000 ) ) ;
#8994 = CARTESIAN_POINT ( 'NONE',  ( 1.259733572207478058, 74.37500000136560629, -3.041265874999999674 ) ) ;
#8995 = CARTESIAN_POINT ( 'NONE',  ( 2.120015041301502201, 106.5765466970882329, 20.29999999999999716 ) ) ;
#8996 = CARTESIAN_POINT ( 'NONE',  ( 11.00000000000001421, 93.12500000000001421, 2.168404344971008868E-15 ) ) ;
#8997 = ORIENTED_EDGE ( 'NONE', *, *, #5405, .T. ) ;
#8998 = CARTESIAN_POINT ( 'NONE',  ( 10.50000000000001421, 79.25000000000001421, -20.00000000000000711 ) ) ;
#8999 = LINE ( 'NONE', #3641, #7218 ) ;
#9000 = DIRECTION ( 'NONE',  ( 0.1686327580348039867, -0.9856789502254653668, 1.323342308348631320E-16 ) ) ;
#9001 = TOROIDAL_SURFACE ( 'NONE', #3629, 8.800000000000000711, 0.2000000000000350109 ) ;
#9002 = VERTEX_POINT ( 'NONE', #2617 ) ;
#9003 = VERTEX_POINT ( 'NONE', #8885 ) ;
#9004 = VECTOR ( 'NONE', #10072, 1000.000000000000000 ) ;
#9005 = CARTESIAN_POINT ( 'NONE',  ( -1.035533905932727539, 77.06250000273118417, -2.500000000000011102 ) ) ;
#9006 = CARTESIAN_POINT ( 'NONE',  ( 3.061616997868383141E-16, 80.00000000000000000, -2.500000000000000000 ) ) ;
#9007 = DIRECTION ( 'NONE',  ( -8.011868568650901149E-32, 1.000000000000000000, 8.573297140604716138E-17 ) ) ;
#9008 = DIRECTION ( 'NONE',  ( 0.000000000000000000, -1.000000000000000000, 0.000000000000000000 ) ) ;
#9009 = EDGE_CURVE ( 'NONE', #3680, #1497, #278, .T. ) ;
#9010 = EDGE_LOOP ( 'NONE', ( #9523, #2686, #8584, #1976 ) ) ;
#9011 = DIRECTION ( 'NONE',  ( 2.501589552824417682E-12, 9.460304020253028666E-28, 1.000000000000000000 ) ) ;
#9012 = CARTESIAN_POINT ( 'NONE',  ( -1.530808498934191571E-16, 77.00000000273118417, -2.500000000000000000 ) ) ;
#9013 = CARTESIAN_POINT ( 'NONE',  ( 3.041265875000000118, 74.06250000136559208, -3.724476519174824240E-16 ) ) ;
#9014 = ORIENTED_EDGE ( 'NONE', *, *, #1940, .T. ) ;
#9015 = EDGE_CURVE ( 'NONE', #7527, #6596, #1151, .T. ) ;
#9016 = CARTESIAN_POINT ( 'NONE',  ( 1.091613018333621279E-14, 99.00000000000001421, 19.20000000000001350 ) ) ;
#9017 =( BOUNDED_CURVE ( )  B_SPLINE_CURVE ( 2, ( #5300, #8408, #3, #6774, #1433, #9877, #8457, #7641, #2292 ),
 .UNSPECIFIED., .F., .T. ) 
 B_SPLINE_CURVE_WITH_KNOTS ( ( 3, 2, 2, 2, 3 ),
 ( 0.6166666666666662522, 0.6249999999999995559, 0.6333333333333328596, 0.6416666666666663854, 0.6499999999999996891 ),
 .UNSPECIFIED. ) 
 CURVE ( )  GEOMETRIC_REPRESENTATION_ITEM ( )  RATIONAL_B_SPLINE_CURVE ( ( 1.000000000000003997, 0.9238795325112826307, 1.000000000000000000, 0.9238795325112867385, 1.000000000000000000, 0.9238795325112867385, 1.000000000000000000, 0.9238795325112897361, 0.9999999999999970024 ) ) 
 REPRESENTATION_ITEM ( '' )  );
#9018 = CARTESIAN_POINT ( 'NONE',  ( -5.909918255857107283, 95.47777489434461984, 21.39999999999999503 ) ) ;
#9019 = CARTESIAN_POINT ( 'NONE',  ( 3.698209825012964128E-14, 99.00000000000001421, -16.29999999999999716 ) ) ;
#9020 = CARTESIAN_POINT ( 'NONE',  ( 1.502675769036313010E-14, 98.99999999999998579, -20.30000000000001137 ) ) ;
#9021 = CARTESIAN_POINT ( 'NONE',  ( -1.767766952966369098, 76.12500000273118417, -1.767766952966369098 ) ) ;
#9022 = CARTESIAN_POINT ( 'NONE',  ( -3.041265874999999230, 70.62500000136559208, 1.259733572207480057 ) ) ;
#9023 = VERTEX_POINT ( 'NONE', #434 ) ;
#9024 = AXIS2_PLACEMENT_3D ( 'NONE', #8122, #1958, #5072 ) ;
#9025 = EDGE_LOOP ( 'NONE', ( #5402, #1574, #9125, #7063 ) ) ;
#9026 = CARTESIAN_POINT ( 'NONE',  ( -2.150499723603738200, 75.81250000136559208, 2.150499723603739533 ) ) ;
#9027 = CARTESIAN_POINT ( 'NONE',  ( -2.150499723603739088, 68.56250000136560629, -2.150499723603739088 ) ) ;
#9028 = VERTEX_POINT ( 'NONE', #6646 ) ;
#9029 = EDGE_CURVE ( 'NONE', #2914, #6206, #4919, .T. ) ;
#9030 = EDGE_CURVE ( 'NONE', #1523, #7595, #7257, .T. ) ;
#9031 = CARTESIAN_POINT ( 'NONE',  ( 3.041265874999999674, 74.12500000136559208, -1.259733572207478280 ) ) ;
#9032 = FACE_BOUND ( 'NONE', #9447, .T. ) ;
#9033 = DIRECTION ( 'NONE',  ( 0.4999999999978309573, 1.942890293085820778E-16, -0.8660254037856909282 ) ) ;
#9034 = CARTESIAN_POINT ( 'NONE',  ( 10.50000000000001421, 80.50000000000002842, 14.99999999999999467 ) ) ;
#9035 = EDGE_CURVE ( 'NONE', #8313, #1088, #2918, .T. ) ;
#9036 = CARTESIAN_POINT ( 'NONE',  ( 1.767766952966368654, 73.62500000000000000, -1.767766952966369098 ) ) ;
#9037 = VERTEX_POINT ( 'NONE', #9113 ) ;
#9038 = VERTEX_POINT ( 'NONE', #9166 ) ;
#9039 = CIRCLE ( 'NONE', #7254, 6.850000000000000533 ) ;
#9040 = CARTESIAN_POINT ( 'NONE',  ( -1.035533905932758847, 67.06250000273118417, -2.499999999999979128 ) ) ;
#9041 = CARTESIAN_POINT ( 'NONE',  ( -1.862238259587412120E-16, 73.43750000136559208, -3.041265875000000118 ) ) ;
#9042 = SHAPE_DEFINITION_REPRESENTATION ( #605, #4454 ) ;
#9043 = CARTESIAN_POINT ( 'NONE',  ( -9.704222089672851936, 99.04940004031850265, -20.30000000000000426 ) ) ;
#9044 = DIRECTION ( 'NONE',  ( 1.665334536937734318E-16, -4.229157726022816087E-17, -1.000000000000000000 ) ) ;
#9045 = ORIENTED_EDGE ( 'NONE', *, *, #7357, .T. ) ;
#9046 = CARTESIAN_POINT ( 'NONE',  ( 4.144650863863736490, 96.57887026025579758, -20.30000000000000071 ) ) ;
#9047 = CARTESIAN_POINT ( 'NONE',  ( 1.144903723515628919E-14, 99.00000000000001421, 16.00000000000000711 ) ) ;
#9048 = VECTOR ( 'NONE', #9191, 1000.000000000000114 ) ;
#9049 = CARTESIAN_POINT ( 'NONE',  ( 1.943048590659658729E-14, 99.00000000000002842, 21.39999999999999858 ) ) ;
#9050 = ORIENTED_EDGE ( 'NONE', *, *, #9765, .T. ) ;
#9051 = ORIENTED_EDGE ( 'NONE', *, *, #1298, .F. ) ;
#9052 = CARTESIAN_POINT ( 'NONE',  ( 3.968626966596887851, 0.000000000000000000, 4.500000000000000000 ) ) ;
#9053 = AXIS2_PLACEMENT_3D ( 'NONE', #1436, #4535, #3870 ) ;
#9054 = CIRCLE ( 'NONE', #6134, 6.199999967901916875 ) ;
#9055 = PLANE ( 'NONE',  #9793 ) ;
#9056 = DIRECTION ( 'NONE',  ( 0.000000000000000000, 0.000000000000000000, -1.000000000000000000 ) ) ;
#9057 = ORIENTED_EDGE ( 'NONE', *, *, #556, .F. ) ;
#9058 = DIRECTION ( 'NONE',  ( 0.000000000000000000, 0.000000000000000000, 1.000000000000000000 ) ) ;
#9059 = CARTESIAN_POINT ( 'NONE',  ( 7.131123395589919234E-12, 83.55000000000002558, 2.849999999999996980 ) ) ;
#9060 = CARTESIAN_POINT ( 'NONE',  ( -9.366286247806167253, 96.29164590126100620, -20.00000000000000000 ) ) ;
#9061 = CARTESIAN_POINT ( 'NONE',  ( -2.150499723603738200, 73.68750000136559208, 2.150499723603739533 ) ) ;
#9062 = CIRCLE ( 'NONE', #4674, 2.500000000000000000 ) ;
#9063 = ORIENTED_EDGE ( 'NONE', *, *, #6478, .F. ) ;
#9064 = VECTOR ( 'NONE', #3018, 1000.000000000000114 ) ;
#9065 = EDGE_CURVE ( 'NONE', #8016, #4758, #2187, .T. ) ;
#9066 = CARTESIAN_POINT ( 'NONE',  ( -2.708354098738974258, 108.3662862478062294, -20.00000000000000355 ) ) ;
#9067 = DIRECTION ( 'NONE',  ( 0.000000000000000000, 0.000000000000000000, 1.000000000000000000 ) ) ;
#9068 = DIRECTION ( 'NONE',  ( 5.551115123125783935E-17, -6.662983475941639612E-17, -1.000000000000000000 ) ) ;
#9069 = CYLINDRICAL_SURFACE ( 'NONE', #10036, 4.799999999999998046 ) ;
#9070 = DIRECTION ( 'NONE',  ( -0.000000000000000000, 1.000000000000000000, 0.000000000000000000 ) ) ;
#9071 = CARTESIAN_POINT ( 'NONE',  ( -1.530808498934191571E-16, 79.00000000273118417, -2.500000000000000000 ) ) ;
#9072 = VECTOR ( 'NONE', #8148, 1000.000000000000000 ) ;
#9073 = CARTESIAN_POINT ( 'NONE',  ( 3.041265875000000563, 72.12500000136559208, -1.259733572207478502 ) ) ;
#9074 = VERTEX_POINT ( 'NONE', #4531 ) ;
#9075 = VECTOR ( 'NONE', #7688, 1000.000000000000114 ) ;
#9076 = ORIENTED_EDGE ( 'NONE', *, *, #6424, .F. ) ;
#9077 = CARTESIAN_POINT ( 'NONE',  ( -3.041265874999999230, 77.75000000136560629, 1.259733572207480057 ) ) ;
#9078 = CARTESIAN_POINT ( 'NONE',  ( 5.586714778762236360E-16, 68.93750000136560629, 3.041265875000000118 ) ) ;
#9079 = ORIENTED_EDGE ( 'NONE', *, *, #8322, .T. ) ;
#9080 = CARTESIAN_POINT ( 'NONE',  ( -1.259733572207478058, 74.37500000136560629, -3.041265874999999674 ) ) ;
#9081 = CARTESIAN_POINT ( 'NONE',  ( 0.2393002419775647482, 80.00000000000002842, 3.040597867885447503 ) ) ;
#9082 = DIRECTION ( 'NONE',  ( -2.771172519036345232E-16, 8.684692346097759303E-17, 1.000000000000000000 ) ) ;
#9083 = CARTESIAN_POINT ( 'NONE',  ( 11.00000000000001421, 99.00000000000001421, -15.50000000000000355 ) ) ;
#9084 = CARTESIAN_POINT ( 'NONE',  ( 4.592425496802573972E-16, 72.25000000000001421, 2.500000000000000000 ) ) ;
#9085 = ORIENTED_EDGE ( 'NONE', *, *, #3730, .T. ) ;
#9086 = ORIENTED_EDGE ( 'NONE', *, *, #7138, .T. ) ;
#9087 = CARTESIAN_POINT ( 'NONE',  ( -10.99999999999998401, 110.0000000000000142, 14.99999999999999289 ) ) ;
#9088 = CARTESIAN_POINT ( 'NONE',  ( -1.259733572207478058, 73.50000000136560629, -3.041265874999999674 ) ) ;
#9089 = EDGE_CURVE ( 'NONE', #4944, #4613, #7691, .T. ) ;
#9090 =( BOUNDED_CURVE ( )  B_SPLINE_CURVE ( 2, ( #552, #9964, #9102, #2989, #2224, #2793, #2123, #5138, #5342 ),
 .UNSPECIFIED., .F., .T. ) 
 B_SPLINE_CURVE_WITH_KNOTS ( ( 3, 2, 2, 2, 3 ),
 ( 0.1833333333333334869, 0.1916666666666668462, 0.2000000000000001776, 0.2083333333333335091, 0.2166666666666668406 ),
 .UNSPECIFIED. ) 
 CURVE ( )  GEOMETRIC_REPRESENTATION_ITEM ( )  RATIONAL_B_SPLINE_CURVE ( ( 0.9999999999999984457, 0.9238795325112882928, 1.000000000000000000, 0.9238795325112867385, 1.000000000000000000, 0.9238795325112867385, 1.000000000000000000, 0.9238795325112851842, 1.000000000000001554 ) ) 
 REPRESENTATION_ITEM ( '' )  );
#9091 = CARTESIAN_POINT ( 'NONE',  ( 1.561251128379126385E-14, 99.00000000000001421, 19.99999999999999645 ) ) ;
#9092 = CARTESIAN_POINT ( 'NONE',  ( -4.169085292408306387, 96.62119193194901356, -21.40000000000000213 ) ) ;
#9093 = VERTEX_POINT ( 'NONE', #3003 ) ;
#9094 = LINE ( 'NONE', #9905, #5826 ) ;
#9095 = EDGE_CURVE ( 'NONE', #437, #4161, #8356, .T. ) ;
#9096 = CARTESIAN_POINT ( 'NONE',  ( -7.804227406124420341, 96.83112135113643149, 16.30000000000000426 ) ) ;
#9097 = EDGE_CURVE ( 'NONE', #5632, #4318, #5354, .T. ) ;
#9098 = AXIS2_PLACEMENT_3D ( 'NONE', #7770, #948, #3279 ) ;
#9099 = CYLINDRICAL_SURFACE ( 'NONE', #7739, 6.099999999999997868 ) ;
#9100 = EDGE_LOOP ( 'NONE', ( #8787, #8872 ) ) ;
#9101 = EDGE_LOOP ( 'NONE', ( #2644, #5577, #271, #1301 ) ) ;
#9102 = CARTESIAN_POINT ( 'NONE',  ( -1.767766952966368432, 77.12500000000000000, 1.767766952966369320 ) ) ;
#9103 = DIRECTION ( 'NONE',  ( -8.011868568650901149E-32, 1.000000000000000000, -8.773937619163357272E-17 ) ) ;
#9104 = DIRECTION ( 'NONE',  ( -3.885780586188047891E-16, 1.065500303100115213E-16, 1.000000000000000000 ) ) ;
#9105 = VECTOR ( 'NONE', #4019, 1000.000000000000000 ) ;
#9106 = ORIENTED_EDGE ( 'NONE', *, *, #7606, .T. ) ;
#9107 = DIRECTION ( 'NONE',  ( 0.9634848649536335019, 0.2677627961559977399, 0.000000000000000000 ) ) ;
#9108 = FACE_OUTER_BOUND ( 'NONE', #5188, .T. ) ;
#9109 = CARTESIAN_POINT ( 'NONE',  ( 2.150499723603739533, 73.93750000136559208, 2.150499723603738644 ) ) ;
#9110 = CIRCLE ( 'NONE', #661, 1.024434782608708572 ) ;
#9111 = ORIENTED_EDGE ( 'NONE', *, *, #1761, .F. ) ;
#9112 = CARTESIAN_POINT ( 'NONE',  ( 2.150499723603739533, 78.06250000136559208, 2.150499723603738644 ) ) ;
#9113 = CARTESIAN_POINT ( 'NONE',  ( 0.5773502691921315044, 82.51000000000003354, 0.9999999999985562660 ) ) ;
#9114 = DIRECTION ( 'NONE',  ( -3.885780586188047891E-16, 1.065500303100115213E-16, 1.000000000000000000 ) ) ;
#9115 = CARTESIAN_POINT ( 'NONE',  ( 1.259733572207478058, 65.25000000136559208, -3.041265874999999674 ) ) ;
#9116 = FACE_OUTER_BOUND ( 'NONE', #5090, .T. ) ;
#9117 = CYLINDRICAL_SURFACE ( 'NONE', #5808, 8.099999999999999645 ) ;
#9118 = CARTESIAN_POINT ( 'NONE',  ( -2.500000000000000000, 75.25000000273118417, 0.000000000000000000 ) ) ;
#9119 = CARTESIAN_POINT ( 'NONE',  ( 1.259733572207479835, 65.87500000136559208, 3.041265874999999230 ) ) ;
#9120 = LOCAL_TIME ( 5, 30, 20.00000000000000000, #8742 ) ;
#9121 = ORIENTED_EDGE ( 'NONE', *, *, #7488, .T. ) ;
#9122 = CIRCLE ( 'NONE', #1646, 1.024434782608709904 ) ;
#9123 = CARTESIAN_POINT ( 'NONE',  ( 3.041265874999999674, 72.25000000136559208, -1.259733572207478280 ) ) ;
#9124 = CARTESIAN_POINT ( 'NONE',  ( 2.150499723603738644, 69.31250000136560629, -2.150499723603739088 ) ) ;
#9125 = ORIENTED_EDGE ( 'NONE', *, *, #6213, .T. ) ;
#9126 = AXIS2_PLACEMENT_3D ( 'NONE', #6726, #2853, #3512 ) ;
#9127 = CARTESIAN_POINT ( 'NONE',  ( -3.041265874999999674, 76.50000000136560629, -1.259733572207478058 ) ) ;
#9128 = CARTESIAN_POINT ( 'NONE',  ( 0.000000000000000000, 70.00000000000000000, 0.000000000000000000 ) ) ;
#9129 = DIRECTION ( 'NONE',  ( -1.769079107122222838E-12, 0.7071067811865441310, -0.7071067811865507924 ) ) ;
#9130 = ADVANCED_FACE ( 'NONE', ( #4584 ), #6343, .T. ) ;
#9131 = AXIS2_PLACEMENT_3D ( 'NONE', #3556, #304, #6565 ) ;
#9132 = CARTESIAN_POINT ( 'NONE',  ( 5.973606162712538747, 100.6601293361672020, 19.79999999999997584 ) ) ;
#9133 = CARTESIAN_POINT ( 'NONE',  ( 0.000000000000000000, 70.00000000000000000, 0.000000000000000000 ) ) ;
#9134 = CIRCLE ( 'NONE', #8490, 6.000000000000000888 ) ;
#9135 = CARTESIAN_POINT ( 'NONE',  ( -1.767766952966369098, 73.87500000000000000, -1.767766952966369098 ) ) ;
#9136 = VERTEX_POINT ( 'NONE', #8407 ) ;
#9137 = ORIENTED_EDGE ( 'NONE', *, *, #8883, .F. ) ;
#9138 = AXIS2_PLACEMENT_3D ( 'NONE', #9300, #5678, #3280 ) ;
#9139 = DIRECTION ( 'NONE',  ( -0.4888958147463144388, -0.8723421819008509992, -1.855174205273595067E-16 ) ) ;
#9140 = ADVANCED_FACE ( 'NONE', ( #1432, #1483 ), #2291, .F. ) ;
#9141 = AXIS2_PLACEMENT_3D ( 'NONE', #3697, #8445, #6813 ) ;
#9142 = CARTESIAN_POINT ( 'NONE',  ( -1.259733572207478058, 74.50000000136560629, -3.041265874999999674 ) ) ;
#9143 = CARTESIAN_POINT ( 'NONE',  ( 2.500000000000000444, 77.68750000273119838, 1.035533905932737309 ) ) ;
#9144 = DIRECTION ( 'NONE',  ( -0.9606447433647389289, -0.2777799075629747705, 0.000000000000000000 ) ) ;
#9145 = EDGE_LOOP ( 'NONE', ( #402, #5849, #9987, #8282 ) ) ;
#9146 = LINE ( 'NONE', #2216, #2390 ) ;
#9147 = DIRECTION ( 'NONE',  ( 0.000000000000000000, -0.000000000000000000, 1.000000000000000000 ) ) ;
#9148 = DIRECTION ( 'NONE',  ( 2.771172519036345232E-16, -8.684692346097759303E-17, -1.000000000000000000 ) ) ;
#9149 = VERTEX_POINT ( 'NONE', #8253 ) ;
#9150 = EDGE_LOOP ( 'NONE', ( #1782, #2844, #198, #3743 ) ) ;
#9151 = ADVANCED_FACE ( 'NONE', ( #3053 ), #9977, .T. ) ;
#9152 = CARTESIAN_POINT ( 'NONE',  ( 7.781222421254421207, 101.2500172512601182, -16.29999999999999716 ) ) ;
#9153 = EDGE_CURVE ( 'NONE', #9826, #3650, #7490, .T. ) ;
#9154 = DIRECTION ( 'NONE',  ( -1.000000000000000000, 0.000000000000000000, 0.000000000000000000 ) ) ;
#9155 = FACE_OUTER_BOUND ( 'NONE', #8897, .T. ) ;
#9156 = EDGE_LOOP ( 'NONE', ( #7012, #5263, #1532, #4015 ) ) ;
#9157 = CARTESIAN_POINT ( 'NONE',  ( -2.500000000000000444, 79.93750000000001421, -1.035533905932737753 ) ) ;
#9158 = CARTESIAN_POINT ( 'NONE',  ( 1.767766952966369320, 65.37500000000000000, 1.767766952966368654 ) ) ;
#9159 = CARTESIAN_POINT ( 'NONE',  ( -1.530808498934191571E-16, 66.00000000273119838, -2.500000000000000000 ) ) ;
#9160 = CARTESIAN_POINT ( 'NONE',  ( -1.259733572207478058, 74.37500000136560629, -3.041265874999999674 ) ) ;
#9161 = EDGE_CURVE ( 'NONE', #119, #7436, #6195, .T. ) ;
#9162 = DIRECTION ( 'NONE',  ( -0.000000000000000000, -1.000000000000000000, -0.000000000000000000 ) ) ;
#9163 = AXIS2_PLACEMENT_3D ( 'NONE', #3961, #1673, #145 ) ;
#9164 = VERTEX_POINT ( 'NONE', #3613 ) ;
#9165 = CARTESIAN_POINT ( 'NONE',  ( 5.586714778762236360E-16, 73.93750000136559208, 3.041265875000000118 ) ) ;
#9166 = CARTESIAN_POINT ( 'NONE',  ( 9.750000000000015987, 99.00000000000001421, 19.20000000000000639 ) ) ;
#9167 = DIRECTION ( 'NONE',  ( -3.654459117618455439E-16, 1.199456548643360156E-16, 1.000000000000000000 ) ) ;
#9168 = CYLINDRICAL_SURFACE ( 'NONE', #8471, 9.750000000000001776 ) ;
#9169 = CYLINDRICAL_SURFACE ( 'NONE', #3363, 2.499999999999998668 ) ;
#9170 = CARTESIAN_POINT ( 'NONE',  ( -1.530808498934191571E-16, 75.00000000273118417, -2.500000000000000000 ) ) ;
#9171 = CARTESIAN_POINT ( 'NONE',  ( 2.500000000000000444, 75.81250000273119838, -1.035533905932737975 ) ) ;
#9172 = CARTESIAN_POINT ( 'NONE',  ( -2.150499723603739088, 65.43750000136559208, -2.150499723603739088 ) ) ;
#9173 = ORIENTED_EDGE ( 'NONE', *, *, #4597, .F. ) ;
#9174 =( BOUNDED_CURVE ( )  B_SPLINE_CURVE ( 2, ( #2808, #7447, #8256, #5205, #3514, #520, #6629, #9786, #5915 ),
 .UNSPECIFIED., .F., .T. ) 
 B_SPLINE_CURVE_WITH_KNOTS ( ( 3, 2, 2, 2, 3 ),
 ( 0.7499999999999997780, 0.7583333333333330817, 0.7666666666666664964, 0.7749999999999998002, 0.7833333333333331039 ),
 .UNSPECIFIED. ) 
 CURVE ( )  GEOMETRIC_REPRESENTATION_ITEM ( )  RATIONAL_B_SPLINE_CURVE ( ( 1.000000000000001998, 0.9238795325112847401, 1.000000000000000000, 0.9238795325112867385, 1.000000000000000000, 0.9238795325112867385, 1.000000000000000000, 0.9238795325112887369, 0.9999999999999980016 ) ) 
 REPRESENTATION_ITEM ( '' )  );
#9175 = CARTESIAN_POINT ( 'NONE',  ( 2.150499723603739533, 71.06250000136560629, 2.150499723603738644 ) ) ;
#9176 = EDGE_LOOP ( 'NONE', ( #3645, #8104 ) ) ;
#9177 = ORIENTED_EDGE ( 'NONE', *, *, #1570, .F. ) ;
#9178 = CARTESIAN_POINT ( 'NONE',  ( 3.041265875000001007, 72.00000000136559208, 1.259733572207477836 ) ) ;
#9179 = LINE ( 'NONE', #7655, #1907 ) ;
#9180 = AXIS2_PLACEMENT_3D ( 'NONE', #1657, #227, #176 ) ;
#9181 = CARTESIAN_POINT ( 'NONE',  ( 2.150499723603738644, 77.18750000136559208, -2.150499723603739088 ) ) ;
#9182 = CARTESIAN_POINT ( 'NONE',  ( 9.000000000000014211, 99.00000000000001421, 20.00000000000000000 ) ) ;
#9183 = FACE_OUTER_BOUND ( 'NONE', #9278, .T. ) ;
#9184 = CARTESIAN_POINT ( 'NONE',  ( 4.592425496802573972E-16, 68.25000000000000000, 2.500000000000000000 ) ) ;
#9185 = ORIENTED_EDGE ( 'NONE', *, *, #9030, .T. ) ;
#9186 = VERTEX_POINT ( 'NONE', #7638 ) ;
#9187 = DIRECTION ( 'NONE',  ( 0.8723421819008509992, -0.4888958147463144388, 3.473137494231631459E-16 ) ) ;
#9188 = ADVANCED_FACE ( 'NONE', ( #9828, #2852 ), #5959, .F. ) ;
#9189 = CARTESIAN_POINT ( 'NONE',  ( -1.862238259587412120E-16, 71.43750000136559208, -3.041265875000000118 ) ) ;
#9190 = CYLINDRICAL_SURFACE ( 'NONE', #2143, 2.500000000000000000 ) ;
#9191 = DIRECTION ( 'NONE',  ( -0.07845909572535174348, -3.048748309797010064E-17, 0.9969173337333242513 ) ) ;
#9192 = CYLINDRICAL_SURFACE ( 'NONE', #9611, 4.799999999999999822 ) ;
#9193 = ORIENTED_EDGE ( 'NONE', *, *, #576, .T. ) ;
#9194 = DIRECTION ( 'NONE',  ( -1.000000000000000000, 0.000000000000000000, -0.000000000000000000 ) ) ;
#9195 = LINE ( 'NONE', #4616, #175 ) ;
#9196 = AXIS2_PLACEMENT_3D ( 'NONE', #7242, #3158, #7141 ) ;
#9197 = DIRECTION ( 'NONE',  ( -3.885780586188047891E-16, 1.000000000000000000, 2.603240987229339518E-29 ) ) ;
#9198 = ORIENTED_EDGE ( 'NONE', *, *, #6365, .T. ) ;
#9199 = VERTEX_POINT ( 'NONE', #4432 ) ;
#9200 = ORIENTED_EDGE ( 'NONE', *, *, #2356, .T. ) ;
#9201 = CIRCLE ( 'NONE', #6608, 8.800000000000002487 ) ;
#9202 = LINE ( 'NONE', #2124, #6059 ) ;
#9203 = CARTESIAN_POINT ( 'NONE',  ( 1.767766952966369320, 68.62500000273119838, 1.767766952966368654 ) ) ;
#9204 = VERTEX_POINT ( 'NONE', #8304 ) ;
#9205 = CARTESIAN_POINT ( 'NONE',  ( 4.592425496802573972E-16, 69.25000000000000000, 2.500000000000000000 ) ) ;
#9206 = DIRECTION ( 'NONE',  ( 3.885780586188047398E-16, -1.000000000000000000, -2.603240987229321021E-29 ) ) ;
#9207 = CARTESIAN_POINT ( 'NONE',  ( -2.150499723603738200, 72.68750000136559208, 2.150499723603739533 ) ) ;
#9208 = ADVANCED_FACE ( 'NONE', ( #7540 ), #563, .F. ) ;
#9209 = CARTESIAN_POINT ( 'NONE',  ( 0.000000000000000000, 70.00000000000000000, 2.500000000000000000 ) ) ;
#9210 = ORIENTED_EDGE ( 'NONE', *, *, #3367, .T. ) ;
#9211 = VECTOR ( 'NONE', #4407, 1000.000000000000000 ) ;
#9212 = CARTESIAN_POINT ( 'NONE',  ( -3.041265874999999230, 75.75000000136560629, 1.259733572207480057 ) ) ;
#9213 = AXIS2_PLACEMENT_3D ( 'NONE', #9438, #1860, #995 ) ;
#9214 = CARTESIAN_POINT ( 'NONE',  ( -10.99999999999998401, 80.00000000000001421, 4.999999999999999112 ) ) ;
#9215 = DIRECTION ( 'NONE',  ( 0.7071067811865470176, 2.115328343729170032E-17, 0.7071067811865480168 ) ) ;
#9216 = DIRECTION ( 'NONE',  ( -8.011868568650901149E-32, 1.000000000000000000, -8.773937619163357272E-17 ) ) ;
#9217 = DIRECTION ( 'NONE',  ( -0.000000000000000000, -1.000000000000000000, -0.000000000000000000 ) ) ;
#9218 = ADVANCED_FACE ( 'NONE', ( #4477 ), #2904, .F. ) ;
#9219 = CARTESIAN_POINT ( 'NONE',  ( 3.985202476878567978E-14, 99.00000000000001421, -67.99999999999998579 ) ) ;
#9220 = CARTESIAN_POINT ( 'NONE',  ( -1.035533905932737753, 78.06250000273118417, -2.500000000000000444 ) ) ;
#9221 = CARTESIAN_POINT ( 'NONE',  ( 2.150499723603738644, 67.18750000136560629, -2.150499723603739088 ) ) ;
#9222 = VERTEX_POINT ( 'NONE', #8557 ) ;
#9223 = EDGE_CURVE ( 'NONE', #4136, #9826, #151, .T. ) ;
#9224 = VECTOR ( 'NONE', #9632, 1000.000000000000227 ) ;
#9225 = AXIS2_PLACEMENT_3D ( 'NONE', #2078, #1421, #653 ) ;
#9226 = ADVANCED_FACE ( 'NONE', ( #3250, #816 ), #3146, .T. ) ;
#9227 = CARTESIAN_POINT ( 'NONE',  ( -3.041265874999999674, 73.62500000136559208, -1.259733572207478058 ) ) ;
#9228 = ORIENTED_EDGE ( 'NONE', *, *, #7213, .F. ) ;
#9229 = VERTEX_POINT ( 'NONE', #8607 ) ;
#9230 = CARTESIAN_POINT ( 'NONE',  ( -3.041265874999999674, 72.50000000136559208, -1.259733572207478058 ) ) ;
#9231 = VECTOR ( 'NONE', #2845, 1000.000000000000114 ) ;
#9232 = FACE_OUTER_BOUND ( 'NONE', #6076, .T. ) ;
#9233 = VECTOR ( 'NONE', #560, 1000.000000000000000 ) ;
#9234 = AXIS2_PLACEMENT_3D ( 'NONE', #8432, #1457, #7666 ) ;
#9235 = CARTESIAN_POINT ( 'NONE',  ( -1.218713474383135154, 103.6427079885942675, -20.30000000000000071 ) ) ;
#9236 = DIRECTION ( 'NONE',  ( -1.665334536937734071E-16, 4.229157726022815470E-17, 1.000000000000000000 ) ) ;
#9237 = DIRECTION ( 'NONE',  ( 0.000000000000000000, 0.000000000000000000, 1.000000000000000000 ) ) ;
#9238 = AXIS2_PLACEMENT_3D ( 'NONE', #4827, #293, #8644 ) ;
#9239 = CARTESIAN_POINT ( 'NONE',  ( -1.767766952966368432, 68.12500000000000000, 1.767766952966369320 ) ) ;
#9240 = ORIENTED_EDGE ( 'NONE', *, *, #876, .T. ) ;
#9241 = ORIENTED_EDGE ( 'NONE', *, *, #4055, .F. ) ;
#9242 = CARTESIAN_POINT ( 'NONE',  ( 2.933374888477884745, 104.2340530914051016, 22.49999999999998579 ) ) ;
#9243 = CARTESIAN_POINT ( 'NONE',  ( -1.259733572207478502, 66.87500000136559208, 3.041265874999999230 ) ) ;
#9244 = DIRECTION ( 'NONE',  ( 0.000000000000000000, 0.000000000000000000, 1.000000000000000000 ) ) ;
#9245 = DIRECTION ( 'NONE',  ( 3.885780586188047891E-16, -1.065500303100115213E-16, -1.000000000000000000 ) ) ;
#9246 = DIRECTION ( 'NONE',  ( 3.885780586188047891E-16, -1.000000000000000000, -2.603240987229339518E-29 ) ) ;
#9247 = EDGE_LOOP ( 'NONE', ( #1781, #6368, #2522, #6940 ) ) ;
#9248 = DIRECTION ( 'NONE',  ( -3.654459117618455439E-16, 1.199456548643360156E-16, 1.000000000000000000 ) ) ;
#9249 = CARTESIAN_POINT ( 'NONE',  ( -1.767766952966368432, 74.12500000000000000, 1.767766952966369320 ) ) ;
#9250 = EDGE_CURVE ( 'NONE', #2704, #2563, #5699, .T. ) ;
#9251 = DIRECTION ( 'NONE',  ( 0.000000000000000000, 8.773937619163356039E-17, 1.000000000000000000 ) ) ;
#9252 = VERTEX_POINT ( 'NONE', #50 ) ;
#9253 = ORIENTED_EDGE ( 'NONE', *, *, #4838, .F. ) ;
#9254 = EDGE_LOOP ( 'NONE', ( #662, #4314, #5452, #6256 ) ) ;
#9255 = CARTESIAN_POINT ( 'NONE',  ( -1.767766952966368432, 79.12500000000000000, 1.767766952966369320 ) ) ;
#9256 = LINE ( 'NONE', #6053, #2626 ) ;
#9257 = CARTESIAN_POINT ( 'NONE',  ( -1.767766952966369098, 70.12500000273119838, -1.767766952966369098 ) ) ;
#9258 = ORIENTED_EDGE ( 'NONE', *, *, #8284, .T. ) ;
#9259 = CARTESIAN_POINT ( 'NONE',  ( -2.933374888477879416, 93.76594690859488423, 20.29999999999998295 ) ) ;
#9260 = CARTESIAN_POINT ( 'NONE',  ( 3.697654713500652686E-14, 99.00000000000001421, -16.20000000000003837 ) ) ;
#9261 = EDGE_CURVE ( 'NONE', #1456, #4067, #4397, .T. ) ;
#9262 = CARTESIAN_POINT ( 'NONE',  ( 5.586714778762236360E-16, 68.81250000136560629, 3.041265875000000118 ) ) ;
#9263 = FACE_OUTER_BOUND ( 'NONE', #9663, .T. ) ;
#9264 = EDGE_LOOP ( 'NONE', ( #7131, #3572, #1872, #8448 ) ) ;
#9265 = VERTEX_POINT ( 'NONE', #4638 ) ;
#9266 = CARTESIAN_POINT ( 'NONE',  ( -1.862238259587412120E-16, 74.43750000136559208, -3.041265875000000118 ) ) ;
#9267 = DIRECTION ( 'NONE',  ( 0.000000000000000000, -8.773937619163356039E-17, -1.000000000000000000 ) ) ;
#9268 = AXIS2_PLACEMENT_3D ( 'NONE', #894, #7817, #9394 ) ;
#9269 = CARTESIAN_POINT ( 'NONE',  ( 4.592425496802573972E-16, 76.50000000273118417, 2.500000000000000000 ) ) ;
#9270 = DIRECTION ( 'NONE',  ( 1.000000000000000000, 0.000000000000000000, 0.000000000000000000 ) ) ;
#9271 = LINE ( 'NONE', #6983, #9942 ) ;
#9272 = CARTESIAN_POINT ( 'NONE',  ( -1.767766952966369098, 72.87500000000000000, -1.767766952966369098 ) ) ;
#9273 = CARTESIAN_POINT ( 'NONE',  ( 2.500000000000000000, 71.75000000273118417, -3.061616997868383141E-16 ) ) ;
#9274 = CARTESIAN_POINT ( 'NONE',  ( 2.150499723603739533, 65.93750000136559208, 2.150499723603738644 ) ) ;
#9275 = AXIS2_PLACEMENT_3D ( 'NONE', #97, #3197, #970 ) ;
#9276 = CARTESIAN_POINT ( 'NONE',  ( 3.041265875000001007, 71.12500000136559208, 1.259733572207477836 ) ) ;
#9277 = ORIENTED_EDGE ( 'NONE', *, *, #7611, .T. ) ;
#9278 = EDGE_LOOP ( 'NONE', ( #1849, #561, #5149, #182 ) ) ;
#9279 = EDGE_CURVE ( 'NONE', #3790, #7074, #5596, .T. ) ;
#9280 = CARTESIAN_POINT ( 'NONE',  ( -1.862238259587412120E-16, 70.31250000136560629, -3.041265875000000118 ) ) ;
#9281 = CARTESIAN_POINT ( 'NONE',  ( 6.808341929702590001, 99.98978970194519889, -20.29999999999999716 ) ) ;
#9282 = VECTOR ( 'NONE', #8155, 1000.000000000000000 ) ;
#9283 = EDGE_CURVE ( 'NONE', #9826, #4912, #1631, .T. ) ;
#9284 = VECTOR ( 'NONE', #238, 1000.000000000000114 ) ;
#9285 = DIRECTION ( 'NONE',  ( -0.9606447433647389289, -0.2777799075629747705, 0.000000000000000000 ) ) ;
#9286 = CARTESIAN_POINT ( 'NONE',  ( -10.49999999999998401, 80.00000000000001421, -14.50000000000000355 ) ) ;
#9287 = EDGE_CURVE ( 'NONE', #2980, #2254, #654, .T. ) ;
#9288 = CARTESIAN_POINT ( 'NONE',  ( 2.500000000000000000, 71.50000000000001421, -3.061616997868383141E-16 ) ) ;
#9289 = ORIENTED_EDGE ( 'NONE', *, *, #7778, .F. ) ;
#9290 = EDGE_LOOP ( 'NONE', ( #4979, #10069, #7718, #3458 ) ) ;
#9291 = PLANE ( 'NONE',  #942 ) ;
#9292 = CARTESIAN_POINT ( 'NONE',  ( 3.041265875000001007, 68.12500000136559208, 1.259733572207477836 ) ) ;
#9293 = DIRECTION ( 'NONE',  ( 0.000000000000000000, 0.000000000000000000, -1.000000000000000000 ) ) ;
#9294 = FACE_OUTER_BOUND ( 'NONE', #4104, .T. ) ;
#9295 = FACE_OUTER_BOUND ( 'NONE', #608, .T. ) ;
#9296 = ORIENTED_EDGE ( 'NONE', *, *, #8107, .T. ) ;
#9297 = EDGE_CURVE ( 'NONE', #5126, #3416, #4889, .T. ) ;
#9298 = DIRECTION ( 'NONE',  ( -1.665334536937734071E-16, 4.229157726022815470E-17, 1.000000000000000000 ) ) ;
#9299 = VECTOR ( 'NONE', #1909, 1000.000000000000000 ) ;
#9300 = CARTESIAN_POINT ( 'NONE',  ( 1.561251128379126385E-14, 99.00000000000001421, 15.49999999999999467 ) ) ;
#9301 = DIRECTION ( 'NONE',  ( 1.000000000000000000, 0.000000000000000000, 0.000000000000000000 ) ) ;
#9302 = VERTEX_POINT ( 'NONE', #8651 ) ;
#9303 = ORIENTED_EDGE ( 'NONE', *, *, #9894, .F. ) ;
#9304 = AXIS2_PLACEMENT_3D ( 'NONE', #9618, #9772, #1123 ) ;
#9305 = ORIENTED_EDGE ( 'NONE', *, *, #10, .F. ) ;
#9306 = CARTESIAN_POINT ( 'NONE',  ( -1.530808498934191571E-16, 78.75000000000000000, -2.500000000000000000 ) ) ;
#9307 = DIRECTION ( 'NONE',  ( -3.885780586188047891E-16, 1.065500303100115213E-16, 1.000000000000000000 ) ) ;
#9308 = CARTESIAN_POINT ( 'NONE',  ( -1.035533905932737753, 70.06250000273118417, -2.500000000000000444 ) ) ;
#9309 = ORIENTED_EDGE ( 'NONE', *, *, #4799, .F. ) ;
#9310 = CARTESIAN_POINT ( 'NONE',  ( 1.035533905932769283, 73.93750000273119838, -2.499999999999968914 ) ) ;
#9311 = DIRECTION ( 'NONE',  ( 5.551115123125783935E-17, -6.662983475941639612E-17, -1.000000000000000000 ) ) ;
#9312 = CARTESIAN_POINT ( 'NONE',  ( -1.862238259587412120E-16, 70.31250000136560629, -3.041265875000000118 ) ) ;
#9313 = LINE ( 'NONE', #7127, #3375 ) ;
#9314 = ORIENTED_EDGE ( 'NONE', *, *, #9628, .F. ) ;
#9315 = ORIENTED_EDGE ( 'NONE', *, *, #536, .T. ) ;
#9316 = CARTESIAN_POINT ( 'NONE',  ( -1.035533905932700893, 72.06250000273119838, -2.500000000000037303 ) ) ;
#9317 = EDGE_CURVE ( 'NONE', #2460, #6966, #1509, .T. ) ;
#9318 = DIRECTION ( 'NONE',  ( -8.011868568650901149E-32, 1.000000000000000000, -8.773937619163357272E-17 ) ) ;
#9319 = DIRECTION ( 'NONE',  ( 0.2637327428222745462, 0.9645957911806581908, -1.068728391953100484E-17 ) ) ;
#9320 = CARTESIAN_POINT ( 'NONE',  ( 10.50000000000001421, 80.50000000000001421, -15.00000000000000533 ) ) ;
#9321 = CARTESIAN_POINT ( 'NONE',  ( 1.035533905932739085, 73.56250000273119838, 2.500000000000000000 ) ) ;
#9322 = CARTESIAN_POINT ( 'NONE',  ( 3.041265875000001007, 67.00000000136559208, 1.259733572207477836 ) ) ;
#9323 = EDGE_CURVE ( 'NONE', #501, #8852, #4784, .T. ) ;
#9324 = CARTESIAN_POINT ( 'NONE',  ( 2.150499723603738644, 72.31250000136559208, -2.150499723603739088 ) ) ;
#9325 = EDGE_LOOP ( 'NONE', ( #5002, #2121, #7470, #3558 ) ) ;
#9326 = TOROIDAL_SURFACE ( 'NONE', #6887, 6.200000000000001066, 0.2000000000000325129 ) ;
#9327 = PERSON ( 'UNSPECIFIED', 'UNSPECIFIED', 'UNSPECIFIED', ('UNSPECIFIED'), ('UNSPECIFIED'), ('UNSPECIFIED') ) ;
#9328 = CARTESIAN_POINT ( 'NONE',  ( -3.041265874999999230, 72.62500000136560629, 1.259733572207480057 ) ) ;
#9329 = VECTOR ( 'NONE', #8798, 1000.000000000000000 ) ;
#9330 = CARTESIAN_POINT ( 'NONE',  ( 6.685091259270936170, 100.6256562801042520, 21.40000000000000213 ) ) ;
#9331 = CARTESIAN_POINT ( 'NONE',  ( -1.259733572207478058, 79.37500000136563472, -3.041265875000000563 ) ) ;
#9332 = FACE_OUTER_BOUND ( 'NONE', #9946, .T. ) ;
#9333 = CARTESIAN_POINT ( 'NONE',  ( -0.4361710909504105116, 99.24444790737314293, -20.30000000000001137 ) ) ;
#9334 = EDGE_CURVE ( 'NONE', #4628, #2046, #4557, .T. ) ;
#9335 = CARTESIAN_POINT ( 'NONE',  ( -1.035533905932737753, 69.81250000000000000, -2.500000000000000444 ) ) ;
#9336 = ORIENTED_EDGE ( 'NONE', *, *, #500, .T. ) ;
#9337 = EDGE_CURVE ( 'NONE', #3774, #752, #865, .T. ) ;
#9338 = CARTESIAN_POINT ( 'NONE',  ( -1.530808498934191571E-16, 71.75000000000001421, -2.500000000000000000 ) ) ;
#9339 = AXIS2_PLACEMENT_3D ( 'NONE', #1861, #4046, #893 ) ;
#9340 = CARTESIAN_POINT ( 'NONE',  ( -2.150499723603739088, 68.56250000136560629, -2.150499723603739088 ) ) ;
#9341 = CARTESIAN_POINT ( 'NONE',  ( -10.49999999999998401, 80.50000000000001421, -15.00000000000000533 ) ) ;
#9342 =( BOUNDED_CURVE ( )  B_SPLINE_CURVE ( 2, ( #6029, #4602, #7660, #7709, #6895, #2920, #6137, #788, #10046 ),
 .UNSPECIFIED., .F., .T. ) 
 B_SPLINE_CURVE_WITH_KNOTS ( ( 3, 2, 2, 2, 3 ),
 ( 0.8166666666666664298, 0.8249999999999997335, 0.8333333333333331483, 0.8416666666666664520, 0.8499999999999997558 ),
 .UNSPECIFIED. ) 
 CURVE ( )  GEOMETRIC_REPRESENTATION_ITEM ( )  RATIONAL_B_SPLINE_CURVE ( ( 1.000000000000001998, 0.9238795325112847401, 1.000000000000000000, 0.9238795325112867385, 1.000000000000000000, 0.9238795325112867385, 1.000000000000000000, 0.9238795325112887369, 0.9999999999999980016 ) ) 
 REPRESENTATION_ITEM ( '' )  );
#9343 = EDGE_CURVE ( 'NONE', #197, #1983, #6981, .T. ) ;
#9344 = CARTESIAN_POINT ( 'NONE',  ( 1.561251128379126385E-14, 110.0000000000000142, 15.49999999999999289 ) ) ;
#9345 = DIRECTION ( 'NONE',  ( 8.011868568650901149E-32, -1.000000000000000000, 2.991526032573998647E-17 ) ) ;
#9346 = EDGE_CURVE ( 'NONE', #575, #9149, #792, .T. ) ;
#9347 = EDGE_LOOP ( 'NONE', ( #5794, #9888, #181, #1679 ) ) ;
#9348 = DIRECTION ( 'NONE',  ( -1.665334536937734071E-16, 4.229157726022815470E-17, 1.000000000000000000 ) ) ;
#9349 = CARTESIAN_POINT ( 'NONE',  ( 7.633375672046535776, 101.0132427818111438, 21.40000000000000213 ) ) ;
#9350 = DIRECTION ( 'NONE',  ( -3.885780586188047891E-16, 1.000000000000000000, 2.603240987229339518E-29 ) ) ;
#9351 = ORIENTED_EDGE ( 'NONE', *, *, #2551, .T. ) ;
#9352 = EDGE_LOOP ( 'NONE', ( #8396, #2486, #1343, #9364 ) ) ;
#9353 = ADVANCED_FACE ( 'NONE', ( #8092 ), #817, .F. ) ;
#9354 = VERTEX_POINT ( 'NONE', #8192 ) ;
#9355 = CARTESIAN_POINT ( 'NONE',  ( 1.259733572207479835, 79.00000000136560629, 3.041265874999999230 ) ) ;
#9356 = DIRECTION ( 'NONE',  ( 0.9256659661250535853, 0.3783418020226829714, 2.775557561562890858E-16 ) ) ;
#9357 = CARTESIAN_POINT ( 'NONE',  ( 2.500000000000000000, 70.75000000273118417, -3.061616997868383141E-16 ) ) ;
#9358 = VERTEX_POINT ( 'NONE', #9566 ) ;
#9359 = DIRECTION ( 'NONE',  ( 0.2538986404964932997, -0.9672308309571362450, 1.543607154616892532E-16 ) ) ;
#9360 = CARTESIAN_POINT ( 'NONE',  ( 2.939900837143794465, 102.7943356556532564, 20.29999999999999716 ) ) ;
#9361 = CARTESIAN_POINT ( 'NONE',  ( -1.259733572207478502, 67.75000000136559208, 3.041265874999999230 ) ) ;
#9362 = CARTESIAN_POINT ( 'NONE',  ( -1.767766952966368432, 68.37500000273119838, 1.767766952966369320 ) ) ;
#9363 = VERTEX_POINT ( 'NONE', #1784 ) ;
#9364 = ORIENTED_EDGE ( 'NONE', *, *, #9065, .F. ) ;
#9365 = VECTOR ( 'NONE', #749, 1000.000000000000000 ) ;
#9366 = DIRECTION ( 'NONE',  ( 0.9256659661250540294, 0.3783418020226816392, 0.000000000000000000 ) ) ;
#9367 = DIRECTION ( 'NONE',  ( 2.501589552824417278E-12, 0.000000000000000000, 1.000000000000000000 ) ) ;
#9368 = CARTESIAN_POINT ( 'NONE',  ( -8.478666811591963892, 96.64368739382722140, 16.00000000000000711 ) ) ;
#9369 = CARTESIAN_POINT ( 'NONE',  ( -3.968626966596887851, 0.000000000000000000, 4.500000000000000000 ) ) ;
#9370 = CARTESIAN_POINT ( 'NONE',  ( -1.035533905932738197, 73.43750000273119838, 2.500000000000000000 ) ) ;
#9371 = PLANE ( 'NONE',  #4461 ) ;
#9372 = EDGE_CURVE ( 'NONE', #1328, #8664, #8294, .T. ) ;
#9373 = AXIS2_PLACEMENT_3D ( 'NONE', #3945, #4710, #7055 ) ;
#9374 = CARTESIAN_POINT ( 'NONE',  ( 3.041265875000001007, 70.12500000136559208, 1.259733572207477836 ) ) ;
#9375 = EDGE_LOOP ( 'NONE', ( #3896, #8516, #1545, #4054 ) ) ;
#9376 = CYLINDRICAL_SURFACE ( 'NONE', #422, 2.500000000000000000 ) ;
#9377 = CARTESIAN_POINT ( 'NONE',  ( -3.041265875000000118, 71.56250000136560629, 0.000000000000000000 ) ) ;
#9378 = CARTESIAN_POINT ( 'NONE',  ( 6.580416492048501098, 100.9027923668063949, -16.29999999999999716 ) ) ;
#9379 = AXIS2_PLACEMENT_3D ( 'NONE', #9320, #8611, #6934 ) ;
#9380 = DIRECTION ( 'NONE',  ( 0.9634848649536333909, 0.2677627961559981840, 1.491283511613613163E-16 ) ) ;
#9381 = AXIS2_PLACEMENT_3D ( 'NONE', #4347, #7460, #481 ) ;
#9382 = CARTESIAN_POINT ( 'NONE',  ( 3.041265875000001007, 76.00000000136560629, 1.259733572207477836 ) ) ;
#9383 = DIRECTION ( 'NONE',  ( 0.000000000000000000, -8.773937619163356039E-17, -1.000000000000000000 ) ) ;
#9384 = DIRECTION ( 'NONE',  ( 0.07845909573033950368, 3.048748309985632253E-17, 0.9969173337329316764 ) ) ;
#9385 = CARTESIAN_POINT ( 'NONE',  ( 2.500000000000000444, 68.56250000000001421, -1.035533905932737975 ) ) ;
#9386 = ORIENTED_EDGE ( 'NONE', *, *, #8905, .F. ) ;
#9387 = VECTOR ( 'NONE', #3043, 1000.000000000000000 ) ;
#9388 = CARTESIAN_POINT ( 'NONE',  ( 4.592425496802573972E-16, 68.25000000000000000, 2.500000000000000000 ) ) ;
#9389 = AXIS2_PLACEMENT_3D ( 'NONE', #4139, #4802, #6435 ) ;
#9390 = CARTESIAN_POINT ( 'NONE',  ( 3.041265875000001007, 69.12500000136559208, 1.259733572207477836 ) ) ;
#9391 = CARTESIAN_POINT ( 'NONE',  ( -1.530808498934191571E-16, 77.75000000000000000, -2.500000000000000000 ) ) ;
#9392 = CARTESIAN_POINT ( 'NONE',  ( -3.863564217507593663E-13, 1081.932649730810454, 2.588357346670238535E-26 ) ) ;
#9393 = CARTESIAN_POINT ( 'NONE',  ( 10.50000000000001421, 80.00000000000001421, 14.99999999999999467 ) ) ;
#9394 = DIRECTION ( 'NONE',  ( 0.4888958147463141057, 0.8723421819008512212, 0.000000000000000000 ) ) ;
#9395 = FACE_OUTER_BOUND ( 'NONE', #8637, .T. ) ;
#9396 = AXIS2_PLACEMENT_3D ( 'NONE', #8840, #4974, #7313 ) ;
#9397 = CARTESIAN_POINT ( 'NONE',  ( -3.968626966596887851, 76.25000000000000000, -4.500000000000000000 ) ) ;
#9398 = ORIENTED_EDGE ( 'NONE', *, *, #7543, .F. ) ;
#9399 = ORIENTED_EDGE ( 'NONE', *, *, #7536, .T. ) ;
#9400 = ORIENTED_EDGE ( 'NONE', *, *, #7023, .F. ) ;
#9401 = ADVANCED_FACE ( 'NONE', ( #3450 ), #9592, .T. ) ;
#9402 =( BOUNDED_CURVE ( )  B_SPLINE_CURVE ( 2, ( #9012, #4997, #4178, #9777, #4947, #4379, #8050, #5858, #1127 ),
 .UNSPECIFIED., .F., .T. ) 
 B_SPLINE_CURVE_WITH_KNOTS ( ( 3, 2, 2, 2, 3 ),
 ( 0.1500000000000001055, 0.1583333333333334370, 0.1666666666666667962, 0.1750000000000001554, 0.1833333333333334869 ),
 .UNSPECIFIED. ) 
 CURVE ( )  GEOMETRIC_REPRESENTATION_ITEM ( )  RATIONAL_B_SPLINE_CURVE ( ( 0.9999999999999990008, 0.9238795325112877377, 1.000000000000000000, 0.9238795325112867385, 1.000000000000000000, 0.9238795325112867385, 1.000000000000000000, 0.9238795325112851842, 1.000000000000001554 ) ) 
 REPRESENTATION_ITEM ( '' )  );
#9403 = PLANE ( 'NONE',  #5385 ) ;
#9404 = EDGE_CURVE ( 'NONE', #2301, #8982, #404, .T. ) ;
#9405 = LINE ( 'NONE', #7981, #3119 ) ;
#9406 = CARTESIAN_POINT ( 'NONE',  ( -1.767766952966368432, 69.37500000273119838, 1.767766952966369320 ) ) ;
#9407 = EDGE_CURVE ( 'NONE', #7303, #8796, #8137, .T. ) ;
#9408 = ORIENTED_EDGE ( 'NONE', *, *, #7924, .T. ) ;
#9409 = CARTESIAN_POINT ( 'NONE',  ( -2.500000000000000000, 79.25000000273118417, 0.000000000000000000 ) ) ;
#9410 = CARTESIAN_POINT ( 'NONE',  ( 3.061616997868383141E-16, 70.00000000000000000, -2.500000000000000000 ) ) ;
#9411 = CARTESIAN_POINT ( 'NONE',  ( 1.259733572207479835, 67.87500000136559208, 3.041265874999999230 ) ) ;
#9412 = CARTESIAN_POINT ( 'NONE',  ( 3.985202476878567978E-14, 99.00000000000001421, -67.99999999999998579 ) ) ;
#9413 = ORIENTED_EDGE ( 'NONE', *, *, #4235, .T. ) ;
#9414 = EDGE_CURVE ( 'NONE', #36, #1274, #9430, .T. ) ;
#9415 = ORIENTED_EDGE ( 'NONE', *, *, #4186, .F. ) ;
#9416 = DIRECTION ( 'NONE',  ( 0.9256659661250540294, 0.3783418020226824163, 0.000000000000000000 ) ) ;
#9417 = CARTESIAN_POINT ( 'NONE',  ( -2.500000000000000444, 66.18750000273118417, -1.035533905932737753 ) ) ;
#9418 = CARTESIAN_POINT ( 'NONE',  ( 2.273181642920010541E-15, 81.80000000000002558, -1.522895977529165398E-28 ) ) ;
#9419 = CARTESIAN_POINT ( 'NONE',  ( 1.997291221300659204E-15, 82.51000000000003354, -1.338065867435882278E-28 ) ) ;
#9420 = CARTESIAN_POINT ( 'NONE',  ( 2.500000000000000444, 71.81250000273118417, -1.035533905932737975 ) ) ;
#9421 = CARTESIAN_POINT ( 'NONE',  ( 2.273181642920010541E-15, 81.80000000000002558, -1.522895977529165398E-28 ) ) ;
#9422 = CARTESIAN_POINT ( 'NONE',  ( -3.041265875000000118, 67.68750000136560629, 0.000000000000000000 ) ) ;
#9423 = AXIS2_PLACEMENT_3D ( 'NONE', #1100, #2008, #9594 ) ;
#9424 = ORIENTED_EDGE ( 'NONE', *, *, #6163, .F. ) ;
#9425 = LINE ( 'NONE', #210, #91 ) ;
#9426 = CARTESIAN_POINT ( 'NONE',  ( 1.259733572207479835, 65.87500000136559208, 3.041265874999999230 ) ) ;
#9427 = LINE ( 'NONE', #9578, #9224 ) ;
#9428 = CARTESIAN_POINT ( 'NONE',  ( 1.767766952966369320, 64.62500000273119838, 1.767766952966368654 ) ) ;
#9429 = CARTESIAN_POINT ( 'NONE',  ( -2.150499723603739088, 76.43750000136559208, -2.150499723603739088 ) ) ;
#9430 = CIRCLE ( 'NONE', #1799, 9.750000000000000000 ) ;
#9431 = CARTESIAN_POINT ( 'NONE',  ( 1.259733572207479835, 75.87500000136560629, 3.041265874999999230 ) ) ;
#9432 = FACE_OUTER_BOUND ( 'NONE', #5788, .T. ) ;
#9433 = CARTESIAN_POINT ( 'NONE',  ( 2.500000000000000444, 65.43750000000000000, 1.035533905932737309 ) ) ;
#9434 = VERTEX_POINT ( 'NONE', #7231 ) ;
#9435 = DIRECTION ( 'NONE',  ( 0.000000000000000000, -1.000000000000000000, 0.000000000000000000 ) ) ;
#9436 = AXIS2_PLACEMENT_3D ( 'NONE', #5914, #3615, #6776 ) ;
#9437 = CARTESIAN_POINT ( 'NONE',  ( 1.259733572207478058, 67.37500000136559208, -3.041265874999999674 ) ) ;
#9438 = CARTESIAN_POINT ( 'NONE',  ( 0.000000000000000000, 70.00000000000000000, 0.000000000000000000 ) ) ;
#9439 = ADVANCED_FACE ( 'NONE', ( #6614 ), #8756, .F. ) ;
#9440 = AXIS2_PLACEMENT_3D ( 'NONE', #7209, #4049, #2470 ) ;
#9441 = CARTESIAN_POINT ( 'NONE',  ( -10.49999999999998401, 80.00000000000001421, -14.50000000000000355 ) ) ;
#9442 = DIRECTION ( 'NONE',  ( 5.551115123125783935E-17, -6.662983475941639612E-17, -1.000000000000000000 ) ) ;
#9443 = FACE_OUTER_BOUND ( 'NONE', #8764, .T. ) ;
#9444 = FACE_OUTER_BOUND ( 'NONE', #9156, .T. ) ;
#9445 = CARTESIAN_POINT ( 'NONE',  ( 1.767766952966368654, 79.62500000000000000, -1.767766952966369098 ) ) ;
#9446 = ORIENTED_EDGE ( 'NONE', *, *, #5847, .T. ) ;
#9447 = EDGE_LOOP ( 'NONE', ( #4170, #8875 ) ) ;
#9448 = ADVANCED_FACE ( 'NONE', ( #4940 ), #7805, .T. ) ;
#9449 = CYLINDRICAL_SURFACE ( 'NONE', #1596, 1.205999999999999739 ) ;
#9450 = DIRECTION ( 'NONE',  ( -1.000000000000000000, 0.000000000000000000, 0.000000000000000000 ) ) ;
#9451 = DIRECTION ( 'NONE',  ( -0.7071067811865489050, -6.204110788218155407E-17, -0.7071067811865462405 ) ) ;
#9452 = AXIS2_PLACEMENT_3D ( 'NONE', #8254, #8921, #4383 ) ;
#9453 = CARTESIAN_POINT ( 'NONE',  ( 3.298640511124217412, 106.8320422976084387, 21.39999999999999858 ) ) ;
#9454 = CARTESIAN_POINT ( 'NONE',  ( -1.767766952966368432, 78.37500000273118417, 1.767766952966369320 ) ) ;
#9455 = ORIENTED_EDGE ( 'NONE', *, *, #5293, .T. ) ;
#9456 = DIRECTION ( 'NONE',  ( -0.9606447433647389289, -0.2777799075629747705, 0.000000000000000000 ) ) ;
#9457 = DIRECTION ( 'NONE',  ( 0.000000000000000000, -8.773937619163356039E-17, -1.000000000000000000 ) ) ;
#9458 = CARTESIAN_POINT ( 'NONE',  ( 3.041265875000001007, 68.00000000136559208, 1.259733572207477836 ) ) ;
#9459 = VECTOR ( 'NONE', #819, 1000.000000000000000 ) ;
#9460 = LINE ( 'NONE', #8648, #784 ) ;
#9461 = ORIENTED_EDGE ( 'NONE', *, *, #9842, .F. ) ;
#9462 = ADVANCED_FACE ( 'NONE', ( #6514 ), #2690, .F. ) ;
#9463 = ORIENTED_EDGE ( 'NONE', *, *, #7979, .T. ) ;
#9464 = ORIENTED_EDGE ( 'NONE', *, *, #1573, .F. ) ;
#9465 = EDGE_CURVE ( 'NONE', #3596, #7020, #497, .T. ) ;
#9466 = CARTESIAN_POINT ( 'NONE',  ( 4.592425496802573972E-16, 72.50000000273118417, 2.500000000000000000 ) ) ;
#9467 = AXIS2_PLACEMENT_3D ( 'NONE', #5833, #4399, #5122 ) ;
#9468 = CIRCLE ( 'NONE', #2637, 11.00000000000000000 ) ;
#9469 = FACE_OUTER_BOUND ( 'NONE', #4819, .T. ) ;
#9470 = FACE_OUTER_BOUND ( 'NONE', #7962, .T. ) ;
#9471 = CARTESIAN_POINT ( 'NONE',  ( -2.500000000000000000, 73.25000000273118417, 0.000000000000000000 ) ) ;
#9472 = ADVANCED_FACE ( 'NONE', ( #9616 ), #4715, .T. ) ;
#9473 = CARTESIAN_POINT ( 'NONE',  ( -7.810136808629904337, 100.2167487769667389, -20.30000000000000426 ) ) ;
#9474 = CARTESIAN_POINT ( 'NONE',  ( 3.041265874999999674, 67.25000000136559208, -1.259733572207478280 ) ) ;
#9475 = ORIENTED_EDGE ( 'NONE', *, *, #443, .F. ) ;
#9476 = PLANE ( 'NONE',  #1078 ) ;
#9477 = CARTESIAN_POINT ( 'NONE',  ( -3.041265874999999674, 65.50000000136559208, -1.259733572207478058 ) ) ;
#9478 = CARTESIAN_POINT ( 'NONE',  ( -1.035533905932747523, 78.18750000000001421, 2.499999999999990674 ) ) ;
#9479 = CARTESIAN_POINT ( 'NONE',  ( 1.035533905932769283, 73.68750000000000000, -2.499999999999968914 ) ) ;
#9480 = CARTESIAN_POINT ( 'NONE',  ( 2.150499723603738644, 73.18750000136559208, -2.150499723603739088 ) ) ;
#9481 = CARTESIAN_POINT ( 'NONE',  ( -3.041265875000000118, 76.56250000136559208, 0.000000000000000000 ) ) ;
#9482 = CIRCLE ( 'NONE', #711, 1.024434782608708572 ) ;
#9483 = DIRECTION ( 'NONE',  ( 3.885780586188047398E-16, -1.000000000000000000, -2.603240987229321021E-29 ) ) ;
#9484 = CARTESIAN_POINT ( 'NONE',  ( -1.767766952966368432, 65.12500000000000000, 1.767766952966369320 ) ) ;
#9485 = CARTESIAN_POINT ( 'NONE',  ( -2.150499723603739088, 73.56250000136559208, -2.150499723603739088 ) ) ;
#9486 = ORIENTED_EDGE ( 'NONE', *, *, #9967, .T. ) ;
#9487 = AXIS2_PLACEMENT_3D ( 'NONE', #242, #294, #5589 ) ;
#9488 = CARTESIAN_POINT ( 'NONE',  ( 0.000000000000000000, 70.00000000000000000, 0.000000000000000000 ) ) ;
#9489 = CARTESIAN_POINT ( 'NONE',  ( 3.041265875000001007, 78.00000000136559208, 1.259733572207477836 ) ) ;
#9490 = CARTESIAN_POINT ( 'NONE',  ( -10.49999999999998401, 99.00000000000001421, 14.99999999999999467 ) ) ;
#9491 = CARTESIAN_POINT ( 'NONE',  ( 1.767766952966369320, 68.62500000273119838, 1.767766952966368654 ) ) ;
#9492 = CARTESIAN_POINT ( 'NONE',  ( 1.078290342038119526E-14, 99.00000000000001421, 20.00000000000001066 ) ) ;
#9493 = CARTESIAN_POINT ( 'NONE',  ( 3.211632350503328181E-14, 99.00000000000000000, -21.40000000000000213 ) ) ;
#9494 = CONICAL_SURFACE ( 'NONE', #7060, 2.499999999999997335, 1.029744258676653201 ) ;
#9495 =( BOUNDED_CURVE ( )  B_SPLINE_CURVE ( 2, ( #1933, #5042, #6846, #4224, #6564, #4277, #354, #9724, #3451 ),
 .UNSPECIFIED., .F., .T. ) 
 B_SPLINE_CURVE_WITH_KNOTS ( ( 3, 2, 2, 2, 3 ),
 ( 0.6499999999999996891, 0.6583333333333329929, 0.6666666666666662966, 0.6749999999999997113, 0.6833333333333330151 ),
 .UNSPECIFIED. ) 
 CURVE ( )  GEOMETRIC_REPRESENTATION_ITEM ( )  RATIONAL_B_SPLINE_CURVE ( ( 1.000000000000003109, 0.9238795325112837409, 1.000000000000000000, 0.9238795325112867385, 1.000000000000000000, 0.9238795325112867385, 1.000000000000000000, 0.9238795325112897361, 0.9999999999999970024 ) ) 
 REPRESENTATION_ITEM ( '' )  );
#9496 = CARTESIAN_POINT ( 'NONE',  ( -2.500000000000000444, 75.93750000000000000, -1.035533905932737753 ) ) ;
#9497 = EDGE_CURVE ( 'NONE', #1731, #2184, #6348, .T. ) ;
#9498 = ORIENTED_EDGE ( 'NONE', *, *, #1326, .T. ) ;
#9499 = ORIENTED_EDGE ( 'NONE', *, *, #4803, .F. ) ;
#9500 = ORIENTED_EDGE ( 'NONE', *, *, #224, .F. ) ;
#9501 = CARTESIAN_POINT ( 'NONE',  ( 3.041265874999999674, 75.25000000136559208, -1.259733572207478280 ) ) ;
#9502 = CYLINDRICAL_SURFACE ( 'NONE', #1317, 9.750000000000000000 ) ;
#9503 = CARTESIAN_POINT ( 'NONE',  ( 0.000000000000000000, 70.00000000000000000, 2.500000000000000000 ) ) ;
#9504 = CARTESIAN_POINT ( 'NONE',  ( -1.035533905932737753, 65.06250000273118417, -2.500000000000000444 ) ) ;
#9505 = EDGE_LOOP ( 'NONE', ( #4273, #6359, #239, #1650 ) ) ;
#9506 = VECTOR ( 'NONE', #3428, 1000.000000000000000 ) ;
#9507 = CARTESIAN_POINT ( 'NONE',  ( 4.592425496802573972E-16, 79.25000000000000000, 2.500000000000000000 ) ) ;
#9508 = CYLINDRICAL_SURFACE ( 'NONE', #5265, 1.024434782608708128 ) ;
#9509 = CARTESIAN_POINT ( 'NONE',  ( 3.041265875000001007, 65.00000000136559208, 1.259733572207477836 ) ) ;
#9510 = CYLINDRICAL_SURFACE ( 'NONE', #4487, 2.499999999999998668 ) ;
#9511 = EDGE_LOOP ( 'NONE', ( #7684, #1677, #3020, #5035 ) ) ;
#9512 = ORIENTED_EDGE ( 'NONE', *, *, #7730, .F. ) ;
#9513 = ORIENTED_EDGE ( 'NONE', *, *, #4618, .F. ) ;
#9514 = CARTESIAN_POINT ( 'NONE',  ( 3.697654713500652055E-14, 99.00000000000001421, -16.20000000000000639 ) ) ;
#9515 = EDGE_CURVE ( 'NONE', #2249, #853, #1957, .T. ) ;
#9516 = CARTESIAN_POINT ( 'NONE',  ( 1.083286345648932762E-14, 99.00000000000001421, 19.70000000000001350 ) ) ;
#9517 = CARTESIAN_POINT ( 'NONE',  ( 2.086664174782984274E-15, 82.28000000000002956, -1.397940410142157101E-28 ) ) ;
#9518 = ADVANCED_FACE ( 'NONE', ( #4888 ), #2742, .F. ) ;
#9519 = CARTESIAN_POINT ( 'NONE',  ( -2.500000000000031974, 69.93750000000000000, -1.035533905932706222 ) ) ;
#9520 = DIRECTION ( 'NONE',  ( 0.000000000000000000, 0.000000000000000000, -1.000000000000000000 ) ) ;
#9521 = VECTOR ( 'NONE', #9829, 1000.000000000000000 ) ;
#9522 = CARTESIAN_POINT ( 'NONE',  ( 2.150499723603738644, 70.31250000136560629, -2.150499723603739088 ) ) ;
#9523 = ORIENTED_EDGE ( 'NONE', *, *, #7669, .T. ) ;
#9524 = EDGE_CURVE ( 'NONE', #438, #5957, #1304, .T. ) ;
#9525 = CARTESIAN_POINT ( 'NONE',  ( 1.767766952966369320, 69.62500000273119838, 1.767766952966368654 ) ) ;
#9526 = CARTESIAN_POINT ( 'NONE',  ( -1.259733572207478058, 67.37500000136559208, -3.041265874999999674 ) ) ;
#9527 = DIRECTION ( 'NONE',  ( 0.000000000000000000, 0.000000000000000000, 1.000000000000000000 ) ) ;
#9528 = DIRECTION ( 'NONE',  ( 2.501589552824417682E-12, 0.000000000000000000, 1.000000000000000000 ) ) ;
#9529 = EDGE_CURVE ( 'NONE', #4402, #9434, #6995, .T. ) ;
#9530 = AXIS2_PLACEMENT_3D ( 'NONE', #6460, #297, #5746 ) ;
#9531 = CARTESIAN_POINT ( 'NONE',  ( 2.150499723603738644, 75.18750000136559208, -2.150499723603739088 ) ) ;
#9532 = VERTEX_POINT ( 'NONE', #9052 ) ;
#9533 = EDGE_CURVE ( 'NONE', #7809, #4613, #7015, .T. ) ;
#9534 = CARTESIAN_POINT ( 'NONE',  ( 2.150499723603738644, 75.18750000136559208, -2.150499723603739088 ) ) ;
#9535 = DIRECTION ( 'NONE',  ( 0.9634848649536336129, 0.2677627961559977954, 0.000000000000000000 ) ) ;
#9536 = CARTESIAN_POINT ( 'NONE',  ( -1.767766952966368432, 67.12500000000000000, 1.767766952966369320 ) ) ;
#9537 = CARTESIAN_POINT ( 'NONE',  ( -3.041265875000000563, 70.62500000136559208, -1.259733572207478058 ) ) ;
#9538 = EDGE_LOOP ( 'NONE', ( #95, #4325, #7319, #9861 ) ) ;
#9539 = DIRECTION ( 'NONE',  ( 0.8660254037856909282, 3.365184701175972926E-16, 0.4999999999978310683 ) ) ;
#9540 = AXIS2_PLACEMENT_3D ( 'NONE', #5477, #8631, #29 ) ;
#9541 = CIRCLE ( 'NONE', #7273, 6.000000000000000000 ) ;
#9542 = CARTESIAN_POINT ( 'NONE',  ( 2.150499723603739533, 66.06250000136559208, 2.150499723603738644 ) ) ;
#9543 = DIRECTION ( 'NONE',  ( 0.4888958147463141057, 0.8723421819008512212, 0.000000000000000000 ) ) ;
#9544 = CARTESIAN_POINT ( 'NONE',  ( 4.592425496802573972E-16, 68.50000000273119838, 2.500000000000000000 ) ) ;
#9545 = CARTESIAN_POINT ( 'NONE',  ( -10.49999999999998401, 80.50000000000002842, 14.99999999999999467 ) ) ;
#9546 = DIRECTION ( 'NONE',  ( -0.9606447433647389289, -0.2777799075629747705, 0.000000000000000000 ) ) ;
#9547 = CARTESIAN_POINT ( 'NONE',  ( 1.767766952966369320, 77.37500000000000000, 1.767766952966368654 ) ) ;
#9548 = VECTOR ( 'NONE', #1700, 1000.000000000000000 ) ;
#9549 = VERTEX_POINT ( 'NONE', #5285 ) ;
#9550 = ORIENTED_EDGE ( 'NONE', *, *, #7843, .F. ) ;
#9551 = ORIENTED_EDGE ( 'NONE', *, *, #6113, .T. ) ;
#9552 = CARTESIAN_POINT ( 'NONE',  ( -2.150499723603739088, 77.56250000136559208, -2.150499723603739088 ) ) ;
#9553 = APPROVAL_STATUS ( 'not_yet_approved' ) ;
#9554 = DIRECTION ( 'NONE',  ( 3.885780586188047891E-16, -1.065500303100115213E-16, -1.000000000000000000 ) ) ;
#9555 = CIRCLE ( 'NONE', #5171, 9.750000000000000000 ) ;
#9556 = CARTESIAN_POINT ( 'NONE',  ( -1.530808498934191571E-16, 67.00000000273119838, -2.500000000000000000 ) ) ;
#9557 = VECTOR ( 'NONE', #2999, 1000.000000000000000 ) ;
#9558 = ORIENTED_EDGE ( 'NONE', *, *, #5103, .T. ) ;
#9559 = CARTESIAN_POINT ( 'NONE',  ( 11.00000000000001421, 76.75000000000001421, 16.79289321881345742 ) ) ;
#9560 = CARTESIAN_POINT ( 'NONE',  ( 6.580416492048501098, 100.9027923668063949, -16.00000000000000355 ) ) ;
#9561 = CARTESIAN_POINT ( 'NONE',  ( -3.041265875000000118, 64.56250000136559208, 0.000000000000000000 ) ) ;
#9562 = DIRECTION ( 'NONE',  ( 0.9634848649536331688, 0.2677627961559990166, 0.000000000000000000 ) ) ;
#9563 = VERTEX_POINT ( 'NONE', #2839 ) ;
#9564 = VERTEX_POINT ( 'NONE', #5946 ) ;
#9565 = VERTEX_POINT ( 'NONE', #4572 ) ;
#9566 = CARTESIAN_POINT ( 'NONE',  ( -10.49999999999998401, 80.50000000000001421, -15.00000000000000533 ) ) ;
#9567 = DIRECTION ( 'NONE',  ( -0.9606447433647388179, -0.2777799075629757142, 0.000000000000000000 ) ) ;
#9568 = DIRECTION ( 'NONE',  ( -3.885780586188047891E-16, 1.000000000000000000, 2.603240987229339518E-29 ) ) ;
#9569 = EDGE_CURVE ( 'NONE', #4238, #6157, #3799, .T. ) ;
#9570 = CARTESIAN_POINT ( 'NONE',  ( 2.782396080560154861, 105.2921757394963436, -21.40000000000000213 ) ) ;
#9571 = CARTESIAN_POINT ( 'NONE',  ( -2.500000000000000000, 70.00000000000000000, 0.000000000000000000 ) ) ;
#9572 = DIRECTION ( 'NONE',  ( 0.000000000000000000, 8.773937619163356039E-17, 1.000000000000000000 ) ) ;
#9573 = CARTESIAN_POINT ( 'NONE',  ( -2.150499723603739088, 68.56250000136560629, -2.150499723603739088 ) ) ;
#9574 = EDGE_LOOP ( 'NONE', ( #7114, #969 ) ) ;
#9575 = ADVANCED_FACE ( 'NONE', ( #2890 ), #6018, .T. ) ;
#9576 = CARTESIAN_POINT ( 'NONE',  ( 4.592425496802573972E-16, 69.50000000273119838, 2.500000000000000000 ) ) ;
#9577 = CARTESIAN_POINT ( 'NONE',  ( 2.150499723603738644, 69.18750000136560629, -2.150499723603739088 ) ) ;
#9578 = CARTESIAN_POINT ( 'NONE',  ( 2.939900837143794021, 102.7943356556532564, 21.39999999999999858 ) ) ;
#9579 = CARTESIAN_POINT ( 'NONE',  ( -3.041265875000000118, 75.56250000136559208, 0.000000000000000000 ) ) ;
#9580 = EDGE_LOOP ( 'NONE', ( #5951, #9849, #8740, #2700 ) ) ;
#9581 = CARTESIAN_POINT ( 'NONE',  ( 2.150499723603738644, 78.18750000136559208, -2.150499723603739088 ) ) ;
#9582 = AXIS2_PLACEMENT_3D ( 'NONE', #9492, #6295, #2570 ) ;
#9583 = DIRECTION ( 'NONE',  ( -1.665334536937734071E-16, 4.229157726022815470E-17, 1.000000000000000000 ) ) ;
#9584 = CARTESIAN_POINT ( 'NONE',  ( 2.150499723603739533, 79.06250000136559208, 2.150499723603738644 ) ) ;
#9585 = CARTESIAN_POINT ( 'NONE',  ( 2.150499723603739533, 72.06250000136560629, 2.150499723603738644 ) ) ;
#9586 = ORIENTED_EDGE ( 'NONE', *, *, #2099, .T. ) ;
#9587 = EDGE_CURVE ( 'NONE', #3679, #4993, #2074, .T. ) ;
#9588 = CARTESIAN_POINT ( 'NONE',  ( -3.041265874999999230, 78.75000000136560629, 1.259733572207480057 ) ) ;
#9589 = EDGE_CURVE ( 'NONE', #8982, #2972, #8054, .T. ) ;
#9590 = CARTESIAN_POINT ( 'NONE',  ( 1.259733572207478058, 79.25000000136559208, -3.041265874999999674 ) ) ;
#9591 = CARTESIAN_POINT ( 'NONE',  ( -0.2393002419622937693, 81.90000000000003411, 3.040597867886643435 ) ) ;
#9592 = TOROIDAL_SURFACE ( 'NONE', #11, 6.200000000000001066, 0.2000000000000319855 ) ;
#9593 = CARTESIAN_POINT ( 'NONE',  ( 2.500000000000000444, 71.81250000273119838, -1.035533905932737975 ) ) ;
#9594 = DIRECTION ( 'NONE',  ( 0.9999870432906646789, -0.005090505946802463197, 0.000000000000000000 ) ) ;
#9595 = CARTESIAN_POINT ( 'NONE',  ( -1.530808498934191571E-16, 68.75000000000000000, -2.500000000000000000 ) ) ;
#9596 = EDGE_CURVE ( 'NONE', #1983, #7251, #7159, .T. ) ;
#9597 = CC_DESIGN_APPROVAL ( #79, ( #2448 ) ) ;
#9598 = CARTESIAN_POINT ( 'NONE',  ( -1.035533905932738197, 79.18750000000000000, 2.500000000000000000 ) ) ;
#9599 = VERTEX_POINT ( 'NONE', #2172 ) ;
#9600 = EDGE_LOOP ( 'NONE', ( #8712, #5102, #5732 ) ) ;
#9601 = CIRCLE ( 'NONE', #9924, 4.799999999999999822 ) ;
#9602 = DIRECTION ( 'NONE',  ( -0.2777799075629753811, 0.9606447433647388179, -7.942748297062766199E-17 ) ) ;
#9603 = CARTESIAN_POINT ( 'NONE',  ( 3.041265875000001007, 77.12500000136559208, 1.259733572207477836 ) ) ;
#9604 = DATE_TIME_ROLE ( 'classification_date' ) ;
#9605 = DIRECTION ( 'NONE',  ( -8.011868568650901149E-32, 1.000000000000000000, 8.573297140604716138E-17 ) ) ;
#9606 = DIRECTION ( 'NONE',  ( 2.501589552824417278E-12, 0.000000000000000000, 1.000000000000000000 ) ) ;
#9607 = VERTEX_POINT ( 'NONE', #9152 ) ;
#9608 = DIRECTION ( 'NONE',  ( -0.9672308309571363560, -0.2538986404964933552, -2.459860340332653116E-16 ) ) ;
#9609 = LINE ( 'NONE', #2582, #5438 ) ;
#9610 = CARTESIAN_POINT ( 'NONE',  ( 3.041265875000000118, 66.06250000136559208, -3.724476519174824240E-16 ) ) ;
#9611 = AXIS2_PLACEMENT_3D ( 'NONE', #798, #4562, #8583 ) ;
#9612 = DIRECTION ( 'NONE',  ( -3.885780586188047891E-16, 1.065500303100115213E-16, 1.000000000000000000 ) ) ;
#9613 = ORIENTED_EDGE ( 'NONE', *, *, #4926, .F. ) ;
#9614 = EDGE_LOOP ( 'NONE', ( #2274, #2253 ) ) ;
#9615 = AXIS2_PLACEMENT_3D ( 'NONE', #7839, #866, #7232 ) ;
#9616 = FACE_OUTER_BOUND ( 'NONE', #3249, .T. ) ;
#9617 = DIRECTION ( 'NONE',  ( 5.551115123125783935E-17, -6.662983475941639612E-17, -1.000000000000000000 ) ) ;
#9618 = CARTESIAN_POINT ( 'NONE',  ( 1.943048590659658729E-14, 99.00000000000002842, 21.39999999999999858 ) ) ;
#9619 = ORIENTED_EDGE ( 'NONE', *, *, #6243, .T. ) ;
#9620 = DIRECTION ( 'NONE',  ( 1.000000000000000000, 0.000000000000000000, 0.000000000000000000 ) ) ;
#9621 = AXIS2_PLACEMENT_3D ( 'NONE', #7628, #9307, #6761 ) ;
#9622 = FACE_OUTER_BOUND ( 'NONE', #5400, .T. ) ;
#9623 = CARTESIAN_POINT ( 'NONE',  ( 1.035533905932753518, 76.68750000000000000, -2.499999999999984457 ) ) ;
#9624 = AXIS2_PLACEMENT_3D ( 'NONE', #3398, #6517, #10054 ) ;
#9625 = VECTOR ( 'NONE', #7258, 1000.000000000000114 ) ;
#9626 = CARTESIAN_POINT ( 'NONE',  ( 2.150499723603739533, 66.06250000136559208, 2.150499723603738644 ) ) ;
#9627 = ORIENTED_EDGE ( 'NONE', *, *, #8468, .T. ) ;
#9628 = EDGE_CURVE ( 'NONE', #4993, #6499, #7648, .T. ) ;
#9629 = AXIS2_PLACEMENT_3D ( 'NONE', #3801, #9103, #9154 ) ;
#9630 = CARTESIAN_POINT ( 'NONE',  ( -4.153311931459090722, 80.00000000000001421, 4.999999999999997335 ) ) ;
#9631 = CARTESIAN_POINT ( 'NONE',  ( -1.259733572207478058, 68.37500000136560629, -3.041265874999999674 ) ) ;
#9632 = DIRECTION ( 'NONE',  ( -0.2118537317746339854, 0.9773013845959501733, -1.978081032427849697E-16 ) ) ;
#9633 = ORIENTED_EDGE ( 'NONE', *, *, #8781, .T. ) ;
#9634 = CARTESIAN_POINT ( 'NONE',  ( 3.061616997868383141E-16, 70.00000000000000000, -2.500000000000000000 ) ) ;
#9635 = CARTESIAN_POINT ( 'NONE',  ( 2.150499723603738644, 72.18750000136559208, -2.150499723603739088 ) ) ;
#9636 = EDGE_LOOP ( 'NONE', ( #2753, #1963, #7531, #9734 ) ) ;
#9637 = EDGE_CURVE ( 'NONE', #6636, #4944, #9090, .T. ) ;
#9638 = EDGE_CURVE ( 'NONE', #6414, #8506, #993, .T. ) ;
#9639 = DIRECTION ( 'NONE',  ( 0.000000000000000000, 1.000000000000000000, 0.000000000000000000 ) ) ;
#9640 = CARTESIAN_POINT ( 'NONE',  ( -1.862238259587412120E-16, 79.43750000136559208, -3.041265875000000118 ) ) ;
#9641 = CARTESIAN_POINT ( 'NONE',  ( -1.259733572207478058, 73.50000000136559208, -3.041265875000000563 ) ) ;
#9642 = EDGE_LOOP ( 'NONE', ( #1953, #2859, #6105, #479, #3215, #1134, #3157, #7550, #9719, #2827, #6715, #48, #6255, #3883, #8437, #967, #1377, #7630, #1997, #5463, #1846 ) ) ;
#9643 = CARTESIAN_POINT ( 'NONE',  ( -2.150499723603738200, 76.81250000136559208, 2.150499723603739533 ) ) ;
#9644 = CARTESIAN_POINT ( 'NONE',  ( -2.150499723603738200, 77.68750000136559208, 2.150499723603739533 ) ) ;
#9645 = DIRECTION ( 'NONE',  ( 3.654459117618455932E-16, -1.199456548643360156E-16, -1.000000000000000000 ) ) ;
#9646 = CARTESIAN_POINT ( 'NONE',  ( 4.592425496802573972E-16, 74.25000000000000000, 2.500000000000000000 ) ) ;
#9647 = DIRECTION ( 'NONE',  ( 0.000000000000000000, 0.000000000000000000, 1.000000000000000000 ) ) ;
#9648 = ADVANCED_FACE ( 'NONE', ( #1366 ), #7477, .F. ) ;
#9649 = CARTESIAN_POINT ( 'NONE',  ( 11.00000000000001421, 99.00000000000001421, -19.50000000000000355 ) ) ;
#9650 = EDGE_CURVE ( 'NONE', #9354, #149, #3036, .T. ) ;
#9651 = AXIS2_PLACEMENT_3D ( 'NONE', #6974, #9311, #45 ) ;
#9652 = CARTESIAN_POINT ( 'NONE',  ( 1.767766952966369320, 78.37500000000000000, 1.767766952966368654 ) ) ;
#9653 = VERTEX_POINT ( 'NONE', #6209 ) ;
#9654 = EDGE_LOOP ( 'NONE', ( #5595, #6747, #4284, #4569 ) ) ;
#9655 = CARTESIAN_POINT ( 'NONE',  ( -1.035533905932717103, 67.43750000273118417, 2.500000000000020872 ) ) ;
#9656 = EDGE_CURVE ( 'NONE', #10038, #5235, #490, .T. ) ;
#9657 = CARTESIAN_POINT ( 'NONE',  ( 2.150499723603739533, 77.06250000136559208, 2.150499723603738644 ) ) ;
#9658 = EDGE_CURVE ( 'NONE', #3575, #1020, #2426, .T. ) ;
#9659 = APPLICATION_PROTOCOL_DEFINITION ( 'international standard', 'config_control_design', 1994, #4069 ) ;
#9660 = AXIS2_PLACEMENT_3D ( 'NONE', #8355, #6823, #2611 ) ;
#9661 = FACE_OUTER_BOUND ( 'NONE', #9100, .T. ) ;
#9662 = CARTESIAN_POINT ( 'NONE',  ( 1.035533905932739085, 64.56250000273118417, 2.500000000000000000 ) ) ;
#9663 = EDGE_LOOP ( 'NONE', ( #3084, #4468, #7711, #4365 ) ) ;
#9664 = CARTESIAN_POINT ( 'NONE',  ( -7.804227406124421229, 96.83112135113643149, 19.70000000000001350 ) ) ;
#9665 = DIRECTION ( 'NONE',  ( -0.9606447433647387069, -0.2777799075629753811, -3.481806628802587623E-17 ) ) ;
#9666 = ADVANCED_FACE ( 'NONE', ( #5582 ), #8497, .F. ) ;
#9667 = LINE ( 'NONE', #3295, #7898 ) ;
#9668 = ORIENTED_EDGE ( 'NONE', *, *, #2115, .F. ) ;
#9669 = ORIENTED_EDGE ( 'NONE', *, *, #1334, .T. ) ;
#9670 = CARTESIAN_POINT ( 'NONE',  ( 3.697654713500652055E-14, 99.00000000000001421, -16.20000000000003482 ) ) ;
#9671 = DIRECTION ( 'NONE',  ( 0.000000000000000000, 8.773937619163356039E-17, 1.000000000000000000 ) ) ;
#9672 = VECTOR ( 'NONE', #8681, 1000.000000000000000 ) ;
#9673 = CARTESIAN_POINT ( 'NONE',  ( 9.366286247806238308, 101.7083540987390364, -20.00000000000000000 ) ) ;
#9674 = ORIENTED_EDGE ( 'NONE', *, *, #244, .T. ) ;
#9675 = CARTESIAN_POINT ( 'NONE',  ( -7.810136808629904337, 100.2167487769667389, -21.40000000000000568 ) ) ;
#9676 = CARTESIAN_POINT ( 'NONE',  ( -2.150499723603738200, 64.81250000136559208, 2.150499723603739533 ) ) ;
#9677 = DIRECTION ( 'NONE',  ( 0.000000000000000000, -8.773937619163356039E-17, -1.000000000000000000 ) ) ;
#9678 = CARTESIAN_POINT ( 'NONE',  ( 3.041265875000001007, 65.12500000136559208, 1.259733572207477836 ) ) ;
#9679 = ORIENTED_EDGE ( 'NONE', *, *, #7727, .F. ) ;
#9680 = CARTESIAN_POINT ( 'NONE',  ( 1.618223656202282701, 100.8647014917239630, -12.50000000000001243 ) ) ;
#9681 = CARTESIAN_POINT ( 'NONE',  ( 1.259733572207479835, 64.87500000136559208, 3.041265874999999230 ) ) ;
#9682 = DIRECTION ( 'NONE',  ( 0.000000000000000000, 1.000000000000000000, 0.000000000000000000 ) ) ;
#9683 = EDGE_LOOP ( 'NONE', ( #3898, #7354, #6748, #7620 ) ) ;
#9684 = AXIS2_PLACEMENT_3D ( 'NONE', #1604, #3323, #2514 ) ;
#9685 = PLANE ( 'NONE',  #9710 ) ;
#9686 = CARTESIAN_POINT ( 'NONE',  ( 5.586714778762236360E-16, 72.81250000136559208, 3.041265875000000118 ) ) ;
#9687 = EDGE_LOOP ( 'NONE', ( #9837, #7860, #4259 ) ) ;
#9688 = EDGE_CURVE ( 'NONE', #2254, #1842, #1666, .T. ) ;
#9689 = VECTOR ( 'NONE', #9733, 1000.000000000000000 ) ;
#9690 = CARTESIAN_POINT ( 'NONE',  ( 11.00000000000001421, 76.25000000000001421, 16.99999999999999645 ) ) ;
#9691 = ORIENTED_EDGE ( 'NONE', *, *, #6177, .F. ) ;
#9692 = CARTESIAN_POINT ( 'NONE',  ( 5.586714778762236360E-16, 74.93750000136559208, 3.041265875000000118 ) ) ;
#9693 = CARTESIAN_POINT ( 'NONE',  ( -1.259733572207478725, 66.87500000136559208, 3.041265874999999230 ) ) ;
#9694 = ORIENTED_EDGE ( 'NONE', *, *, #5239, .F. ) ;
#9695 = CARTESIAN_POINT ( 'NONE',  ( 5.586714778762236360E-16, 78.93750000136559208, 3.041265875000000118 ) ) ;
#9696 = CARTESIAN_POINT ( 'NONE',  ( -3.041265875000000118, 79.56250000136559208, 0.000000000000000000 ) ) ;
#9697 = DIRECTION ( 'NONE',  ( 0.9634848649536335019, 0.2677627961559977399, 0.000000000000000000 ) ) ;
#9698 = LINE ( 'NONE', #5831, #406 ) ;
#9699 = DIRECTION ( 'NONE',  ( 0.000000000000000000, 8.773937619163356039E-17, 1.000000000000000000 ) ) ;
#9700 = LINE ( 'NONE', #1201, #1966 ) ;
#9701 = CARTESIAN_POINT ( 'NONE',  ( 1.035533905932739085, 74.31250000000000000, 2.500000000000000000 ) ) ;
#9702 = ORIENTED_EDGE ( 'NONE', *, *, #2720, .F. ) ;
#9703 = EDGE_LOOP ( 'NONE', ( #1904, #2791, #584, #5271 ) ) ;
#9704 = VECTOR ( 'NONE', #5928, 1000.000000000000114 ) ;
#9705 = FACE_OUTER_BOUND ( 'NONE', #5115, .T. ) ;
#9706 = CARTESIAN_POINT ( 'NONE',  ( 3.041265875000000118, 76.18750000136559208, -3.724476519174824240E-16 ) ) ;
#9707 = CARTESIAN_POINT ( 'NONE',  ( 0.000000000000000000, 0.000000000000000000, 0.000000000000000000 ) ) ;
#9708 = PLANE ( 'NONE',  #6318 ) ;
#9709 = CARTESIAN_POINT ( 'NONE',  ( 0.000000000000000000, 0.000000000000000000, 0.000000000000000000 ) ) ;
#9710 = AXIS2_PLACEMENT_3D ( 'NONE', #7546, #8257, #6778 ) ;
#9711 = ORIENTED_EDGE ( 'NONE', *, *, #9029, .T. ) ;
#9712 = LINE ( 'NONE', #4366, #5660 ) ;
#9713 = DIRECTION ( 'NONE',  ( 0.7071067811865512365, 0.7071067811865439090, -6.204110788218130755E-17 ) ) ;
#9714 = CIRCLE ( 'NONE', #3850, 6.000000000000000888 ) ;
#9715 = AXIS2_PLACEMENT_3D ( 'NONE', #218, #7047, #117 ) ;
#9716 = CARTESIAN_POINT ( 'NONE',  ( -0.1837847867492584664, 91.09778906204566340, 21.39999999999999858 ) ) ;
#9717 = EDGE_CURVE ( 'NONE', #6633, #9252, #1637, .T. ) ;
#9718 = VERTEX_POINT ( 'NONE', #7065 ) ;
#9719 = ORIENTED_EDGE ( 'NONE', *, *, #5218, .T. ) ;
#9720 = ADVANCED_FACE ( 'NONE', ( #1618 ), #9403, .F. ) ;
#9721 = CARTESIAN_POINT ( 'NONE',  ( 0.000000000000000000, 70.00000000000000000, 0.000000000000000000 ) ) ;
#9722 = AXIS2_PLACEMENT_3D ( 'NONE', #4422, #7386, #6765 ) ;
#9723 = VECTOR ( 'NONE', #1803, 1000.000000000000000 ) ;
#9724 = CARTESIAN_POINT ( 'NONE',  ( -1.035533905932769505, 69.06250000273118417, -2.499999999999968914 ) ) ;
#9725 = ADVANCED_FACE ( 'NONE', ( #6306 ), #2277, .T. ) ;
#9726 = CYLINDRICAL_SURFACE ( 'NONE', #9131, 2.500000000000000000 ) ;
#9727 = CARTESIAN_POINT ( 'NONE',  ( 1.141573054441753481E-14, 99.00000000000001421, 16.20000000000001350 ) ) ;
#9728 = ORIENTED_EDGE ( 'NONE', *, *, #3496, .F. ) ;
#9729 = PLANE ( 'NONE',  #8587 ) ;
#9730 = FACE_OUTER_BOUND ( 'NONE', #374, .T. ) ;
#9731 = CARTESIAN_POINT ( 'NONE',  ( 2.566703027418150374, 103.5797964549794585, 20.29999999999998295 ) ) ;
#9732 = EDGE_CURVE ( 'NONE', #1217, #2640, #1717, .T. ) ;
#9733 = DIRECTION ( 'NONE',  ( 5.665246594868397106E-32, -0.7071067811865457964, 0.7071067811865492381 ) ) ;
#9734 = ORIENTED_EDGE ( 'NONE', *, *, #392, .F. ) ;
#9735 = DIRECTION ( 'NONE',  ( 0.9634848649536337239, 0.2677627961559977399, 0.000000000000000000 ) ) ;
#9736 =( BOUNDED_CURVE ( )  B_SPLINE_CURVE ( 2, ( #2615, #4812, #3995, #9593, #8632, #4202, #7865, #997, #946 ),
 .UNSPECIFIED., .F., .F. ) 
 B_SPLINE_CURVE_WITH_KNOTS ( ( 3, 2, 2, 2, 3 ),
 ( 0.4833333333333337256, 0.4916666666666670293, 0.5000000000000004441, 0.5083333333333337478, 0.5166666666666671626 ),
 .UNSPECIFIED. ) 
 CURVE ( )  GEOMETRIC_REPRESENTATION_ITEM ( )  RATIONAL_B_SPLINE_CURVE ( ( 0.9999999999999964473, 0.9238795325112902912, 1.000000000000000000, 0.9238795325112867385, 1.000000000000000000, 0.9238795325112867385, 1.000000000000000000, 0.9238795325112826307, 1.000000000000003997 ) ) 
 REPRESENTATION_ITEM ( '' )  );
#9737 = CYLINDRICAL_SURFACE ( 'NONE', #2288, 5.999999999999999112 ) ;
#9738 = DIRECTION ( 'NONE',  ( -0.9606447433647387069, -0.2777799075629756587, 0.000000000000000000 ) ) ;
#9739 = CARTESIAN_POINT ( 'NONE',  ( 1.561251128379126385E-14, 79.50000000000002842, 4.122794866321867394E-15 ) ) ;
#9740 = CARTESIAN_POINT ( 'NONE',  ( -2.150499723603738200, 72.68750000136559208, 2.150499723603739533 ) ) ;
#9741 = VERTEX_POINT ( 'NONE', #7118 ) ;
#9742 = ORIENTED_EDGE ( 'NONE', *, *, #2788, .F. ) ;
#9743 = CARTESIAN_POINT ( 'NONE',  ( -1.259733572207478058, 76.50000000136560629, -3.041265874999999674 ) ) ;
#9744 = CARTESIAN_POINT ( 'NONE',  ( -1.862238259587412120E-16, 68.43750000136560629, -3.041265875000000118 ) ) ;
#9745 = ORIENTED_EDGE ( 'NONE', *, *, #2616, .T. ) ;
#9746 = CARTESIAN_POINT ( 'NONE',  ( 3.041265875000000118, 79.18750000136559208, -3.724476519174824240E-16 ) ) ;
#9747 = CARTESIAN_POINT ( 'NONE',  ( 3.041265874999999674, 77.12500000136559208, -1.259733572207478280 ) ) ;
#9748 = DIRECTION ( 'NONE',  ( 1.000000000000000000, 0.000000000000000000, 0.000000000000000000 ) ) ;
#9749 = DIRECTION ( 'NONE',  ( 2.771172519036345232E-16, -8.684692346097759303E-17, -1.000000000000000000 ) ) ;
#9750 = FACE_OUTER_BOUND ( 'NONE', #1417, .T. ) ;
#9751 = DIRECTION ( 'NONE',  ( -3.654459117618455439E-16, 1.199456548643360156E-16, 1.000000000000000000 ) ) ;
#9752 = CARTESIAN_POINT ( 'NONE',  ( -2.500000000000000444, 72.93750000000000000, -1.035533905932737753 ) ) ;
#9753 = ORIENTED_EDGE ( 'NONE', *, *, #5362, .F. ) ;
#9754 = EDGE_LOOP ( 'NONE', ( #69, #6162, #3590, #8904, #8453 ) ) ;
#9755 = CYLINDRICAL_SURFACE ( 'NONE', #8917, 2.500000000000000000 ) ;
#9756 = VECTOR ( 'NONE', #4203, 1000.000000000000114 ) ;
#9757 = ADVANCED_FACE ( 'NONE', ( #8546 ), #759, .T. ) ;
#9758 = CARTESIAN_POINT ( 'NONE',  ( -1.259733572207478058, 71.50000000136560629, -3.041265874999999674 ) ) ;
#9759 = PERSON_AND_ORGANIZATION ( #9327, #1153 ) ;
#9760 = FACE_OUTER_BOUND ( 'NONE', #6850, .T. ) ;
#9761 = CARTESIAN_POINT ( 'NONE',  ( -4.153311931459089834, 80.00000000000001421, -4.999999999999990230 ) ) ;
#9762 = VERTEX_POINT ( 'NONE', #6727 ) ;
#9763 = CARTESIAN_POINT ( 'NONE',  ( -9.749999999999984013, 99.00000000000001421, -19.19999999999999929 ) ) ;
#9764 = AXIS2_PLACEMENT_3D ( 'NONE', #7132, #5454, #9416 ) ;
#9765 = EDGE_CURVE ( 'NONE', #7350, #4793, #8206, .T. ) ;
#9766 = DIRECTION ( 'NONE',  ( 2.501589552824417682E-12, 0.000000000000000000, 1.000000000000000000 ) ) ;
#9767 = ORIENTED_EDGE ( 'NONE', *, *, #867, .F. ) ;
#9768 = ORIENTED_EDGE ( 'NONE', *, *, #5909, .T. ) ;
#9769 = CARTESIAN_POINT ( 'NONE',  ( 1.141573054441753008E-14, 99.00000000000001421, 16.20000000000004192 ) ) ;
#9770 = VECTOR ( 'NONE', #3954, 1000.000000000000000 ) ;
#9771 = LINE ( 'NONE', #2642, #4742 ) ;
#9772 = DIRECTION ( 'NONE',  ( 3.885780586188047891E-16, -1.065500303100115213E-16, -1.000000000000000000 ) ) ;
#9773 = FACE_OUTER_BOUND ( 'NONE', #6753, .T. ) ;
#9774 = VERTEX_POINT ( 'NONE', #5152 ) ;
#9775 = CARTESIAN_POINT ( 'NONE',  ( 10.50000000000001421, 79.25000000000001421, -20.00000000000000711 ) ) ;
#9776 = CARTESIAN_POINT ( 'NONE',  ( -1.732050807571371642, 82.51000000000003354, -0.9999999999956669106 ) ) ;
#9777 = CARTESIAN_POINT ( 'NONE',  ( 2.500000000000000444, 76.81250000273118417, -1.035533905932737975 ) ) ;
#9778 = CARTESIAN_POINT ( 'NONE',  ( -1.259733572207478502, 77.75000000136560629, 3.041265874999999230 ) ) ;
#9779 = EDGE_CURVE ( 'NONE', #8025, #2704, #8358, .T. ) ;
#9780 = ADVANCED_FACE ( 'NONE', ( #4384 ), #9737, .F. ) ;
#9781 = AXIS2_PLACEMENT_3D ( 'NONE', #7030, #1785, #1584 ) ;
#9782 = ORIENTED_EDGE ( 'NONE', *, *, #8602, .T. ) ;
#9783 = CARTESIAN_POINT ( 'NONE',  ( 4.592425496802573972E-16, 71.25000000000001421, 2.500000000000000000 ) ) ;
#9784 = CARTESIAN_POINT ( 'NONE',  ( 2.487000723523298706, 104.4602955415613366, -12.50000000000001066 ) ) ;
#9785 = EDGE_CURVE ( 'NONE', #1866, #10063, #2175, .T. ) ;
#9786 = CARTESIAN_POINT ( 'NONE',  ( 1.035533905932760179, 68.31249999999998579, 2.499999999999978684 ) ) ;
#9787 = DIRECTION ( 'NONE',  ( 0.9634848649536335019, 0.2677627961559984060, 0.000000000000000000 ) ) ;
#9788 = AXIS2_PLACEMENT_3D ( 'NONE', #6666, #5901, #7281 ) ;
#9789 = CARTESIAN_POINT ( 'NONE',  ( 2.500000000000000000, 75.75000000273118417, -3.061616997868383141E-16 ) ) ;
#9790 = CARTESIAN_POINT ( 'NONE',  ( 2.150499723603738644, 70.18750000136560629, -2.150499723603739088 ) ) ;
#9791 = ORIENTED_EDGE ( 'NONE', *, *, #4303, .F. ) ;
#9792 = ORIENTED_EDGE ( 'NONE', *, *, #3726, .F. ) ;
#9793 = AXIS2_PLACEMENT_3D ( 'NONE', #2643, #5853, #5802 ) ;
#9794 = CARTESIAN_POINT ( 'NONE',  ( -1.259733572207478058, 77.50000000136559208, -3.041265874999999674 ) ) ;
#9795 = CARTESIAN_POINT ( 'NONE',  ( 1.259733572207478058, 69.37500000136559208, -3.041265875000000563 ) ) ;
#9796 = EDGE_LOOP ( 'NONE', ( #5175, #2535 ) ) ;
#9797 = CARTESIAN_POINT ( 'NONE',  ( -1.259733572207478502, 74.75000000136559208, 3.041265874999999230 ) ) ;
#9798 = AXIS2_PLACEMENT_3D ( 'NONE', #3178, #8538, #6297 ) ;
#9799 = LINE ( 'NONE', #5071, #6782 ) ;
#9800 = DIRECTION ( 'NONE',  ( 1.000000000000000000, 0.000000000000000000, 0.000000000000000000 ) ) ;
#9801 = DIRECTION ( 'NONE',  ( 0.000000000000000000, 1.000000000000000000, 1.652117596168388495E-16 ) ) ;
#9802 = CARTESIAN_POINT ( 'NONE',  ( 1.767766952966369320, 72.37500000000000000, 1.767766952966368654 ) ) ;
#9803 = ORIENTED_EDGE ( 'NONE', *, *, #1264, .F. ) ;
#9804 = ORIENTED_EDGE ( 'NONE', *, *, #6283, .F. ) ;
#9805 = CARTESIAN_POINT ( 'NONE',  ( 4.592425496802573972E-16, 67.50000000273119838, 2.500000000000000000 ) ) ;
#9806 = CARTESIAN_POINT ( 'NONE',  ( 3.041265875000001007, 72.12500000136559208, 1.259733572207477836 ) ) ;
#9807 = DIRECTION ( 'NONE',  ( -3.126313675089213528E-17, -9.172147645215891396E-17, -1.000000000000000000 ) ) ;
#9808 = CARTESIAN_POINT ( 'NONE',  ( -1.035533905932729981, 78.06250000273119838, -2.500000000000007994 ) ) ;
#9809 = ORIENTED_EDGE ( 'NONE', *, *, #7906, .F. ) ;
#9810 = DIRECTION ( 'NONE',  ( 0.5773502691896251759, 0.5773502691896251759, -0.5773502691896271743 ) ) ;
#9811 = DIRECTION ( 'NONE',  ( 0.000000000000000000, 1.000000000000000000, 0.000000000000000000 ) ) ;
#9812 = ADVANCED_FACE ( 'NONE', ( #6628 ), #4286, .F. ) ;
#9813 = CARTESIAN_POINT ( 'NONE',  ( -1.530808498934191571E-16, 73.75000000000000000, -2.500000000000000000 ) ) ;
#9814 = CIRCLE ( 'NONE', #2823, 0.2000000000000362876 ) ;
#9815 = ORIENTED_EDGE ( 'NONE', *, *, #4050, .F. ) ;
#9816 = VERTEX_POINT ( 'NONE', #5254 ) ;
#9817 = AXIS2_PLACEMENT_3D ( 'NONE', #2834, #5993, #3547 ) ;
#9818 = CARTESIAN_POINT ( 'NONE',  ( -2.500000000000000444, 77.18750000273121259, -1.035533905932737753 ) ) ;
#9819 = LINE ( 'NONE', #6667, #5556 ) ;
#9820 = CARTESIAN_POINT ( 'NONE',  ( 0.4361710909504404876, 98.75555209262682865, -20.30000000000001137 ) ) ;
#9821 = ORIENTED_EDGE ( 'NONE', *, *, #6037, .T. ) ;
#9822 = DIRECTION ( 'NONE',  ( 3.654459117618455439E-16, -1.199456548643360156E-16, -1.000000000000000000 ) ) ;
#9823 = PLANE ( 'NONE',  #6085 ) ;
#9824 = DIRECTION ( 'NONE',  ( 0.000000000000000000, 1.000000000000000000, 0.000000000000000000 ) ) ;
#9825 = CARTESIAN_POINT ( 'NONE',  ( 2.150499723603739533, 74.93750000136559208, 2.150499723603738644 ) ) ;
#9826 = VERTEX_POINT ( 'NONE', #6681 ) ;
#9827 = VECTOR ( 'NONE', #2870, 1000.000000000000000 ) ;
#9828 = FACE_BOUND ( 'NONE', #3047, .T. ) ;
#9829 = DIRECTION ( 'NONE',  ( 0.000000000000000000, -0.5150380749100552658, -0.8571673007021116675 ) ) ;
#9830 = CARTESIAN_POINT ( 'NONE',  ( 2.500000000000000444, 66.43750000000000000, 1.035533905932737309 ) ) ;
#9831 = CARTESIAN_POINT ( 'NONE',  ( 3.985202476878567978E-14, 99.00000000000001421, -67.99999999999998579 ) ) ;
#9832 = DIRECTION ( 'NONE',  ( 0.9634848649536252863, 0.2677627961560277714, 0.000000000000000000 ) ) ;
#9833 = CARTESIAN_POINT ( 'NONE',  ( 4.592425496802573972E-16, 78.50000000273118417, 2.500000000000000000 ) ) ;
#9834 = CARTESIAN_POINT ( 'NONE',  ( 2.150499723603739533, 69.93750000136560629, 2.150499723603738644 ) ) ;
#9835 = ORIENTED_EDGE ( 'NONE', *, *, #2092, .T. ) ;
#9836 = VECTOR ( 'NONE', #7036, 1000.000000000000000 ) ;
#9837 = ORIENTED_EDGE ( 'NONE', *, *, #8166, .T. ) ;
#9838 = CARTESIAN_POINT ( 'NONE',  ( 3.041265875000001007, 77.12500000136559208, 1.259733572207477836 ) ) ;
#9839 = CARTESIAN_POINT ( 'NONE',  ( -2.150499723603739088, 67.56250000136560629, -2.150499723603739088 ) ) ;
#9840 = EDGE_CURVE ( 'NONE', #9599, #2276, #5106, .T. ) ;
#9841 = ORIENTED_EDGE ( 'NONE', *, *, #2368, .F. ) ;
#9842 = EDGE_CURVE ( 'NONE', #2935, #6576, #7170, .T. ) ;
#9843 = CARTESIAN_POINT ( 'NONE',  ( -1.259733572207478058, 75.37500000136562051, -3.041265874999999674 ) ) ;
#9844 = LINE ( 'NONE', #3627, #7909 ) ;
#9845 = EDGE_CURVE ( 'NONE', #4704, #8052, #9110, .T. ) ;
#9846 = LINE ( 'NONE', #5120, #1221 ) ;
#9847 = CARTESIAN_POINT ( 'NONE',  ( 9.366286247806238308, 101.7083540987390364, -19.20000000000000639 ) ) ;
#9848 = CARTESIAN_POINT ( 'NONE',  ( -2.500000000000000000, 74.06250000000000000, 1.035533905932739307 ) ) ;
#9849 = ORIENTED_EDGE ( 'NONE', *, *, #2819, .T. ) ;
#9850 = VERTEX_POINT ( 'NONE', #7492 ) ;
#9851 = AXIS2_PLACEMENT_3D ( 'NONE', #3179, #9251, #9301 ) ;
#9852 = DIRECTION ( 'NONE',  ( 3.885780586188047891E-16, -1.065500303100115213E-16, -1.000000000000000000 ) ) ;
#9853 = CARTESIAN_POINT ( 'NONE',  ( 1.259733572207478058, 72.37500000136560629, -3.041265874999999674 ) ) ;
#9854 = FACE_OUTER_BOUND ( 'NONE', #7760, .T. ) ;
#9855 = DIRECTION ( 'NONE',  ( -3.654459117618455439E-16, 1.199456548643360156E-16, 1.000000000000000000 ) ) ;
#9856 = ORIENTED_EDGE ( 'NONE', *, *, #6166, .F. ) ;
#9857 = DIRECTION ( 'NONE',  ( -3.654459117618455439E-16, 1.199456548643360156E-16, 1.000000000000000000 ) ) ;
#9858 = CARTESIAN_POINT ( 'NONE',  ( -3.968626966596887851, 76.25000000000000000, -4.500000000000000000 ) ) ;
#9859 = CARTESIAN_POINT ( 'NONE',  ( 9.000000000000014211, 99.00000000000001421, -19.19999999999999929 ) ) ;
#9860 = EDGE_LOOP ( 'NONE', ( #23, #9867, #525, #4502 ) ) ;
#9861 = ORIENTED_EDGE ( 'NONE', *, *, #626, .F. ) ;
#9862 = CARTESIAN_POINT ( 'NONE',  ( -1.767766952966368432, 73.37500000273118417, 1.767766952966369320 ) ) ;
#9863 = AXIS2_PLACEMENT_3D ( 'NONE', #9981, #5356, #5304 ) ;
#9864 = AXIS2_PLACEMENT_3D ( 'NONE', #5879, #8321, #1345 ) ;
#9865 = DIRECTION ( 'NONE',  ( -0.4888958147463141057, -0.8723421819008512212, 0.000000000000000000 ) ) ;
#9866 = FACE_OUTER_BOUND ( 'NONE', #8941, .T. ) ;
#9867 = ORIENTED_EDGE ( 'NONE', *, *, #4858, .F. ) ;
#9868 = CARTESIAN_POINT ( 'NONE',  ( 0.8660254037831912610, 82.51000000000003354, -0.5000000000021653790 ) ) ;
#9869 = CARTESIAN_POINT ( 'NONE',  ( 10.50000000000001421, 80.00000000000001421, 14.99999999999999467 ) ) ;
#9870 = DIRECTION ( 'NONE',  ( 0.000000000000000000, 0.000000000000000000, 1.000000000000000000 ) ) ;
#9871 = CARTESIAN_POINT ( 'NONE',  ( -1.259733572207478058, 72.37500000136560629, -3.041265874999999674 ) ) ;
#9872 = CARTESIAN_POINT ( 'NONE',  ( 6.000000000000015987, 76.25000000000001421, 4.265371352633272014E-15 ) ) ;
#9873 = ORIENTED_EDGE ( 'NONE', *, *, #2505, .T. ) ;
#9874 = AXIS2_PLACEMENT_3D ( 'NONE', #5094, #4519, #1320 ) ;
#9875 = DIRECTION ( 'NONE',  ( 0.000000000000000000, -0.000000000000000000, -1.000000000000000000 ) ) ;
#9876 = EDGE_CURVE ( 'NONE', #4628, #1328, #519, .T. ) ;
#9877 = CARTESIAN_POINT ( 'NONE',  ( 2.500000000000000444, 70.43750000000001421, 1.035533905932737309 ) ) ;
#9878 = CARTESIAN_POINT ( 'NONE',  ( 2.500000000000000000, 66.50000000000000000, -3.061616997868383141E-16 ) ) ;
#9879 = CARTESIAN_POINT ( 'NONE',  ( 1.561251128379126385E-14, 99.00000000000001421, 20.00000000000000000 ) ) ;
#9880 = DIRECTION ( 'NONE',  ( -3.885780586188047891E-16, 1.000000000000000000, 2.603240987229339518E-29 ) ) ;
#9881 = CARTESIAN_POINT ( 'NONE',  ( 1.035533905932739085, 78.56250000273119838, 2.500000000000000000 ) ) ;
#9882 = CIRCLE ( 'NONE', #456, 9.704347826086959117 ) ;
#9883 = CARTESIAN_POINT ( 'NONE',  ( -1.862238259587412120E-16, 65.31250000136559208, -3.041265875000000118 ) ) ;
#9884 = EDGE_LOOP ( 'NONE', ( #2876, #4987, #1350, #6604 ) ) ;
#9885 = ADVANCED_FACE ( 'NONE', ( #7342 ), #2086, .F. ) ;
#9886 = CARTESIAN_POINT ( 'NONE',  ( -3.041265874999999674, 76.62500000136560629, -1.259733572207478058 ) ) ;
#9887 = CARTESIAN_POINT ( 'NONE',  ( 3.041265875000000563, 69.25000000136559208, -1.259733572207478502 ) ) ;
#9888 = ORIENTED_EDGE ( 'NONE', *, *, #3057, .F. ) ;
#9889 = CARTESIAN_POINT ( 'NONE',  ( 1.259733572207479835, 73.87500000136560629, 3.041265874999999230 ) ) ;
#9890 = CARTESIAN_POINT ( 'NONE',  ( -0.2393002419622936860, 80.00000000000002842, 3.040597867886644323 ) ) ;
#9891 = CARTESIAN_POINT ( 'NONE',  ( 3.041265875000000563, 77.12500000136560629, -1.259733572207478502 ) ) ;
#9892 = DIRECTION ( 'NONE',  ( -0.7071067811865489050, -6.204110788218155407E-17, -0.7071067811865462405 ) ) ;
#9893 = LINE ( 'NONE', #9286, #9064 ) ;
#9894 = EDGE_CURVE ( 'NONE', #1818, #5578, #4236, .T. ) ;
#9895 = CARTESIAN_POINT ( 'NONE',  ( -2.500000000000000000, 75.06250000000000000, 1.035533905932739307 ) ) ;
#9896 = ORIENTED_EDGE ( 'NONE', *, *, #2407, .T. ) ;
#9897 = ORIENTED_EDGE ( 'NONE', *, *, #4937, .F. ) ;
#9898 = ADVANCED_FACE ( 'NONE', ( #1487, #668 ), #8510, .F. ) ;
#9899 = FACE_OUTER_BOUND ( 'NONE', #5077, .T. ) ;
#9900 = CARTESIAN_POINT ( 'NONE',  ( -1.259733572207478502, 73.87500000136560629, 3.041265874999999230 ) ) ;
#9901 = EDGE_CURVE ( 'NONE', #9565, #310, #8409, .T. ) ;
#9902 = CARTESIAN_POINT ( 'NONE',  ( -4.169085292408304610, 96.62119193194901356, -20.30000000000000071 ) ) ;
#9903 = CARTESIAN_POINT ( 'NONE',  ( -2.500000000000000000, 71.00000000000001421, 0.000000000000000000 ) ) ;
#9904 = ORIENTED_EDGE ( 'NONE', *, *, #6213, .F. ) ;
#9905 = CARTESIAN_POINT ( 'NONE',  ( -3.333333333333295734, 86.41666666666667140, -27.16666666666669627 ) ) ;
#9906 = DIRECTION ( 'NONE',  ( 3.885780586188047891E-16, -1.065500303100115213E-16, -1.000000000000000000 ) ) ;
#9907 = VECTOR ( 'NONE', #3707, 1000.000000000000000 ) ;
#9908 = FACE_OUTER_BOUND ( 'NONE', #4575, .T. ) ;
#9909 = ORIENTED_EDGE ( 'NONE', *, *, #3990, .F. ) ;
#9910 = ORIENTED_EDGE ( 'NONE', *, *, #4469, .F. ) ;
#9911 = DIRECTION ( 'NONE',  ( -1.665334536937734071E-16, 4.229157726022815470E-17, 1.000000000000000000 ) ) ;
#9912 = LINE ( 'NONE', #8547, #1502 ) ;
#9913 = CARTESIAN_POINT ( 'NONE',  ( 1.767766952966369320, 67.37500000000000000, 1.767766952966368654 ) ) ;
#9914 = AXIS2_PLACEMENT_3D ( 'NONE', #8906, #8142, #3397 ) ;
#9915 = VERTEX_POINT ( 'NONE', #4587 ) ;
#9916 = DIRECTION ( 'NONE',  ( 0.9634848649536336129, 0.2677627961559977954, 0.000000000000000000 ) ) ;
#9917 = CARTESIAN_POINT ( 'NONE',  ( -1.035533905932759291, 76.18749999999998579, 2.499999999999978684 ) ) ;
#9918 = CYLINDRICAL_SURFACE ( 'NONE', #4943, 2.500000000000000000 ) ;
#9919 = CARTESIAN_POINT ( 'NONE',  ( 1.259733572207478058, 74.25000000136559208, -3.041265874999999674 ) ) ;
#9920 = CARTESIAN_POINT ( 'NONE',  ( 0.000000000000000000, 80.00000000000000000, 0.000000000000000000 ) ) ;
#9921 = VECTOR ( 'NONE', #3461, 1000.000000000000000 ) ;
#9922 = ORIENTED_EDGE ( 'NONE', *, *, #7331, .F. ) ;
#9923 = CARTESIAN_POINT ( 'NONE',  ( 2.150499723603739533, 77.06250000136559208, 2.150499723603738644 ) ) ;
#9924 = AXIS2_PLACEMENT_3D ( 'NONE', #7675, #801, #3892 ) ;
#9925 = DIRECTION ( 'NONE',  ( 3.654459117618455439E-16, -1.199456548643360156E-16, -1.000000000000000000 ) ) ;
#9926 = CARTESIAN_POINT ( 'NONE',  ( 3.696544490476026646E-14, 99.00000000000001421, -16.00000000000000355 ) ) ;
#9927 = CARTESIAN_POINT ( 'NONE',  ( -0.4786004839246164599, 80.00000000000002842, 6.081195735773281541 ) ) ;
#9928 = LINE ( 'NONE', #8459, #6141 ) ;
#9929 = CARTESIAN_POINT ( 'NONE',  ( 1.154700538379252794, 83.55000000000002558, -2.888586803450264932E-12 ) ) ;
#9930 = CARTESIAN_POINT ( 'NONE',  ( -1.767766952966368432, 78.37500000273118417, 1.767766952966369320 ) ) ;
#9931 = CARTESIAN_POINT ( 'NONE',  ( 5.586714778762236360E-16, 65.81250000136559208, 3.041265875000000118 ) ) ;
#9932 = ORIENTED_EDGE ( 'NONE', *, *, #1334, .F. ) ;
#9933 = ADVANCED_FACE ( 'NONE', ( #2242 ), #9168, .T. ) ;
#9934 = CARTESIAN_POINT ( 'NONE',  ( 5.586714778762236360E-16, 72.93750000136559208, 3.041265875000000118 ) ) ;
#9935 = ORIENTED_EDGE ( 'NONE', *, *, #7875, .F. ) ;
#9936 = ORIENTED_EDGE ( 'NONE', *, *, #321, .T. ) ;
#9937 = TOROIDAL_SURFACE ( 'NONE', #4411, 6.200000000000001066, 0.2000000000000319855 ) ;
#9938 = CARTESIAN_POINT ( 'NONE',  ( 3.041265875000000118, 70.06250000136560629, -3.724476519174824240E-16 ) ) ;
#9939 = CARTESIAN_POINT ( 'NONE',  ( -2.770632937499999837, 79.84375000068280315, 0.000000000000000000 ) ) ;
#9940 = ADVANCED_FACE ( 'NONE', ( #4533 ), #6932, .T. ) ;
#9941 = CARTESIAN_POINT ( 'NONE',  ( -2.150499723603739088, 77.43750000136559208, -2.150499723603739088 ) ) ;
#9942 = VECTOR ( 'NONE', #6828, 1000.000000000000000 ) ;
#9943 = CARTESIAN_POINT ( 'NONE',  ( -2.150499723603739088, 79.43750000136559208, -2.150499723603739088 ) ) ;
#9944 = FACE_OUTER_BOUND ( 'NONE', #37, .T. ) ;
#9945 = CARTESIAN_POINT ( 'NONE',  ( -1.035533905932738197, 69.18750000000000000, 2.500000000000000000 ) ) ;
#9946 = EDGE_LOOP ( 'NONE', ( #8686, #6714, #526, #8738, #3485 ) ) ;
#9947 = ORIENTED_EDGE ( 'NONE', *, *, #3122, .T. ) ;
#9948 = CARTESIAN_POINT ( 'NONE',  ( 11.00000000000001421, 110.0000000000000142, -20.00000000000000000 ) ) ;
#9949 = VECTOR ( 'NONE', #8597, 1000.000000000000227 ) ;
#9950 = CARTESIAN_POINT ( 'NONE',  ( -1.862238259587412120E-16, 72.43750000136559208, -3.041265875000000118 ) ) ;
#9951 = LINE ( 'NONE', #7054, #3930 ) ;
#9952 = ADVANCED_FACE ( 'NONE', ( #3763, #3868 ), #10030, .F. ) ;
#9953 = DIRECTION ( 'NONE',  ( 3.885780586188047398E-16, -1.000000000000000000, -2.603240987229321021E-29 ) ) ;
#9954 = CYLINDRICAL_SURFACE ( 'NONE', #2027, 2.500000000000000000 ) ;
#9955 = ORIENTED_EDGE ( 'NONE', *, *, #3238, .T. ) ;
#9956 = CARTESIAN_POINT ( 'NONE',  ( 3.400058012914544666E-15, 78.90000000000001990, -2.277835863825673830E-28 ) ) ;
#9957 = EDGE_CURVE ( 'NONE', #5886, #3751, #8312, .T. ) ;
#9958 = CARTESIAN_POINT ( 'NONE',  ( -1.767766952966369098, 73.87500000000000000, -1.767766952966369098 ) ) ;
#9959 = CARTESIAN_POINT ( 'NONE',  ( -1.530808498934191571E-16, 65.00000000273119838, -2.500000000000000000 ) ) ;
#9960 = ORIENTED_EDGE ( 'NONE', *, *, #3837, .T. ) ;
#9961 = ORIENTED_EDGE ( 'NONE', *, *, #2648, .T. ) ;
#9962 = ORIENTED_EDGE ( 'NONE', *, *, #1635, .T. ) ;
#9963 = ADVANCED_FACE ( 'NONE', ( #3710 ), #8956, .F. ) ;
#9964 = CARTESIAN_POINT ( 'NONE',  ( -1.035533905932754406, 77.18749999999998579, 2.499999999999984013 ) ) ;
#9965 = DIRECTION ( 'NONE',  ( 1.000000000000000000, 0.000000000000000000, 0.000000000000000000 ) ) ;
#9966 = CARTESIAN_POINT ( 'NONE',  ( 2.500000000000000444, 68.68750000273118417, 1.035533905932737309 ) ) ;
#9967 = EDGE_CURVE ( 'NONE', #3517, #5619, #4479, .T. ) ;
#9968 = ORIENTED_EDGE ( 'NONE', *, *, #3424, .T. ) ;
#9969 = DIRECTION ( 'NONE',  ( 0.000000000000000000, 0.000000000000000000, 1.000000000000000000 ) ) ;
#9970 = CARTESIAN_POINT ( 'NONE',  ( 0.2393002419775639988, 81.90000000000003411, 3.040597867885447503 ) ) ;
#9971 = CARTESIAN_POINT ( 'NONE',  ( -1.035533905932727761, 64.43750000273116996, 2.500000000000010658 ) ) ;
#9972 = CARTESIAN_POINT ( 'NONE',  ( 1.259733572207479835, 74.87500000136559208, 3.041265874999999230 ) ) ;
#9973 = DIRECTION ( 'NONE',  ( 0.000000000000000000, -1.000000000000000000, 0.000000000000000000 ) ) ;
#9974 = APPROVAL ( #9553, 'UNSPECIFIED' ) ;
#9975 = EDGE_LOOP ( 'NONE', ( #4725, #4001, #4571, #5904 ) ) ;
#9976 = CARTESIAN_POINT ( 'NONE',  ( 1.259733572207478058, 75.37500000136562051, -3.041265875000000563 ) ) ;
#9977 = CYLINDRICAL_SURFACE ( 'NONE', #2272, 11.00000000000000000 ) ;
#9978 = DIRECTION ( 'NONE',  ( -3.126313675089213528E-17, -9.172147645215891396E-17, -1.000000000000000000 ) ) ;
#9979 = DIRECTION ( 'NONE',  ( -0.2777799075629753811, 0.9606447433647388179, -7.942748297062766199E-17 ) ) ;
#9980 = CARTESIAN_POINT ( 'NONE',  ( 1.561251128379126385E-14, 109.5000000000000142, 14.99999999999999289 ) ) ;
#9981 = CARTESIAN_POINT ( 'NONE',  ( -10.49999999999998401, 110.0000000000000284, 20.00000000000000000 ) ) ;
#9982 = CARTESIAN_POINT ( 'NONE',  ( -2.500000000000000000, 77.25000000273118417, 0.000000000000000000 ) ) ;
#9983 = CIRCLE ( 'NONE', #2171, 9.000000000000000000 ) ;
#9984 = CARTESIAN_POINT ( 'NONE',  ( -3.041265875000000118, 67.56250000136560629, 0.000000000000000000 ) ) ;
#9985 = VERTEX_POINT ( 'NONE', #6069 ) ;
#9986 = CARTESIAN_POINT ( 'NONE',  ( -2.150499723603738200, 73.81250000136559208, 2.150499723603739533 ) ) ;
#9987 = ORIENTED_EDGE ( 'NONE', *, *, #1821, .F. ) ;
#9988 = ORIENTED_EDGE ( 'NONE', *, *, #513, .T. ) ;
#9989 = CARTESIAN_POINT ( 'NONE',  ( 1.259733572207478058, 72.25000000136559208, -3.041265874999999674 ) ) ;
#9990 = CARTESIAN_POINT ( 'NONE',  ( 11.00000000000001421, 76.54105339059330504, 16.58394660940674470 ) ) ;
#9991 = AXIS2_PLACEMENT_3D ( 'NONE', #4790, #8659, #5459 ) ;
#9992 = CARTESIAN_POINT ( 'NONE',  ( -1.862238259587412120E-16, 78.31250000136559208, -3.041265875000000118 ) ) ;
#9993 = CARTESIAN_POINT ( 'NONE',  ( 1.144903723515628919E-14, 99.00000000000001421, 16.00000000000000711 ) ) ;
#9994 = CYLINDRICAL_SURFACE ( 'NONE', #282, 2.500000000000000000 ) ;
#9995 = CARTESIAN_POINT ( 'NONE',  ( 1.767766952966368654, 71.62500000000000000, -1.767766952966369098 ) ) ;
#9996 = EDGE_LOOP ( 'NONE', ( #9835, #2302, #3728, #6979 ) ) ;
#9997 = EDGE_LOOP ( 'NONE', ( #7921, #3484 ) ) ;
#9998 = LINE ( 'NONE', #4606, #6635 ) ;
#9999 = CARTESIAN_POINT ( 'NONE',  ( -1.259733572207478502, 67.87500000136559208, 3.041265874999999230 ) ) ;
#10000 = FACE_OUTER_BOUND ( 'NONE', #292, .T. ) ;
#10001 = CARTESIAN_POINT ( 'NONE',  ( 1.561251128379126385E-14, 99.00000000000001421, 20.00000000000000000 ) ) ;
#10002 = DIRECTION ( 'NONE',  ( 1.000000000000000000, 9.398538128609710963E-32, 0.000000000000000000 ) ) ;
#10003 = VERTEX_POINT ( 'NONE', #9927 ) ;
#10004 = DIRECTION ( 'NONE',  ( 0.000000000000000000, 0.000000000000000000, -1.000000000000000000 ) ) ;
#10005 = CARTESIAN_POINT ( 'NONE',  ( 3.291061867471974075E-15, 79.18050000000000921, -2.204814954133893879E-28 ) ) ;
#10006 = AXIS2_PLACEMENT_3D ( 'NONE', #2599, #1744, #6329 ) ;
#10007 = CARTESIAN_POINT ( 'NONE',  ( -2.500000000000000444, 79.93750000000001421, -1.035533905932737753 ) ) ;
#10008 = ORIENTED_EDGE ( 'NONE', *, *, #5423, .F. ) ;
#10009 = ORIENTED_EDGE ( 'NONE', *, *, #4743, .T. ) ;
#10010 = ORIENTED_EDGE ( 'NONE', *, *, #1260, .F. ) ;
#10011 = CARTESIAN_POINT ( 'NONE',  ( -2.150499723603739088, 78.56250000136559208, -2.150499723603739088 ) ) ;
#10012 = VECTOR ( 'NONE', #966, 1000.000000000000000 ) ;
#10013 = DIRECTION ( 'NONE',  ( -1.000000000000000000, -9.398538128609710963E-32, -0.000000000000000000 ) ) ;
#10014 = CARTESIAN_POINT ( 'NONE',  ( 1.767766952966368654, 69.87500000273119838, -1.767766952966369098 ) ) ;
#10015 = VERTEX_POINT ( 'NONE', #7166 ) ;
#10016 = CARTESIAN_POINT ( 'NONE',  ( 2.500000000000000444, 77.43750000000001421, 1.035533905932737309 ) ) ;
#10017 = FACE_OUTER_BOUND ( 'NONE', #8251, .T. ) ;
#10018 = EDGE_CURVE ( 'NONE', #1145, #5176, #7590, .T. ) ;
#10019 = CARTESIAN_POINT ( 'NONE',  ( -1.259733572207478502, 68.75000000136559208, 3.041265874999999230 ) ) ;
#10020 = DIRECTION ( 'NONE',  ( -1.665334536937734071E-16, 4.229157726022815470E-17, 1.000000000000000000 ) ) ;
#10021 = ORIENTED_EDGE ( 'NONE', *, *, #1850, .F. ) ;
#10022 = EDGE_CURVE ( 'NONE', #7563, #5040, #3740, .T. ) ;
#10023 = EDGE_LOOP ( 'NONE', ( #1309, #7624, #9258, #8605, #8140 ) ) ;
#10024 = AXIS2_PLACEMENT_3D ( 'NONE', #6503, #444, #492 ) ;
#10025 = ADVANCED_FACE ( 'NONE', ( #7642 ), #6118, .F. ) ;
#10026 = CARTESIAN_POINT ( 'NONE',  ( 3.041265875000001007, 75.12500000136560629, 1.259733572207477836 ) ) ;
#10027 = AXIS2_PLACEMENT_3D ( 'NONE', #6589, #3577, #9697 ) ;
#10028 = DIRECTION ( 'NONE',  ( 5.551115123125783935E-17, -6.662983475941639612E-17, -1.000000000000000000 ) ) ;
#10029 = CARTESIAN_POINT ( 'NONE',  ( 3.061616997868383141E-16, 70.00000000000000000, -2.500000000000000000 ) ) ;
#10030 = PLANE ( 'NONE',  #4400 ) ;
#10031 = CARTESIAN_POINT ( 'NONE',  ( -1.767766952966368432, 68.12500000000000000, 1.767766952966369320 ) ) ;
#10032 = DIRECTION ( 'NONE',  ( 1.000000000000000000, 0.000000000000000000, 0.000000000000000000 ) ) ;
#10033 = CARTESIAN_POINT ( 'NONE',  ( -2.500000000000000000, 74.31250000273121259, 1.035533905932739307 ) ) ;
#10034 = EDGE_CURVE ( 'NONE', #1293, #3875, #3099, .T. ) ;
#10035 = CARTESIAN_POINT ( 'NONE',  ( -1.259733572207478725, 67.75000000136559208, 3.041265874999999230 ) ) ;
#10036 = AXIS2_PLACEMENT_3D ( 'NONE', #5963, #1894, #8207 ) ;
#10037 = CARTESIAN_POINT ( 'NONE',  ( 3.041265875000001007, 74.12500000136559208, 1.259733572207477836 ) ) ;
#10038 = VERTEX_POINT ( 'NONE', #1719 ) ;
#10039 = ORIENTED_EDGE ( 'NONE', *, *, #3585, .F. ) ;
#10040 = CARTESIAN_POINT ( 'NONE',  ( 1.259733572207479835, 70.87500000136559208, 3.041265874999999230 ) ) ;
#10041 = CIRCLE ( 'NONE', #9722, 0.2000000000000325684 ) ;
#10042 = DIRECTION ( 'NONE',  ( 0.000000000000000000, 0.000000000000000000, -1.000000000000000000 ) ) ;
#10043 = AXIS2_PLACEMENT_3D ( 'NONE', #7959, #4088, #3319 ) ;
#10044 = CARTESIAN_POINT ( 'NONE',  ( 5.586714778762236360E-16, 78.81250000136559208, 3.041265875000000118 ) ) ;
#10045 = CARTESIAN_POINT ( 'NONE',  ( -1.530808498934191571E-16, 73.00000000273118417, -2.500000000000000000 ) ) ;
#10046 = CARTESIAN_POINT ( 'NONE',  ( 4.592425496802573972E-16, 66.50000000273119838, 2.500000000000000000 ) ) ;
#10047 = VECTOR ( 'NONE', #6709, 1000.000000000000000 ) ;
#10048 = CARTESIAN_POINT ( 'NONE',  ( 4.592425496802573972E-16, 69.25000000000000000, 2.500000000000000000 ) ) ;
#10049 = AXIS2_PLACEMENT_3D ( 'NONE', #5985, #3834, #2106 ) ;
#10050 = EDGE_LOOP ( 'NONE', ( #655, #8889, #2072, #325 ) ) ;
#10051 = ORIENTED_EDGE ( 'NONE', *, *, #3642, .T. ) ;
#10052 = CYLINDRICAL_SURFACE ( 'NONE', #4364, 1.024434782608709904 ) ;
#10053 = CARTESIAN_POINT ( 'NONE',  ( -2.150499723603738200, 68.81250000136560629, 2.150499723603739533 ) ) ;
#10054 = DIRECTION ( 'NONE',  ( 0.9256659661250533633, 0.3783418020226835266, 3.575146948697719901E-16 ) ) ;
#10055 =( BOUNDED_CURVE ( )  B_SPLINE_CURVE ( 2, ( #9571, #9519, #4075, #8098, #8964 ),
 .UNSPECIFIED., .F., .T. ) 
 B_SPLINE_CURVE_WITH_KNOTS ( ( 3, 2, 3 ),
 ( 0.6666666666666662966, 0.6749999999999997113, 0.6833333333333330151 ),
 .UNSPECIFIED. ) 
 CURVE ( )  GEOMETRIC_REPRESENTATION_ITEM ( )  RATIONAL_B_SPLINE_CURVE ( ( 1.000000000000003109, 0.9238795325112837409, 1.000000000000000000, 0.9238795325112897361, 0.9999999999999970024 ) ) 
 REPRESENTATION_ITEM ( '' )  );
#10056 = LINE ( 'NONE', #2111, #616 ) ;
#10057 = CARTESIAN_POINT ( 'NONE',  ( -1.035533905932748411, 65.81250000000000000, -2.499999999999989786 ) ) ;
#10058 = VERTEX_POINT ( 'NONE', #7925 ) ;
#10059 = DIRECTION ( 'NONE',  ( -3.885780586188047891E-16, 1.000000000000000000, 2.603240987229339518E-29 ) ) ;
#10060 = DIRECTION ( 'NONE',  ( 0.000000000000000000, 1.000000000000000000, 0.000000000000000000 ) ) ;
#10061 = DIRECTION ( 'NONE',  ( -1.000000000000000000, -9.398538128609710963E-32, -0.000000000000000000 ) ) ;
#10062 = EDGE_CURVE ( 'NONE', #837, #1567, #8458, .T. ) ;
#10063 = VERTEX_POINT ( 'NONE', #186 ) ;
#10064 = VERTEX_POINT ( 'NONE', #6404 ) ;
#10065 = ORIENTED_EDGE ( 'NONE', *, *, #753, .T. ) ;
#10066 = CARTESIAN_POINT ( 'NONE',  ( -2.500000000000000000, 79.06250000000001421, 1.035533905932739307 ) ) ;
#10067 = DIRECTION ( 'NONE',  ( 0.07845909573033950368, 3.048748309985632253E-17, 0.9969173337329316764 ) ) ;
#10068 = CARTESIAN_POINT ( 'NONE',  ( 1.767766952966369320, 67.62500000273119838, 1.767766952966368654 ) ) ;
#10069 = ORIENTED_EDGE ( 'NONE', *, *, #6423, .T. ) ;
#10070 = ADVANCED_FACE ( 'NONE', ( #6827 ), #9502, .F. ) ;
#10071 = CARTESIAN_POINT ( 'NONE',  ( 2.487000723523302259, 104.4602955415613366, -22.50000000000001421 ) ) ;
#10072 = DIRECTION ( 'NONE',  ( -8.011868568650901149E-32, 1.000000000000000000, -8.773937619163357272E-17 ) ) ;
#10073 = CIRCLE ( 'NONE', #9423, 1.024434782608709016 ) ;
#10074 = CARTESIAN_POINT ( 'NONE',  ( 5.586714778762236360E-16, 67.81250000136560629, 3.041265875000000118 ) ) ;
#10075 = CARTESIAN_POINT ( 'NONE',  ( 6.500000000000007105, 80.00000000000001421, 4.078925178226051680E-15 ) ) ;
#10076 = EDGE_LOOP ( 'NONE', ( #5657, #494, #8590, #4102 ) ) ;
#10077 = ORIENTED_EDGE ( 'NONE', *, *, #6081, .F. ) ;
#10078 = CARTESIAN_POINT ( 'NONE',  ( -3.041265874999999230, 74.75000000136559208, 1.259733572207480057 ) ) ;
ENDSEC;
END-ISO-10303-21;
